{
    "sources": [
        {
            "type": "paletted_permutations",
            "textures": [
                "trims/entity/humanoid/coast",
                "trims/entity/humanoid_leggings/coast",
                "trims/entity/humanoid/sentry",
                "trims/entity/humanoid_leggings/sentry",
                "trims/entity/humanoid/dune",
                "trims/entity/humanoid_leggings/dune",
                "trims/entity/humanoid/wild",
                "trims/entity/humanoid_leggings/wild",
                "trims/entity/humanoid/ward",
                "trims/entity/humanoid_leggings/ward",
                "trims/entity/humanoid/eye",
                "trims/entity/humanoid_leggings/eye",
                "trims/entity/humanoid/vex",
                "trims/entity/humanoid_leggings/vex",
                "trims/entity/humanoid/tide",
                "trims/entity/humanoid_leggings/tide",
                "trims/entity/humanoid/snout",
                "trims/entity/humanoid_leggings/snout",
                "trims/entity/humanoid/rib",
                "trims/entity/humanoid_leggings/rib",
                "trims/entity/humanoid/spire",
                "trims/entity/humanoid_leggings/spire",
                "trims/entity/humanoid/wayfinder",
                "trims/entity/humanoid_leggings/wayfinder",
                "trims/entity/humanoid/shaper",
                "trims/entity/humanoid_leggings/shaper",
                "trims/entity/humanoid/silence",
                "trims/entity/humanoid_leggings/silence",
                "trims/entity/humanoid/raiser",
                "trims/entity/humanoid_leggings/raiser",
                "trims/entity/humanoid/host",
                "trims/entity/humanoid_leggings/host",
                "trims/entity/humanoid/flow",
                "trims/entity/humanoid_leggings/flow",
                "trims/entity/humanoid/bolt",
                "trims/entity/humanoid_leggings/bolt"
            ],
            "palette_key": "trims/color_palettes/trim_palette",
            "permutations": {
                "quartz": "trims/color_palettes/quartz",
                "iron": "trims/color_palettes/iron",
                "gold": "trims/color_palettes/gold",
                "diamond": "trims/color_palettes/diamond",
                "netherite": "trims/color_palettes/netherite",
                "redstone": "trims/color_palettes/redstone",
                "copper": "trims/color_palettes/copper",
                "emerald": "trims/color_palettes/emerald",
                "lapis": "trims/color_palettes/lapis",
                "amethyst": "trims/color_palettes/amethyst",
                "iron_darker": "trims/color_palettes/iron_darker",
                "gold_darker": "trims/color_palettes/gold_darker",
                "diamond_darker": "trims/color_palettes/diamond_darker",
                "netherite_darker": "trims/color_palettes/netherite_darker",
                "resin": "trims/color_palettes/resin",
                "glowstone_dust": "trims/color_palettes/glowstone_dust",
                "prismarine_shard": "trims/color_palettes/prismarine_shard",
                "white_dye": "trims/color_palettes/white_dye",
                "light_gray_dye": "trims/color_palettes/light_gray_dye",
                "gray_dye": "trims/color_palettes/gray_dye",
                "black_dye": "trims/color_palettes/black_dye",
                "brown_dye": "trims/color_palettes/brown_dye",
                "red_dye": "trims/color_palettes/red_dye",
                "orange_dye": "trims/color_palettes/orange_dye",
                "yellow_dye": "trims/color_palettes/yellow_dye",
                "lime_dye": "trims/color_palettes/lime_dye",
                "green_dye": "trims/color_palettes/green_dye",
                "cyan_dye": "trims/color_palettes/cyan_dye",
                "light_blue_dye": "trims/color_palettes/light_blue_dye",
                "blue_dye": "trims/color_palettes/blue_dye",
                "purple_dye": "trims/color_palettes/purple_dye",
                "magenta_dye": "trims/color_palettes/magenta_dye",
                "pink_dye": "trims/color_palettes/pink_dye"
            }
        }
    ]
}
