{
    "sources": [
        {
            "type": "directory",
            "source": "block",
            "prefix": "block/"
        },
        {
            "type": "directory",
            "source": "item",
            "prefix": "item/"
        },
        {
            "type": "directory",
            "source": "entity/conduit",
            "prefix": "entity/conduit/"
        },
        {
            "type": "single",
            "resource": "entity/bell/bell_body"
        },
        {
            "type": "single",
            "resource": "entity/decorated_pot/decorated_pot_side"
        },
        {
            "type": "single",
            "resource": "entity/enchanting_table_book"
        },
        {
            "type": "paletted_permutations",
            "textures": [
                "trims/items/leggings_trim",
                "trims/items/chestplate_trim",
                "trims/items/helmet_trim",
                "trims/items/boots_trim"
            ],
            "palette_key": "trims/color_palettes/trim_palette",
            "permutations": {
                "quartz": "trims/color_palettes/quartz",
                "iron": "trims/color_palettes/iron",
                "gold": "trims/color_palettes/gold",
                "diamond": "trims/color_palettes/diamond",
                "netherite": "trims/color_palettes/netherite",
                "redstone": "trims/color_palettes/redstone",
                "copper": "trims/color_palettes/copper",
                "emerald": "trims/color_palettes/emerald",
                "lapis": "trims/color_palettes/lapis",
                "amethyst": "trims/color_palettes/amethyst",
                "iron_darker": "trims/color_palettes/iron_darker",
                "gold_darker": "trims/color_palettes/gold_darker",
                "diamond_darker": "trims/color_palettes/diamond_darker",
                "netherite_darker": "trims/color_palettes/netherite_darker",
                "resin": "trims/color_palettes/resin",
                "glowstone_dust": "trims/color_palettes/glowstone_dust",
                "prismarine_shard": "trims/color_palettes/prismarine_shard",
                "white_dye": "trims/color_palettes/white_dye",
                "light_gray_dye": "trims/color_palettes/light_gray_dye",
                "gray_dye": "trims/color_palettes/gray_dye",
                "black_dye": "trims/color_palettes/black_dye",
                "brown_dye": "trims/color_palettes/brown_dye",
                "red_dye": "trims/color_palettes/red_dye",
                "orange_dye": "trims/color_palettes/orange_dye",
                "yellow_dye": "trims/color_palettes/yellow_dye",
                "lime_dye": "trims/color_palettes/lime_dye",
                "green_dye": "trims/color_palettes/green_dye",
                "cyan_dye": "trims/color_palettes/cyan_dye",
                "light_blue_dye": "trims/color_palettes/light_blue_dye",
                "blue_dye": "trims/color_palettes/blue_dye",
                "purple_dye": "trims/color_palettes/purple_dye",
                "magenta_dye": "trims/color_palettes/magenta_dye",
                "pink_dye": "trims/color_palettes/pink_dye"
            }
        }
    ]
}
