{
	"credit": "Made with Blockbench",
	"textures": {
		"0": "custom/50cal",
		"particle": "custom/50cal"
	},
	"elements": [
		{
			"name": "OIP__2_-removebg-preview_0",
			"from": [7.86667, 0, 0.86667],
			"to": [8.2, 1.69167, 24.46667],
			"faces": {
				"north": {"uv": [8.2, 0.52, 7.86667, 0.56], "texture": "#0"},
				"east": {"uv": [8.13333, 0.52, 8.2, 14.68], "rotation": 90, "texture": "#0"},
				"south": {"uv": [7.86667, 14.64, 8.2, 14.68], "texture": "#0"},
				"west": {"uv": [7.86667, 0.52, 7.93333, 14.68], "rotation": 270, "texture": "#0"},
				"up": {"uv": [7.86667, 0.52, 8.2, 14.68], "texture": "#0"},
				"down": {"uv": [7.86667, 14.68, 8.2, 0.52], "texture": "#0"}
			}
		},
		{
			"name": "OIP__2_-removebg-preview_1",
			"from": [7.8, 0, 0.93333],
			"to": [7.86667, 1.69167, 24.46667],
			"faces": {
				"north": {"uv": [7.86667, 0.56, 7.8, 0.6], "texture": "#0"},
				"east": {"uv": [7.8, 0.56, 7.86667, 14.68], "rotation": 90, "texture": "#0"},
				"south": {"uv": [7.8, 14.64, 7.86667, 14.68], "texture": "#0"},
				"west": {"uv": [7.8, 0.56, 7.86667, 14.68], "rotation": 270, "texture": "#0"},
				"up": {"uv": [7.8, 0.56, 7.86667, 14.68], "texture": "#0"},
				"down": {"uv": [7.8, 14.68, 7.86667, 0.56], "texture": "#0"}
			}
		},
		{
			"name": "OIP__2_-removebg-preview_2",
			"from": [8.2, 0, 0.93333],
			"to": [8.26667, 1.69167, 24.46667],
			"faces": {
				"north": {"uv": [8.26667, 0.56, 8.2, 0.6], "texture": "#0"},
				"east": {"uv": [8.2, 0.56, 8.26667, 14.68], "rotation": 90, "texture": "#0"},
				"south": {"uv": [8.2, 14.64, 8.26667, 14.68], "texture": "#0"},
				"west": {"uv": [8.2, 0.56, 8.26667, 14.68], "rotation": 270, "texture": "#0"},
				"up": {"uv": [8.2, 0.56, 8.26667, 14.68], "texture": "#0"},
				"down": {"uv": [8.2, 14.68, 8.26667, 0.56], "texture": "#0"}
			}
		},
		{
			"name": "OIP__2_-removebg-preview_3",
			"from": [8.26667, 0, 1],
			"to": [8.33333, 1.69167, 24.46667],
			"faces": {
				"north": {"uv": [8.33333, 0.6, 8.26667, 0.64], "texture": "#0"},
				"east": {"uv": [8.26667, 0.6, 8.33333, 14.68], "rotation": 90, "texture": "#0"},
				"south": {"uv": [8.26667, 14.64, 8.33333, 14.68], "texture": "#0"},
				"west": {"uv": [8.26667, 0.6, 8.33333, 14.68], "rotation": 270, "texture": "#0"},
				"up": {"uv": [8.26667, 0.6, 8.33333, 14.68], "texture": "#0"},
				"down": {"uv": [8.26667, 14.68, 8.33333, 0.6], "texture": "#0"}
			}
		},
		{
			"name": "OIP__2_-removebg-preview_4",
			"from": [8.33333, 0, 1.06667],
			"to": [8.4, 1.69167, 24.46667],
			"faces": {
				"north": {"uv": [8.4, 0.64, 8.33333, 0.68], "texture": "#0"},
				"east": {"uv": [8.33333, 0.64, 8.4, 14.68], "rotation": 90, "texture": "#0"},
				"south": {"uv": [8.33333, 14.64, 8.4, 14.68], "texture": "#0"},
				"west": {"uv": [8.33333, 0.64, 8.4, 14.68], "rotation": 270, "texture": "#0"},
				"up": {"uv": [8.33333, 0.64, 8.4, 14.68], "texture": "#0"},
				"down": {"uv": [8.33333, 14.68, 8.4, 0.64], "texture": "#0"}
			}
		},
		{
			"name": "OIP__2_-removebg-preview_5",
			"from": [7.73333, 0, 1.13333],
			"to": [7.8, 1.69167, 24.46667],
			"faces": {
				"north": {"uv": [7.8, 0.68, 7.73333, 0.72], "texture": "#0"},
				"east": {"uv": [7.73333, 0.68, 7.8, 14.68], "rotation": 90, "texture": "#0"},
				"south": {"uv": [7.73333, 14.64, 7.8, 14.68], "texture": "#0"},
				"west": {"uv": [7.73333, 0.68, 7.8, 14.68], "rotation": 270, "texture": "#0"},
				"up": {"uv": [7.73333, 0.68, 7.8, 14.68], "texture": "#0"},
				"down": {"uv": [7.73333, 14.68, 7.8, 0.68], "texture": "#0"}
			}
		},
		{
			"name": "OIP__2_-removebg-preview_6",
			"from": [8.4, 0, 1.2],
			"to": [8.46667, 1.69167, 24.46667],
			"faces": {
				"north": {"uv": [8.46667, 0.72, 8.4, 0.76], "texture": "#0"},
				"east": {"uv": [8.4, 0.72, 8.46667, 14.68], "rotation": 90, "texture": "#0"},
				"south": {"uv": [8.4, 14.64, 8.46667, 14.68], "texture": "#0"},
				"west": {"uv": [8.4, 0.72, 8.46667, 14.68], "rotation": 270, "texture": "#0"},
				"up": {"uv": [8.4, 0.72, 8.46667, 14.68], "texture": "#0"},
				"down": {"uv": [8.4, 14.68, 8.46667, 0.72], "texture": "#0"}
			}
		},
		{
			"name": "OIP__2_-removebg-preview_7",
			"from": [7.66667, 0, 1.26667],
			"to": [7.73333, 1.69167, 24.4],
			"faces": {
				"north": {"uv": [7.73333, 0.76, 7.66667, 0.8], "texture": "#0"},
				"east": {"uv": [7.66667, 0.76, 7.73333, 14.64], "rotation": 90, "texture": "#0"},
				"south": {"uv": [7.66667, 14.6, 7.73333, 14.64], "texture": "#0"},
				"west": {"uv": [7.66667, 0.76, 7.73333, 14.64], "rotation": 270, "texture": "#0"},
				"up": {"uv": [7.66667, 0.76, 7.73333, 14.64], "texture": "#0"},
				"down": {"uv": [7.66667, 14.64, 7.73333, 0.76], "texture": "#0"}
			}
		},
		{
			"name": "OIP__2_-removebg-preview_8",
			"from": [8.46667, 0, 1.4],
			"to": [8.53333, 1.69167, 24.46667],
			"faces": {
				"north": {"uv": [8.53333, 0.84, 8.46667, 0.88], "texture": "#0"},
				"east": {"uv": [8.46667, 0.84, 8.53333, 14.68], "rotation": 90, "texture": "#0"},
				"south": {"uv": [8.46667, 14.64, 8.53333, 14.68], "texture": "#0"},
				"west": {"uv": [8.46667, 0.84, 8.53333, 14.68], "rotation": 270, "texture": "#0"},
				"up": {"uv": [8.46667, 0.84, 8.53333, 14.68], "texture": "#0"},
				"down": {"uv": [8.46667, 14.68, 8.53333, 0.84], "texture": "#0"}
			}
		},
		{
			"name": "OIP__2_-removebg-preview_9",
			"from": [7.6, 0, 1.46667],
			"to": [7.66667, 1.69167, 24.46667],
			"faces": {
				"north": {"uv": [7.66667, 0.88, 7.6, 0.92], "texture": "#0"},
				"east": {"uv": [7.6, 0.88, 7.66667, 14.68], "rotation": 90, "texture": "#0"},
				"south": {"uv": [7.6, 14.64, 7.66667, 14.68], "texture": "#0"},
				"west": {"uv": [7.6, 0.88, 7.66667, 14.68], "rotation": 270, "texture": "#0"},
				"up": {"uv": [7.6, 0.88, 7.66667, 14.68], "texture": "#0"},
				"down": {"uv": [7.6, 14.68, 7.66667, 0.88], "texture": "#0"}
			}
		},
		{
			"name": "OIP__2_-removebg-preview_10",
			"from": [8.53333, 0, 1.6],
			"to": [8.6, 1.69167, 24.46667],
			"faces": {
				"north": {"uv": [8.6, 0.96, 8.53333, 1], "texture": "#0"},
				"east": {"uv": [8.53333, 0.96, 8.6, 14.68], "rotation": 90, "texture": "#0"},
				"south": {"uv": [8.53333, 14.64, 8.6, 14.68], "texture": "#0"},
				"west": {"uv": [8.53333, 0.96, 8.6, 14.68], "rotation": 270, "texture": "#0"},
				"up": {"uv": [8.53333, 0.96, 8.6, 14.68], "texture": "#0"},
				"down": {"uv": [8.53333, 14.68, 8.6, 0.96], "texture": "#0"}
			}
		},
		{
			"name": "OIP__2_-removebg-preview_11",
			"from": [7.53333, 0, 1.66667],
			"to": [7.6, 1.69167, 24.46667],
			"faces": {
				"north": {"uv": [7.6, 1, 7.53333, 1.04], "texture": "#0"},
				"east": {"uv": [7.53333, 1, 7.6, 14.68], "rotation": 90, "texture": "#0"},
				"south": {"uv": [7.53333, 14.64, 7.6, 14.68], "texture": "#0"},
				"west": {"uv": [7.53333, 1, 7.6, 14.68], "rotation": 270, "texture": "#0"},
				"up": {"uv": [7.53333, 1, 7.6, 14.68], "texture": "#0"},
				"down": {"uv": [7.53333, 14.68, 7.6, 1], "texture": "#0"}
			}
		},
		{
			"name": "OIP__2_-removebg-preview_12",
			"from": [7.46667, 0, 1.86667],
			"to": [7.53333, 1.69167, 24.4],
			"faces": {
				"north": {"uv": [7.53333, 1.12, 7.46667, 1.16], "texture": "#0"},
				"east": {"uv": [7.46667, 1.12, 7.53333, 14.64], "rotation": 90, "texture": "#0"},
				"south": {"uv": [7.46667, 14.6, 7.53333, 14.64], "texture": "#0"},
				"west": {"uv": [7.46667, 1.12, 7.53333, 14.64], "rotation": 270, "texture": "#0"},
				"up": {"uv": [7.46667, 1.12, 7.53333, 14.64], "texture": "#0"},
				"down": {"uv": [7.46667, 14.64, 7.53333, 1.12], "texture": "#0"}
			}
		},
		{
			"name": "OIP__2_-removebg-preview_13",
			"from": [8.6, 0, 1.86667],
			"to": [8.66667, 1.69167, 24.46667],
			"faces": {
				"north": {"uv": [8.66667, 1.12, 8.6, 1.16], "texture": "#0"},
				"east": {"uv": [8.6, 1.12, 8.66667, 14.68], "rotation": 90, "texture": "#0"},
				"south": {"uv": [8.6, 14.64, 8.66667, 14.68], "texture": "#0"},
				"west": {"uv": [8.6, 1.12, 8.66667, 14.68], "rotation": 270, "texture": "#0"},
				"up": {"uv": [8.6, 1.12, 8.66667, 14.68], "texture": "#0"},
				"down": {"uv": [8.6, 14.68, 8.66667, 1.12], "texture": "#0"}
			}
		},
		{
			"name": "OIP__2_-removebg-preview_14",
			"from": [7.4, 0, 2.06667],
			"to": [7.46667, 1.69167, 24.46667],
			"faces": {
				"north": {"uv": [7.46667, 1.24, 7.4, 1.28], "texture": "#0"},
				"east": {"uv": [7.4, 1.24, 7.46667, 14.68], "rotation": 90, "texture": "#0"},
				"south": {"uv": [7.4, 14.64, 7.46667, 14.68], "texture": "#0"},
				"west": {"uv": [7.4, 1.24, 7.46667, 14.68], "rotation": 270, "texture": "#0"},
				"up": {"uv": [7.4, 1.24, 7.46667, 14.68], "texture": "#0"},
				"down": {"uv": [7.4, 14.68, 7.46667, 1.24], "texture": "#0"}
			}
		},
		{
			"name": "OIP__2_-removebg-preview_15",
			"from": [8.66667, 0, 2.13333],
			"to": [8.73333, 1.69167, 24.46667],
			"faces": {
				"north": {"uv": [8.73333, 1.28, 8.66667, 1.32], "texture": "#0"},
				"east": {"uv": [8.66667, 1.28, 8.73333, 14.68], "rotation": 90, "texture": "#0"},
				"south": {"uv": [8.66667, 14.64, 8.73333, 14.68], "texture": "#0"},
				"west": {"uv": [8.66667, 1.28, 8.73333, 14.68], "rotation": 270, "texture": "#0"},
				"up": {"uv": [8.66667, 1.28, 8.73333, 14.68], "texture": "#0"},
				"down": {"uv": [8.66667, 14.68, 8.73333, 1.28], "texture": "#0"}
			}
		},
		{
			"name": "OIP__2_-removebg-preview_16",
			"from": [7.33333, 0, 2.4],
			"to": [7.4, 1.69167, 24.46667],
			"faces": {
				"north": {"uv": [7.4, 1.44, 7.33333, 1.48], "texture": "#0"},
				"east": {"uv": [7.33333, 1.44, 7.4, 14.68], "rotation": 90, "texture": "#0"},
				"south": {"uv": [7.33333, 14.64, 7.4, 14.68], "texture": "#0"},
				"west": {"uv": [7.33333, 1.44, 7.4, 14.68], "rotation": 270, "texture": "#0"},
				"up": {"uv": [7.33333, 1.44, 7.4, 14.68], "texture": "#0"},
				"down": {"uv": [7.33333, 14.68, 7.4, 1.44], "texture": "#0"}
			}
		},
		{
			"name": "OIP__2_-removebg-preview_17",
			"from": [8.73333, 0, 2.46667],
			"to": [8.8, 1.69167, 24.46667],
			"faces": {
				"north": {"uv": [8.8, 1.48, 8.73333, 1.52], "texture": "#0"},
				"east": {"uv": [8.73333, 1.48, 8.8, 14.68], "rotation": 90, "texture": "#0"},
				"south": {"uv": [8.73333, 14.64, 8.8, 14.68], "texture": "#0"},
				"west": {"uv": [8.73333, 1.48, 8.8, 14.68], "rotation": 270, "texture": "#0"},
				"up": {"uv": [8.73333, 1.48, 8.8, 14.68], "texture": "#0"},
				"down": {"uv": [8.73333, 14.68, 8.8, 1.48], "texture": "#0"}
			}
		},
		{
			"name": "OIP__2_-removebg-preview_18",
			"from": [7.26667, 0, 2.6],
			"to": [7.33333, 1.69167, 24.4],
			"faces": {
				"north": {"uv": [7.33333, 1.56, 7.26667, 1.6], "texture": "#0"},
				"east": {"uv": [7.26667, 1.56, 7.33333, 14.64], "rotation": 90, "texture": "#0"},
				"south": {"uv": [7.26667, 14.6, 7.33333, 14.64], "texture": "#0"},
				"west": {"uv": [7.26667, 1.56, 7.33333, 14.64], "rotation": 270, "texture": "#0"},
				"up": {"uv": [7.26667, 1.56, 7.33333, 14.64], "texture": "#0"},
				"down": {"uv": [7.26667, 14.64, 7.33333, 1.56], "texture": "#0"}
			}
		},
		{
			"name": "OIP__2_-removebg-preview_19",
			"from": [8.8, 0, 2.8],
			"to": [8.86667, 1.69167, 24.46667],
			"faces": {
				"north": {"uv": [8.86667, 1.68, 8.8, 1.72], "texture": "#0"},
				"east": {"uv": [8.8, 1.68, 8.86667, 14.68], "rotation": 90, "texture": "#0"},
				"south": {"uv": [8.8, 14.64, 8.86667, 14.68], "texture": "#0"},
				"west": {"uv": [8.8, 1.68, 8.86667, 14.68], "rotation": 270, "texture": "#0"},
				"up": {"uv": [8.8, 1.68, 8.86667, 14.68], "texture": "#0"},
				"down": {"uv": [8.8, 14.68, 8.86667, 1.68], "texture": "#0"}
			}
		},
		{
			"name": "OIP__2_-removebg-preview_20",
			"from": [7.2, 0, 2.93333],
			"to": [7.26667, 1.69167, 24.4],
			"faces": {
				"north": {"uv": [7.26667, 1.76, 7.2, 1.8], "texture": "#0"},
				"east": {"uv": [7.2, 1.76, 7.26667, 14.64], "rotation": 90, "texture": "#0"},
				"south": {"uv": [7.2, 14.6, 7.26667, 14.64], "texture": "#0"},
				"west": {"uv": [7.2, 1.76, 7.26667, 14.64], "rotation": 270, "texture": "#0"},
				"up": {"uv": [7.2, 1.76, 7.26667, 14.64], "texture": "#0"},
				"down": {"uv": [7.2, 14.64, 7.26667, 1.76], "texture": "#0"}
			}
		},
		{
			"name": "OIP__2_-removebg-preview_21",
			"from": [8.86667, 0, 3.26667],
			"to": [8.93333, 1.69167, 24.46667],
			"faces": {
				"north": {"uv": [8.93333, 1.96, 8.86667, 2], "texture": "#0"},
				"east": {"uv": [8.86667, 1.96, 8.93333, 14.68], "rotation": 90, "texture": "#0"},
				"south": {"uv": [8.86667, 14.64, 8.93333, 14.68], "texture": "#0"},
				"west": {"uv": [8.86667, 1.96, 8.93333, 14.68], "rotation": 270, "texture": "#0"},
				"up": {"uv": [8.86667, 1.96, 8.93333, 14.68], "texture": "#0"},
				"down": {"uv": [8.86667, 14.68, 8.93333, 1.96], "texture": "#0"}
			}
		},
		{
			"name": "OIP__2_-removebg-preview_22",
			"from": [7.13333, 0, 3.46667],
			"to": [7.2, 1.69167, 24.4],
			"faces": {
				"north": {"uv": [7.2, 2.08, 7.13333, 2.12], "texture": "#0"},
				"east": {"uv": [7.13333, 2.08, 7.2, 14.64], "rotation": 90, "texture": "#0"},
				"south": {"uv": [7.13333, 14.6, 7.2, 14.64], "texture": "#0"},
				"west": {"uv": [7.13333, 2.08, 7.2, 14.64], "rotation": 270, "texture": "#0"},
				"up": {"uv": [7.13333, 2.08, 7.2, 14.64], "texture": "#0"},
				"down": {"uv": [7.13333, 14.64, 7.2, 2.08], "texture": "#0"}
			}
		},
		{
			"name": "OIP__2_-removebg-preview_23",
			"from": [8.93333, 0, 3.73333],
			"to": [9, 1.69167, 24.4],
			"faces": {
				"north": {"uv": [9, 2.24, 8.93333, 2.28], "texture": "#0"},
				"east": {"uv": [8.93333, 2.24, 9, 14.64], "rotation": 90, "texture": "#0"},
				"south": {"uv": [8.93333, 14.6, 9, 14.64], "texture": "#0"},
				"west": {"uv": [8.93333, 2.24, 9, 14.64], "rotation": 270, "texture": "#0"},
				"up": {"uv": [8.93333, 2.24, 9, 14.64], "texture": "#0"},
				"down": {"uv": [8.93333, 14.64, 9, 2.24], "texture": "#0"}
			}
		},
		{
			"name": "OIP__2_-removebg-preview_24",
			"from": [7.06667, 0, 4.06667],
			"to": [7.13333, 1.69167, 24.4],
			"faces": {
				"north": {"uv": [7.13333, 2.44, 7.06667, 2.48], "texture": "#0"},
				"east": {"uv": [7.06667, 2.44, 7.13333, 14.64], "rotation": 90, "texture": "#0"},
				"south": {"uv": [7.06667, 14.6, 7.13333, 14.64], "texture": "#0"},
				"west": {"uv": [7.06667, 2.44, 7.13333, 14.64], "rotation": 270, "texture": "#0"},
				"up": {"uv": [7.06667, 2.44, 7.13333, 14.64], "texture": "#0"},
				"down": {"uv": [7.06667, 14.64, 7.13333, 2.44], "texture": "#0"}
			}
		},
		{
			"name": "OIP__2_-removebg-preview_25",
			"from": [9, 0, 4.46667],
			"to": [9.06667, 1.69167, 24.4],
			"faces": {
				"north": {"uv": [9.06667, 2.68, 9, 2.72], "texture": "#0"},
				"east": {"uv": [9, 2.68, 9.06667, 14.64], "rotation": 90, "texture": "#0"},
				"south": {"uv": [9, 14.6, 9.06667, 14.64], "texture": "#0"},
				"west": {"uv": [9, 2.68, 9.06667, 14.64], "rotation": 270, "texture": "#0"},
				"up": {"uv": [9, 2.68, 9.06667, 14.64], "texture": "#0"},
				"down": {"uv": [9, 14.64, 9.06667, 2.68], "texture": "#0"}
			}
		},
		{
			"name": "OIP__2_-removebg-preview_26",
			"from": [7, 0, 4.8],
			"to": [7.06667, 1.69167, 24.4],
			"faces": {
				"north": {"uv": [7.06667, 2.88, 7, 2.92], "texture": "#0"},
				"east": {"uv": [7, 2.88, 7.06667, 14.64], "rotation": 90, "texture": "#0"},
				"south": {"uv": [7, 14.6, 7.06667, 14.64], "texture": "#0"},
				"west": {"uv": [7, 2.88, 7.06667, 14.64], "rotation": 270, "texture": "#0"},
				"up": {"uv": [7, 2.88, 7.06667, 14.64], "texture": "#0"},
				"down": {"uv": [7, 14.64, 7.06667, 2.88], "texture": "#0"}
			}
		},
		{
			"name": "OIP__2_-removebg-preview_27",
			"from": [9.06667, 0, 5.53333],
			"to": [9.13333, 1.69167, 24.4],
			"faces": {
				"north": {"uv": [9.13333, 3.32, 9.06667, 3.36], "texture": "#0"},
				"east": {"uv": [9.06667, 3.32, 9.13333, 14.64], "rotation": 90, "texture": "#0"},
				"south": {"uv": [9.06667, 14.6, 9.13333, 14.64], "texture": "#0"},
				"west": {"uv": [9.06667, 3.32, 9.13333, 14.64], "rotation": 270, "texture": "#0"},
				"up": {"uv": [9.06667, 3.32, 9.13333, 14.64], "texture": "#0"},
				"down": {"uv": [9.06667, 14.64, 9.13333, 3.32], "texture": "#0"}
			}
		},
		{
			"name": "OIP__2_-removebg-preview_28",
			"from": [6.93333, 0, 5.66667],
			"to": [7, 1.69167, 24.4],
			"faces": {
				"north": {"uv": [7, 3.4, 6.93333, 3.44], "texture": "#0"},
				"east": {"uv": [6.93333, 3.4, 7, 14.64], "rotation": 90, "texture": "#0"},
				"south": {"uv": [6.93333, 14.6, 7, 14.64], "texture": "#0"},
				"west": {"uv": [6.93333, 3.4, 7, 14.64], "rotation": 270, "texture": "#0"},
				"up": {"uv": [6.93333, 3.4, 7, 14.64], "texture": "#0"},
				"down": {"uv": [6.93333, 14.64, 7, 3.4], "texture": "#0"}
			}
		},
		{
			"name": "OIP__2_-removebg-preview_29",
			"from": [9.13333, 0, 5.8],
			"to": [9.2, 1.69167, 24.4],
			"faces": {
				"north": {"uv": [9.2, 3.48, 9.13333, 3.52], "texture": "#0"},
				"east": {"uv": [9.13333, 3.48, 9.2, 14.64], "rotation": 90, "texture": "#0"},
				"south": {"uv": [9.13333, 14.6, 9.2, 14.64], "texture": "#0"},
				"west": {"uv": [9.13333, 3.48, 9.2, 14.64], "rotation": 270, "texture": "#0"},
				"up": {"uv": [9.13333, 3.48, 9.2, 14.64], "texture": "#0"},
				"down": {"uv": [9.13333, 14.64, 9.2, 3.48], "texture": "#0"}
			}
		},
		{
			"name": "OIP__2_-removebg-preview_30",
			"from": [6.86667, 0, 5.86667],
			"to": [6.93333, 1.69167, 24.4],
			"faces": {
				"north": {"uv": [6.93333, 3.52, 6.86667, 3.56], "texture": "#0"},
				"east": {"uv": [6.86667, 3.52, 6.93333, 14.64], "rotation": 90, "texture": "#0"},
				"south": {"uv": [6.86667, 14.6, 6.93333, 14.64], "texture": "#0"},
				"west": {"uv": [6.86667, 3.52, 6.93333, 14.64], "rotation": 270, "texture": "#0"},
				"up": {"uv": [6.86667, 3.52, 6.93333, 14.64], "texture": "#0"},
				"down": {"uv": [6.86667, 14.64, 6.93333, 3.52], "texture": "#0"}
			}
		},
		{
			"name": "OIP__2_-removebg-preview_31",
			"from": [6.8, 0, 6],
			"to": [6.86667, 1.69167, 6.46667],
			"faces": {
				"north": {"uv": [6.86667, 3.6, 6.8, 3.64], "texture": "#0"},
				"east": {"uv": [6.8, 3.6, 6.86667, 3.88], "rotation": 90, "texture": "#0"},
				"south": {"uv": [6.8, 3.84, 6.86667, 3.88], "texture": "#0"},
				"west": {"uv": [6.8, 3.6, 6.86667, 3.88], "rotation": 270, "texture": "#0"},
				"up": {"uv": [6.8, 3.6, 6.86667, 3.88], "texture": "#0"},
				"down": {"uv": [6.8, 3.88, 6.86667, 3.6], "texture": "#0"}
			}
		},
		{
			"name": "OIP__2_-removebg-preview_32",
			"from": [6.8, 0, 7.8],
			"to": [6.86667, 1.69167, 24.4],
			"faces": {
				"north": {"uv": [6.86667, 4.68, 6.8, 4.72], "texture": "#0"},
				"east": {"uv": [6.8, 4.68, 6.86667, 14.64], "rotation": 90, "texture": "#0"},
				"south": {"uv": [6.8, 14.6, 6.86667, 14.64], "texture": "#0"},
				"west": {"uv": [6.8, 4.68, 6.86667, 14.64], "rotation": 270, "texture": "#0"},
				"up": {"uv": [6.8, 4.68, 6.86667, 14.64], "texture": "#0"},
				"down": {"uv": [6.8, 14.64, 6.86667, 4.68], "texture": "#0"}
			}
		},
		{
			"name": "OIP__2_-removebg-preview_33",
			"from": [9.2, 0, 7.86667],
			"to": [9.26667, 1.69167, 24.4],
			"faces": {
				"north": {"uv": [9.26667, 4.72, 9.2, 4.76], "texture": "#0"},
				"east": {"uv": [9.2, 4.72, 9.26667, 14.64], "rotation": 90, "texture": "#0"},
				"south": {"uv": [9.2, 14.6, 9.26667, 14.64], "texture": "#0"},
				"west": {"uv": [9.2, 4.72, 9.26667, 14.64], "rotation": 270, "texture": "#0"},
				"up": {"uv": [9.2, 4.72, 9.26667, 14.64], "texture": "#0"},
				"down": {"uv": [9.2, 14.64, 9.26667, 4.72], "texture": "#0"}
			}
		},
		{
			"name": "OIP__2_-removebg-preview_34",
			"from": [6.73333, 0, 8.06667],
			"to": [6.8, 1.69167, 24.33333],
			"faces": {
				"north": {"uv": [6.8, 4.84, 6.73333, 4.88], "texture": "#0"},
				"east": {"uv": [6.73333, 4.84, 6.8, 14.6], "rotation": 90, "texture": "#0"},
				"south": {"uv": [6.73333, 14.56, 6.8, 14.6], "texture": "#0"},
				"west": {"uv": [6.73333, 4.84, 6.8, 14.6], "rotation": 270, "texture": "#0"},
				"up": {"uv": [6.73333, 4.84, 6.8, 14.6], "texture": "#0"},
				"down": {"uv": [6.73333, 14.6, 6.8, 4.84], "texture": "#0"}
			}
		},
		{
			"name": "OIP__2_-removebg-preview_35",
			"from": [9.26667, 0, 8.06667],
			"to": [9.33333, 1.69167, 24.4],
			"faces": {
				"north": {"uv": [9.33333, 4.84, 9.26667, 4.88], "texture": "#0"},
				"east": {"uv": [9.26667, 4.84, 9.33333, 14.64], "rotation": 90, "texture": "#0"},
				"south": {"uv": [9.26667, 14.6, 9.33333, 14.64], "texture": "#0"},
				"west": {"uv": [9.26667, 4.84, 9.33333, 14.64], "rotation": 270, "texture": "#0"},
				"up": {"uv": [9.26667, 4.84, 9.33333, 14.64], "texture": "#0"},
				"down": {"uv": [9.26667, 14.64, 9.33333, 4.84], "texture": "#0"}
			}
		},
		{
			"name": "OIP__2_-removebg-preview_36",
			"from": [6.66667, 0, 8.26667],
			"to": [6.73333, 1.69167, 24.33333],
			"faces": {
				"north": {"uv": [6.73333, 4.96, 6.66667, 5], "texture": "#0"},
				"east": {"uv": [6.66667, 4.96, 6.73333, 14.6], "rotation": 90, "texture": "#0"},
				"south": {"uv": [6.66667, 14.56, 6.73333, 14.6], "texture": "#0"},
				"west": {"uv": [6.66667, 4.96, 6.73333, 14.6], "rotation": 270, "texture": "#0"},
				"up": {"uv": [6.66667, 4.96, 6.73333, 14.6], "texture": "#0"},
				"down": {"uv": [6.66667, 14.6, 6.73333, 4.96], "texture": "#0"}
			}
		},
		{
			"name": "OIP__2_-removebg-preview_37",
			"from": [9.33333, 0, 8.33333],
			"to": [9.4, 1.69167, 24.4],
			"faces": {
				"north": {"uv": [9.4, 5, 9.33333, 5.04], "texture": "#0"},
				"east": {"uv": [9.33333, 5, 9.4, 14.64], "rotation": 90, "texture": "#0"},
				"south": {"uv": [9.33333, 14.6, 9.4, 14.64], "texture": "#0"},
				"west": {"uv": [9.33333, 5, 9.4, 14.64], "rotation": 270, "texture": "#0"},
				"up": {"uv": [9.33333, 5, 9.4, 14.64], "texture": "#0"},
				"down": {"uv": [9.33333, 14.64, 9.4, 5], "texture": "#0"}
			}
		},
		{
			"name": "OIP__2_-removebg-preview_38",
			"from": [6.6, 0, 8.46667],
			"to": [6.66667, 1.69167, 24.33333],
			"faces": {
				"north": {"uv": [6.66667, 5.08, 6.6, 5.12], "texture": "#0"},
				"east": {"uv": [6.6, 5.08, 6.66667, 14.6], "rotation": 90, "texture": "#0"},
				"south": {"uv": [6.6, 14.56, 6.66667, 14.6], "texture": "#0"},
				"west": {"uv": [6.6, 5.08, 6.66667, 14.6], "rotation": 270, "texture": "#0"},
				"up": {"uv": [6.6, 5.08, 6.66667, 14.6], "texture": "#0"},
				"down": {"uv": [6.6, 14.6, 6.66667, 5.08], "texture": "#0"}
			}
		},
		{
			"name": "OIP__2_-removebg-preview_39",
			"from": [9.4, 0, 8.53333],
			"to": [9.46667, 1.69167, 24.33333],
			"faces": {
				"north": {"uv": [9.46667, 5.12, 9.4, 5.16], "texture": "#0"},
				"east": {"uv": [9.4, 5.12, 9.46667, 14.6], "rotation": 90, "texture": "#0"},
				"south": {"uv": [9.4, 14.56, 9.46667, 14.6], "texture": "#0"},
				"west": {"uv": [9.4, 5.12, 9.46667, 14.6], "rotation": 270, "texture": "#0"},
				"up": {"uv": [9.4, 5.12, 9.46667, 14.6], "texture": "#0"},
				"down": {"uv": [9.4, 14.6, 9.46667, 5.12], "texture": "#0"}
			}
		},
		{
			"name": "OIP__2_-removebg-preview_40",
			"from": [6.53333, 0, 8.6],
			"to": [6.6, 1.69167, 24.33333],
			"faces": {
				"north": {"uv": [6.6, 5.16, 6.53333, 5.2], "texture": "#0"},
				"east": {"uv": [6.53333, 5.16, 6.6, 14.6], "rotation": 90, "texture": "#0"},
				"south": {"uv": [6.53333, 14.56, 6.6, 14.6], "texture": "#0"},
				"west": {"uv": [6.53333, 5.16, 6.6, 14.6], "rotation": 270, "texture": "#0"},
				"up": {"uv": [6.53333, 5.16, 6.6, 14.6], "texture": "#0"},
				"down": {"uv": [6.53333, 14.6, 6.6, 5.16], "texture": "#0"}
			}
		},
		{
			"name": "OIP__2_-removebg-preview_41",
			"from": [9.46667, 0, 8.66667],
			"to": [9.53333, 1.69167, 24.33333],
			"faces": {
				"north": {"uv": [9.53333, 5.2, 9.46667, 5.24], "texture": "#0"},
				"east": {"uv": [9.46667, 5.2, 9.53333, 14.6], "rotation": 90, "texture": "#0"},
				"south": {"uv": [9.46667, 14.56, 9.53333, 14.6], "texture": "#0"},
				"west": {"uv": [9.46667, 5.2, 9.53333, 14.6], "rotation": 270, "texture": "#0"},
				"up": {"uv": [9.46667, 5.2, 9.53333, 14.6], "texture": "#0"},
				"down": {"uv": [9.46667, 14.6, 9.53333, 5.2], "texture": "#0"}
			}
		},
		{
			"name": "OIP__2_-removebg-preview_42",
			"from": [6.46667, 0, 8.8],
			"to": [6.53333, 1.69167, 24.26667],
			"faces": {
				"north": {"uv": [6.53333, 5.28, 6.46667, 5.32], "texture": "#0"},
				"east": {"uv": [6.46667, 5.28, 6.53333, 14.56], "rotation": 90, "texture": "#0"},
				"south": {"uv": [6.46667, 14.52, 6.53333, 14.56], "texture": "#0"},
				"west": {"uv": [6.46667, 5.28, 6.53333, 14.56], "rotation": 270, "texture": "#0"},
				"up": {"uv": [6.46667, 5.28, 6.53333, 14.56], "texture": "#0"},
				"down": {"uv": [6.46667, 14.56, 6.53333, 5.28], "texture": "#0"}
			}
		},
		{
			"name": "OIP__2_-removebg-preview_43",
			"from": [9.53333, 0, 8.86667],
			"to": [9.6, 1.69167, 23.66667],
			"faces": {
				"north": {"uv": [9.6, 5.32, 9.53333, 5.36], "texture": "#0"},
				"east": {"uv": [9.53333, 5.32, 9.6, 14.2], "rotation": 90, "texture": "#0"},
				"south": {"uv": [9.53333, 14.16, 9.6, 14.2], "texture": "#0"},
				"west": {"uv": [9.53333, 5.32, 9.6, 14.2], "rotation": 270, "texture": "#0"},
				"up": {"uv": [9.53333, 5.32, 9.6, 14.2], "texture": "#0"},
				"down": {"uv": [9.53333, 14.2, 9.6, 5.32], "texture": "#0"}
			}
		},
		{
			"name": "OIP__2_-removebg-preview_44",
			"from": [6.4, 0, 8.93333],
			"to": [6.46667, 1.69167, 24.26667],
			"faces": {
				"north": {"uv": [6.46667, 5.36, 6.4, 5.4], "texture": "#0"},
				"east": {"uv": [6.4, 5.36, 6.46667, 14.56], "rotation": 90, "texture": "#0"},
				"south": {"uv": [6.4, 14.52, 6.46667, 14.56], "texture": "#0"},
				"west": {"uv": [6.4, 5.36, 6.46667, 14.56], "rotation": 270, "texture": "#0"},
				"up": {"uv": [6.4, 5.36, 6.46667, 14.56], "texture": "#0"},
				"down": {"uv": [6.4, 14.56, 6.46667, 5.36], "texture": "#0"}
			}
		},
		{
			"name": "OIP__2_-removebg-preview_45",
			"from": [9.6, 0, 9],
			"to": [9.66667, 1.69167, 23.53333],
			"faces": {
				"north": {"uv": [9.66667, 5.4, 9.6, 5.44], "texture": "#0"},
				"east": {"uv": [9.6, 5.4, 9.66667, 14.12], "rotation": 90, "texture": "#0"},
				"south": {"uv": [9.6, 14.08, 9.66667, 14.12], "texture": "#0"},
				"west": {"uv": [9.6, 5.4, 9.66667, 14.12], "rotation": 270, "texture": "#0"},
				"up": {"uv": [9.6, 5.4, 9.66667, 14.12], "texture": "#0"},
				"down": {"uv": [9.6, 14.12, 9.66667, 5.4], "texture": "#0"}
			}
		},
		{
			"name": "OIP__2_-removebg-preview_46",
			"from": [6.33333, 0, 9.06667],
			"to": [6.4, 1.69167, 24.26667],
			"faces": {
				"north": {"uv": [6.4, 5.44, 6.33333, 5.48], "texture": "#0"},
				"east": {"uv": [6.33333, 5.44, 6.4, 14.56], "rotation": 90, "texture": "#0"},
				"south": {"uv": [6.33333, 14.52, 6.4, 14.56], "texture": "#0"},
				"west": {"uv": [6.33333, 5.44, 6.4, 14.56], "rotation": 270, "texture": "#0"},
				"up": {"uv": [6.33333, 5.44, 6.4, 14.56], "texture": "#0"},
				"down": {"uv": [6.33333, 14.56, 6.4, 5.44], "texture": "#0"}
			}
		},
		{
			"name": "OIP__2_-removebg-preview_47",
			"from": [6.26667, 0, 9.33333],
			"to": [6.33333, 1.69167, 24.26667],
			"faces": {
				"north": {"uv": [6.33333, 5.6, 6.26667, 5.64], "texture": "#0"},
				"east": {"uv": [6.26667, 5.6, 6.33333, 14.56], "rotation": 90, "texture": "#0"},
				"south": {"uv": [6.26667, 14.52, 6.33333, 14.56], "texture": "#0"},
				"west": {"uv": [6.26667, 5.6, 6.33333, 14.56], "rotation": 270, "texture": "#0"},
				"up": {"uv": [6.26667, 5.6, 6.33333, 14.56], "texture": "#0"},
				"down": {"uv": [6.26667, 14.56, 6.33333, 5.6], "texture": "#0"}
			}
		},
		{
			"name": "OIP__2_-removebg-preview_48",
			"from": [9.66667, 0, 9.33333],
			"to": [9.73333, 1.69167, 23.4],
			"faces": {
				"north": {"uv": [9.73333, 5.6, 9.66667, 5.64], "texture": "#0"},
				"east": {"uv": [9.66667, 5.6, 9.73333, 14.04], "rotation": 90, "texture": "#0"},
				"south": {"uv": [9.66667, 14, 9.73333, 14.04], "texture": "#0"},
				"west": {"uv": [9.66667, 5.6, 9.73333, 14.04], "rotation": 270, "texture": "#0"},
				"up": {"uv": [9.66667, 5.6, 9.73333, 14.04], "texture": "#0"},
				"down": {"uv": [9.66667, 14.04, 9.73333, 5.6], "texture": "#0"}
			}
		},
		{
			"name": "OIP__2_-removebg-preview_49",
			"from": [6.2, 0, 12.86667],
			"to": [6.26667, 1.69167, 23.6],
			"faces": {
				"north": {"uv": [6.26667, 7.72, 6.2, 7.76], "texture": "#0"},
				"east": {"uv": [6.2, 7.72, 6.26667, 14.16], "rotation": 90, "texture": "#0"},
				"south": {"uv": [6.2, 14.12, 6.26667, 14.16], "texture": "#0"},
				"west": {"uv": [6.2, 7.72, 6.26667, 14.16], "rotation": 270, "texture": "#0"},
				"up": {"uv": [6.2, 7.72, 6.26667, 14.16], "texture": "#0"},
				"down": {"uv": [6.2, 14.16, 6.26667, 7.72], "texture": "#0"}
			}
		},
		{
			"name": "OIP__2_-removebg-preview_50",
			"from": [6.13333, 0, 16.4],
			"to": [6.2, 1.69167, 23.46667],
			"faces": {
				"north": {"uv": [6.2, 9.84, 6.13333, 9.88], "texture": "#0"},
				"east": {"uv": [6.13333, 9.84, 6.2, 14.08], "rotation": 90, "texture": "#0"},
				"south": {"uv": [6.13333, 14.04, 6.2, 14.08], "texture": "#0"},
				"west": {"uv": [6.13333, 9.84, 6.2, 14.08], "rotation": 270, "texture": "#0"},
				"up": {"uv": [6.13333, 9.84, 6.2, 14.08], "texture": "#0"},
				"down": {"uv": [6.13333, 14.08, 6.2, 9.84], "texture": "#0"}
			}
		},
		{
			"name": "OIP__2_-removebg-preview_51",
			"from": [6.06667, 0, 20.2],
			"to": [6.13333, 1.69167, 23.4],
			"faces": {
				"north": {"uv": [6.13333, 12.12, 6.06667, 12.16], "texture": "#0"},
				"east": {"uv": [6.06667, 12.12, 6.13333, 14.04], "rotation": 90, "texture": "#0"},
				"south": {"uv": [6.06667, 14, 6.13333, 14.04], "texture": "#0"},
				"west": {"uv": [6.06667, 12.12, 6.13333, 14.04], "rotation": 270, "texture": "#0"},
				"up": {"uv": [6.06667, 12.12, 6.13333, 14.04], "texture": "#0"},
				"down": {"uv": [6.06667, 14.04, 6.13333, 12.12], "texture": "#0"}
			}
		},
		{
			"name": "OIP__2_-removebg-preview_52",
			"from": [9.53333, 0, 23.73333],
			"to": [9.6, 1.69167, 24.33333],
			"faces": {
				"north": {"uv": [9.6, 14.24, 9.53333, 14.28], "texture": "#0"},
				"east": {"uv": [9.53333, 14.24, 9.6, 14.6], "rotation": 90, "texture": "#0"},
				"south": {"uv": [9.53333, 14.56, 9.6, 14.6], "texture": "#0"},
				"west": {"uv": [9.53333, 14.24, 9.6, 14.6], "rotation": 270, "texture": "#0"},
				"up": {"uv": [9.53333, 14.24, 9.6, 14.6], "texture": "#0"},
				"down": {"uv": [9.53333, 14.6, 9.6, 14.24], "texture": "#0"}
			}
		},
		{
			"name": "OIP__2_-removebg-preview_53",
			"from": [6.2, 0, 23.86667],
			"to": [6.26667, 1.69167, 24.2],
			"faces": {
				"north": {"uv": [6.26667, 14.32, 6.2, 14.36], "texture": "#0"},
				"east": {"uv": [6.2, 14.32, 6.26667, 14.52], "rotation": 90, "texture": "#0"},
				"south": {"uv": [6.2, 14.48, 6.26667, 14.52], "texture": "#0"},
				"west": {"uv": [6.2, 14.32, 6.26667, 14.52], "rotation": 270, "texture": "#0"},
				"up": {"uv": [6.2, 14.32, 6.26667, 14.52], "texture": "#0"},
				"down": {"uv": [6.2, 14.52, 6.26667, 14.32], "texture": "#0"}
			}
		},
		{
			"name": "OIP__2_-removebg-preview_54",
			"from": [9.6, 0, 23.86667],
			"to": [9.66667, 1.69167, 24.26667],
			"faces": {
				"north": {"uv": [9.66667, 14.32, 9.6, 14.36], "texture": "#0"},
				"east": {"uv": [9.6, 14.32, 9.66667, 14.56], "rotation": 90, "texture": "#0"},
				"south": {"uv": [9.6, 14.52, 9.66667, 14.56], "texture": "#0"},
				"west": {"uv": [9.6, 14.32, 9.66667, 14.56], "rotation": 270, "texture": "#0"},
				"up": {"uv": [9.6, 14.32, 9.66667, 14.56], "texture": "#0"},
				"down": {"uv": [9.6, 14.56, 9.66667, 14.32], "texture": "#0"}
			}
		},
		{
			"name": "OIP__2_-removebg-preview_55",
			"from": [6.13333, 0, 23.93333],
			"to": [6.2, 1.69167, 24.2],
			"faces": {
				"north": {"uv": [6.2, 14.36, 6.13333, 14.4], "texture": "#0"},
				"east": {"uv": [6.13333, 14.36, 6.2, 14.52], "rotation": 90, "texture": "#0"},
				"south": {"uv": [6.13333, 14.48, 6.2, 14.52], "texture": "#0"},
				"west": {"uv": [6.13333, 14.36, 6.2, 14.52], "rotation": 270, "texture": "#0"},
				"up": {"uv": [6.13333, 14.36, 6.2, 14.52], "texture": "#0"},
				"down": {"uv": [6.13333, 14.52, 6.2, 14.36], "texture": "#0"}
			}
		},
		{
			"name": "OIP__2_-removebg-preview_56",
			"from": [9.66667, 0, 23.93333],
			"to": [9.73333, 1.69167, 24.26667],
			"faces": {
				"north": {"uv": [9.73333, 14.36, 9.66667, 14.4], "texture": "#0"},
				"east": {"uv": [9.66667, 14.36, 9.73333, 14.56], "rotation": 90, "texture": "#0"},
				"south": {"uv": [9.66667, 14.52, 9.73333, 14.56], "texture": "#0"},
				"west": {"uv": [9.66667, 14.36, 9.73333, 14.56], "rotation": 270, "texture": "#0"},
				"up": {"uv": [9.66667, 14.36, 9.73333, 14.56], "texture": "#0"},
				"down": {"uv": [9.66667, 14.56, 9.73333, 14.36], "texture": "#0"}
			}
		},
		{
			"name": "OIP__2_-removebg-preview_57",
			"from": [6.06667, 0, 24],
			"to": [6.13333, 1.69167, 24.2],
			"faces": {
				"north": {"uv": [6.13333, 14.4, 6.06667, 14.44], "texture": "#0"},
				"east": {"uv": [6.06667, 14.4, 6.13333, 14.52], "rotation": 90, "texture": "#0"},
				"south": {"uv": [6.06667, 14.48, 6.13333, 14.52], "texture": "#0"},
				"west": {"uv": [6.06667, 14.4, 6.13333, 14.52], "rotation": 270, "texture": "#0"},
				"up": {"uv": [6.06667, 14.4, 6.13333, 14.52], "texture": "#0"},
				"down": {"uv": [6.06667, 14.52, 6.13333, 14.4], "texture": "#0"}
			}
		},
		{
			"name": "OIP__2_-removebg-preview_58",
			"from": [9.73333, 0, 24.13333],
			"to": [9.8, 1.69167, 24.2],
			"faces": {
				"north": {"uv": [9.8, 14.48, 9.73333, 14.52], "texture": "#0"},
				"east": {"uv": [9.73333, 14.48, 9.8, 14.52], "rotation": 90, "texture": "#0"},
				"south": {"uv": [9.73333, 14.48, 9.8, 14.52], "texture": "#0"},
				"west": {"uv": [9.73333, 14.48, 9.8, 14.52], "rotation": 270, "texture": "#0"},
				"up": {"uv": [9.73333, 14.48, 9.8, 14.52], "texture": "#0"},
				"down": {"uv": [9.73333, 14.52, 9.8, 14.48], "texture": "#0"}
			}
		}
	],
	"gui_light": "front",
	"display": {
		"thirdperson_righthand": {
			"rotation": [90, 0, 0],
			"translation": [0, 3, 2],
			"scale": [0.2, 0.2, 0.2]
		},
		"thirdperson_lefthand": {
			"rotation": [90, 0, 0],
			"translation": [0, 2.75, 1.5],
			"scale": [0.2, 0.2, 0.2]
		},
		"firstperson_righthand": {
			"rotation": [90, 0, 45],
			"translation": [3.25, 0, 0]
		},
		"firstperson_lefthand": {
			"rotation": [90, 0, 45],
			"translation": [3.25, 0, 0]
		},
		"ground": {
			"rotation": [90, 0, 0],
			"translation": [0, 0, 1.75],
			"scale": [0.2, 0.2, 0.2]
		},
		"gui": {
			"rotation": [90, 0, 0],
			"translation": [0, 2.5, 0],
			"scale": [0.51, 0.51, 0.51]
		},
		"fixed": {
			"rotation": [90, 0, 0],
			"translation": [0, 2.5, 3.75],
			"scale": [0.52, 0.52, 0.46]
		}
	},
	"groups": [
		{
			"name": "OIP__2_-removebg-preview",
			"origin": [8, 8, 8],
			"color": 0,
			"children": [0, 1, 2, 3, 4, 5, 6, 7, 8, 9, 10, 11, 12, 13, 14, 15, 16, 17, 18, 19, 20, 21, 22, 23, 24, 25, 26, 27, 28, 29, 30, 31, 32, 33, 34, 35, 36, 37, 38, 39, 40, 41, 42, 43, 44, 45, 46, 47, 48, 49, 50, 51, 52, 53, 54, 55, 56, 57, 58]
		}
	]
}