{
	"credit": "Made with Blockbench",
	"textures": {
		"ar_15_1": "3d/ar_15_1",
		"ar_15_2": "3d/ar_15_2",
		"particle": "3d/ar_15_3",
		"ar_15_3": "3d/ar_15_3",
		"ar_15_4": "3d/ar_15_4"
	},
	"elements": [
		{
			"name": "1",
			"from": [7.28, 9.2, -2.08],
			"to": [8.72, 10.64, 6.56],
			"faces": {
				"north": {"uv": [7, 7, 9, 9], "texture": "#ar_15_1"},
				"east": {"uv": [10, 7, 16, 9], "texture": "#ar_15_1"},
				"south": {"uv": [7, 7, 9, 9], "texture": "#ar_15_1"},
				"west": {"uv": [0, 7, 6, 9], "texture": "#ar_15_1"},
				"up": {"uv": [7, 0, 9, 6], "texture": "#ar_15_1"},
				"down": {"uv": [9, 6, 7, 0], "texture": "#ar_15_1"}
			}
		},
		{
			"name": "1",
			"from": [8.72, 9.2, -2.08],
			"to": [9.8, 10.64, 6.56],
			"faces": {
				"north": {"uv": [5.5, 7, 7, 9], "texture": "#ar_15_1"},
				"east": {"uv": [10, 7, 16, 9], "texture": "#ar_15_1"},
				"south": {"uv": [9, 7, 10.5, 9], "texture": "#ar_15_1"},
				"west": {"uv": [0, 7, 6, 9], "texture": "#ar_15_1"},
				"up": {"uv": [9, 0, 10.5, 6], "texture": "#ar_15_1"},
				"down": {"uv": [7, 6, 5.5, 0], "texture": "#ar_15_1"}
			}
		},
		{
			"name": "1",
			"from": [6.2, 9.2, -2.08],
			"to": [7.28, 10.64, 6.56],
			"faces": {
				"north": {"uv": [9, 7, 10.5, 9], "texture": "#ar_15_1"},
				"east": {"uv": [10, 7, 16, 9], "texture": "#ar_15_1"},
				"south": {"uv": [5.5, 7, 7, 9], "texture": "#ar_15_1"},
				"west": {"uv": [0, 7, 6, 9], "texture": "#ar_15_1"},
				"up": {"uv": [5.5, 0, 7, 6], "texture": "#ar_15_1"},
				"down": {"uv": [10.5, 6, 9, 0], "texture": "#ar_15_1"}
			}
		},
		{
			"name": "1",
			"from": [7.28, 10.28, -2.08],
			"to": [8.72, 11.36, 6.56],
			"faces": {
				"north": {"uv": [7, 5.5, 9, 7], "texture": "#ar_15_1"},
				"east": {"uv": [10, 5.5, 16, 7], "texture": "#ar_15_1"},
				"south": {"uv": [7, 5.5, 9, 7], "texture": "#ar_15_1"},
				"west": {"uv": [0, 5.5, 6, 7], "texture": "#ar_15_1"},
				"up": {"uv": [7, 0, 9, 6], "texture": "#ar_15_1"},
				"down": {"uv": [9, 6, 7, 0], "texture": "#ar_15_1"}
			}
		},
		{
			"name": "1",
			"from": [7.28, 8.12, -2.08],
			"to": [8.72, 9.2, 6.56],
			"faces": {
				"north": {"uv": [7, 9, 9, 10.5], "texture": "#ar_15_1"},
				"east": {"uv": [10, 9, 16, 10.5], "texture": "#ar_15_1"},
				"south": {"uv": [7, 9, 9, 10.5], "texture": "#ar_15_1"},
				"west": {"uv": [0, 9, 6, 10.5], "texture": "#ar_15_1"},
				"up": {"uv": [7, 0, 9, 6], "texture": "#ar_15_1"},
				"down": {"uv": [9, 6, 7, 0], "texture": "#ar_15_1"}
			}
		},
		{
			"name": "1",
			"from": [7.28, 10.325, -2.08],
			"to": [8.36, 11.36, 6.56],
			"rotation": {"angle": -45, "axis": "z", "origin": [7.28, 11.36, -2.08]},
			"faces": {
				"north": {"uv": [12, 8.5, 13, 10.5], "texture": "#ar_15_1"},
				"east": {"uv": [10, 8.5, 16, 10.5], "texture": "#ar_15_1"},
				"south": {"uv": [3, 8.5, 4, 10.5], "texture": "#ar_15_1"},
				"west": {"uv": [0, 8.5, 6, 10.5], "texture": "#ar_15_1"},
				"up": {"uv": [3, 0, 4, 6], "texture": "#ar_15_1"},
				"down": {"uv": [13, 6, 12, 0], "texture": "#ar_15_1"}
			}
		},
		{
			"name": "1",
			"from": [8.72, 10.37, -2.08],
			"to": [9.755, 11.36, 6.56],
			"rotation": {"angle": -45, "axis": "z", "origin": [8.72, 11.36, -2.08]},
			"faces": {
				"north": {"uv": [12, 8.5, 13, 10.5], "texture": "#ar_15_1"},
				"east": {"uv": [10, 8.5, 16, 10.5], "texture": "#ar_15_1"},
				"south": {"uv": [3, 8.5, 4, 10.5], "texture": "#ar_15_1"},
				"west": {"uv": [0, 8.5, 6, 10.5], "texture": "#ar_15_1"},
				"up": {"uv": [3, 0, 4, 6], "texture": "#ar_15_1"},
				"down": {"uv": [13, 6, 12, 0], "texture": "#ar_15_1"}
			}
		},
		{
			"name": "1",
			"from": [6.56, 8.165, -2.08],
			"to": [7.64, 9.2, 6.56],
			"rotation": {"angle": 45, "axis": "z", "origin": [6.56, 9.2, -2.08]},
			"faces": {
				"north": {"uv": [12, 8.5, 13, 10.5], "texture": "#ar_15_1"},
				"east": {"uv": [10, 8.5, 16, 10.5], "texture": "#ar_15_1"},
				"south": {"uv": [3, 8.5, 4, 10.5], "texture": "#ar_15_1"},
				"west": {"uv": [0, 8.5, 6, 10.5], "texture": "#ar_15_1"},
				"up": {"uv": [3, 0, 4, 6], "texture": "#ar_15_1"},
				"down": {"uv": [13, 6, 12, 0], "texture": "#ar_15_1"}
			}
		},
		{
			"name": "1",
			"from": [8.045, 8.21, -2.08],
			"to": [9.035, 9.2, 6.56],
			"rotation": {"angle": 45, "axis": "z", "origin": [8.045, 9.2, -2.08]},
			"faces": {
				"north": {"uv": [12, 8.5, 13, 10.5], "texture": "#ar_15_1"},
				"east": {"uv": [10, 8.5, 16, 10.5], "texture": "#ar_15_1"},
				"south": {"uv": [3, 8.5, 4, 10.5], "texture": "#ar_15_1"},
				"west": {"uv": [0, 8.5, 6, 10.5], "texture": "#ar_15_1"},
				"up": {"uv": [3, 0, 4, 6], "texture": "#ar_15_1"},
				"down": {"uv": [13, 6, 12, 0], "texture": "#ar_15_1"}
			}
		},
		{
			"name": "1",
			"from": [6.92, 8.84, 6.56],
			"to": [9.08, 11, 7.28],
			"faces": {
				"north": {"uv": [6.5, 6.5, 9.5, 9.5], "texture": "#ar_15_1"},
				"east": {"uv": [9, 6.5, 10, 9.5], "texture": "#ar_15_1"},
				"south": {"uv": [6.5, 6.5, 9.5, 9.5], "texture": "#ar_15_1"},
				"west": {"uv": [6, 6.5, 7, 9.5], "texture": "#ar_15_1"},
				"up": {"uv": [6.5, 6, 9.5, 7], "texture": "#ar_15_1"},
				"down": {"uv": [9.5, 7, 6.5, 6], "texture": "#ar_15_1"}
			}
		},
		{
			"name": "1",
			"from": [6.56, 9.2, 6.56],
			"to": [9.44, 10.64, 7.28],
			"faces": {
				"north": {"uv": [6, 7, 10, 9], "texture": "#ar_15_1"},
				"east": {"uv": [9, 7, 10, 9], "texture": "#ar_15_1"},
				"south": {"uv": [6, 7, 10, 9], "texture": "#ar_15_1"},
				"west": {"uv": [6, 7, 7, 9], "texture": "#ar_15_1"},
				"up": {"uv": [6, 6, 10, 7], "texture": "#ar_15_1"},
				"down": {"uv": [10, 7, 6, 6], "texture": "#ar_15_1"}
			}
		},
		{
			"name": "1",
			"from": [6.92, 8.48, 6.56],
			"to": [9.08, 11.36, 7.28],
			"faces": {
				"north": {"uv": [6.5, 6, 9.5, 10], "texture": "#ar_15_1"},
				"east": {"uv": [9, 6, 10, 10], "texture": "#ar_15_1"},
				"south": {"uv": [6.5, 6, 9.5, 10], "texture": "#ar_15_1"},
				"west": {"uv": [6, 6, 7, 10], "texture": "#ar_15_1"},
				"up": {"uv": [6.5, 6, 9.5, 7], "texture": "#ar_15_1"},
				"down": {"uv": [9.5, 7, 6.5, 6], "texture": "#ar_15_1"}
			}
		},
		{
			"name": "1",
			"from": [7.28, 9.92, -2.08],
			"to": [8.36, 11.36, 6.56],
			"faces": {
				"north": {"uv": [9, 7, 10.5, 9], "texture": "#ar_15_1"},
				"east": {"uv": [10, 7, 16, 9], "texture": "#ar_15_1"},
				"south": {"uv": [5.5, 7, 7, 9], "texture": "#ar_15_1"},
				"west": {"uv": [0, 7, 6, 9], "texture": "#ar_15_1"},
				"up": {"uv": [5.5, 0, 7, 6], "texture": "#ar_15_1"},
				"down": {"uv": [10.5, 6, 9, 0], "texture": "#ar_15_1"}
			}
		},
		{
			"name": "2",
			"from": [7.435, 9.33, -12.16],
			"to": [8.59, 10.51, -2.08],
			"faces": {
				"north": {"uv": [7.25, 7.25, 8.75, 8.75], "texture": "#ar_15_2"},
				"east": {"uv": [8, 7, 16, 9], "texture": "#ar_15_2"},
				"south": {"uv": [7.25, 7.25, 8.75, 8.75], "texture": "#ar_15_2"},
				"west": {"uv": [0, 8, 11, 9], "texture": "#ar_15_2"},
				"up": {"uv": [7, 0, 9, 7], "texture": "#ar_15_2"},
				"down": {"uv": [8, 0, 7, 8], "texture": "#ar_15_2"}
			}
		},
		{
			"name": "2",
			"from": [7.28, 9.2, -13.6],
			"to": [8.72, 10.64, -12.16],
			"faces": {
				"north": {"uv": [7, 7, 9, 9], "texture": "#ar_15_2"},
				"east": {"uv": [12, 7, 16, 9], "texture": "#ar_15_2"},
				"south": {"uv": [7, 7, 9, 9], "texture": "#ar_15_2"},
				"west": {"uv": [0, 7, 4, 9], "texture": "#ar_15_2"},
				"up": {"uv": [7, 0, 9, 3], "texture": "#ar_15_2"},
				"down": {"uv": [9, 0, 7, 4], "texture": "#ar_15_2"}
			}
		},
		{
			"name": "2",
			"from": [7.64, 10.28, -4.24],
			"to": [8.36, 11, -2.35],
			"faces": {
				"north": {"uv": [7.5, 6.5, 8.5, 7.5], "texture": "#ar_15_2"},
				"east": {"uv": [9, 4, 16, 5], "texture": "#ar_15_2"},
				"south": {"uv": [7.5, 6.5, 8.5, 7.5], "texture": "#ar_15_2"},
				"west": {"uv": [0, 4, 9, 6], "texture": "#ar_15_2"},
				"up": {"uv": [8, 0, 9, 6], "texture": "#ar_15_2"},
				"down": {"uv": [8, 0, 9, 7], "texture": "#ar_15_2"}
			}
		},
		{
			"name": "2",
			"from": [7.64, 11, -4.24],
			"to": [8.36, 12.44, -3.88],
			"faces": {
				"north": {"uv": [7.5, 4.5, 8.5, 6.5], "texture": "#ar_15_2"},
				"east": {"uv": [9, 4, 16, 5], "texture": "#ar_15_2"},
				"south": {"uv": [7.5, 4.5, 8.5, 6.5], "texture": "#ar_15_2"},
				"west": {"uv": [0, 4, 9, 6], "texture": "#ar_15_2"},
				"up": {"uv": [8, 0, 9, 6], "texture": "#ar_15_2"},
				"down": {"uv": [8, 0, 9, 7], "texture": "#ar_15_2"}
			}
		},
		{
			"name": "2",
			"from": [7.64, 10.505, -3.475],
			"to": [8.36, 12.665, -3.115],
			"rotation": {"angle": -22.5, "axis": "x", "origin": [7.64, 12.665, -3.475]},
			"faces": {
				"north": {"uv": [7.5, 4, 8.5, 6.5], "texture": "#ar_15_2"},
				"east": {"uv": [9, 4, 16, 5], "texture": "#ar_15_2"},
				"south": {"uv": [7.5, 4, 8.5, 6.5], "texture": "#ar_15_2"},
				"west": {"uv": [0, 4, 9, 6], "texture": "#ar_15_2"},
				"up": {"uv": [8, 0, 9, 6], "texture": "#ar_15_2"},
				"down": {"uv": [8, 0, 9, 7], "texture": "#ar_15_2"}
			}
		},
		{
			"name": "2",
			"from": [7.615, 12.08, -4.24],
			"to": [8.385, 12.8, -3.16],
			"faces": {
				"north": {"uv": [7.5, 4, 8.5, 5], "texture": "#ar_15_2"},
				"east": {"uv": [9, 4, 16, 5], "texture": "#ar_15_2"},
				"south": {"uv": [7.5, 4, 8.5, 5], "texture": "#ar_15_2"},
				"west": {"uv": [0, 4, 9, 6], "texture": "#ar_15_2"},
				"up": {"uv": [8, 0, 9, 6], "texture": "#ar_15_2"},
				"down": {"uv": [8, 0, 9, 7], "texture": "#ar_15_2"}
			}
		},
		{
			"name": "2",
			"from": [7.64, 12.8, -4.24],
			"to": [7.865, 13.16, -3.16],
			"faces": {
				"north": {"uv": [8.1875, 3.5, 8.5, 4], "texture": "#ar_15_2"},
				"east": {"uv": [9, 4, 16, 5], "texture": "#ar_15_2"},
				"south": {"uv": [7.5, 3.5, 7.8125, 4], "texture": "#ar_15_2"},
				"west": {"uv": [0, 4, 9, 6], "texture": "#ar_15_2"},
				"up": {"uv": [8, 0, 9, 6], "texture": "#ar_15_2"},
				"down": {"uv": [8, 0, 9, 7], "texture": "#ar_15_2"}
			}
		},
		{
			"name": "2",
			"from": [8.135, 12.8, -4.24],
			"to": [8.36, 13.16, -3.16],
			"faces": {
				"north": {"uv": [7.5, 3.5, 7.8125, 4], "texture": "#ar_15_2"},
				"east": {"uv": [9, 4, 16, 5], "texture": "#ar_15_2"},
				"south": {"uv": [8.1875, 3.5, 8.5, 4], "texture": "#ar_15_2"},
				"west": {"uv": [0, 4, 9, 6], "texture": "#ar_15_2"},
				"up": {"uv": [8, 0, 9, 6], "texture": "#ar_15_2"},
				"down": {"uv": [8, 0, 9, 7], "texture": "#ar_15_2"}
			}
		},
		{
			"name": "2",
			"from": [7.28, 9.2, -3.52],
			"to": [7.64, 10.46, -2.8],
			"faces": {
				"north": {"uv": [8.5, 7.25, 9, 9], "texture": "#ar_15_2"},
				"east": {"uv": [16, 7.25, 16, 9], "texture": "#ar_15_2"},
				"south": {"uv": [7, 7.25, 7.5, 9], "texture": "#ar_15_2"},
				"west": {"uv": [0, 7.25, 0, 9], "texture": "#ar_15_2"},
				"up": {"uv": [7, 0, 7.5, 0], "texture": "#ar_15_2"},
				"down": {"uv": [9, 0, 8.5, 0], "texture": "#ar_15_2"}
			}
		},
		{
			"name": "2",
			"from": [7.82, 8.84, -4.6],
			"to": [8.18, 9.56, -3.88],
			"faces": {
				"north": {"uv": [7.75, 8.5, 8.25, 9.5], "texture": "#ar_15_2"},
				"east": {"uv": [16, 8.5, 16, 9.5], "texture": "#ar_15_2"},
				"south": {"uv": [7.75, 8.5, 8.25, 9.5], "texture": "#ar_15_2"},
				"west": {"uv": [0, 8.5, 0, 9.5], "texture": "#ar_15_2"},
				"up": {"uv": [7.75, 0, 8.25, 0], "texture": "#ar_15_2"},
				"down": {"uv": [8.25, 0, 7.75, 0], "texture": "#ar_15_2"}
			}
		},
		{
			"name": "3",
			"from": [6.92, 9.2, 7.64],
			"to": [9.08, 10.64, 19.52],
			"faces": {
				"north": {"uv": [6.5, 7, 9.5, 9], "texture": "#ar_15_3"},
				"east": {"uv": [0, 7, 8.5, 9], "texture": "#ar_15_3"},
				"south": {"uv": [6.5, 7, 9.5, 9], "texture": "#ar_15_3"},
				"west": {"uv": [7.5, 7, 16, 9], "texture": "#ar_15_3"},
				"up": {"uv": [6.5, 7.5, 9.5, 16], "texture": "#ar_15_3"},
				"down": {"uv": [9.5, 16, 6.5, 7.5], "texture": "#ar_15_3"}
			}
		},
		{
			"name": "1",
			"from": [7.28, 8.84, 7.28],
			"to": [8.72, 11, 7.685],
			"faces": {
				"north": {"uv": [7, 6.5, 9, 9.5], "texture": "#ar_15_1"},
				"east": {"uv": [8.4375, 6.5, 9, 9.5], "texture": "#ar_15_1"},
				"south": {"uv": [7, 6.5, 9, 9.5], "texture": "#ar_15_1"},
				"west": {"uv": [7, 6.5, 7.5625, 9.5], "texture": "#ar_15_1"},
				"up": {"uv": [7, 7, 9, 7.5625], "texture": "#ar_15_1"},
				"down": {"uv": [9, 7.5625, 7, 7], "texture": "#ar_15_1"}
			}
		},
		{
			"name": "3",
			"from": [7.28, 8.84, 7.64],
			"to": [8.72, 11.72, 19.52],
			"faces": {
				"north": {"uv": [7, 5.5, 9, 9.5], "texture": "#ar_15_3"},
				"east": {"uv": [0, 5.5, 8.5, 9.5], "texture": "#ar_15_3"},
				"south": {"uv": [7, 5.5, 9, 9.5], "texture": "#ar_15_3"},
				"west": {"uv": [7.5, 5.5, 16, 9.5], "texture": "#ar_15_3"},
				"up": {"uv": [7, 7.5, 9, 16], "texture": "#ar_15_3"},
				"down": {"uv": [9, 16, 7, 7.5], "texture": "#ar_15_3"}
			}
		},
		{
			"name": "1",
			"from": [6.92, 9.2, 7.28],
			"to": [9.08, 10.64, 7.685],
			"faces": {
				"north": {"uv": [6.5, 7, 9.5, 9], "texture": "#ar_15_1"},
				"east": {"uv": [8.4375, 7, 9, 9], "texture": "#ar_15_1"},
				"south": {"uv": [6.5, 7, 9.5, 9], "texture": "#ar_15_1"},
				"west": {"uv": [7, 7, 7.5625, 9], "texture": "#ar_15_1"},
				"up": {"uv": [6.5, 7, 9.5, 7.5625], "texture": "#ar_15_1"},
				"down": {"uv": [9.5, 7.5625, 6.5, 7], "texture": "#ar_15_1"}
			}
		},
		{
			"name": "3",
			"from": [6.92, 11.72, 7.64],
			"to": [9.08, 12.08, 17.36],
			"faces": {
				"north": {"uv": [6.5, 5, 9.5, 5.5], "texture": "#ar_15_3"},
				"east": {"uv": [0, 5, 8.5, 5.5], "texture": "#ar_15_3"},
				"south": {"uv": [6.5, 5, 9.5, 5.5], "texture": "#ar_15_3"},
				"west": {"uv": [7.5, 5, 16, 5.5], "texture": "#ar_15_3"},
				"up": {"uv": [6.5, 7.5, 9.5, 16], "texture": "#ar_15_3"},
				"down": {"uv": [9.5, 16, 6.5, 7.5], "texture": "#ar_15_3"}
			}
		},
		{
			"name": "3",
			"from": [7.28, 12.08, 7.64],
			"to": [8.72, 13.16, 8.36],
			"faces": {
				"north": {"uv": [7, 3.5, 9, 5], "texture": "#ar_15_3"},
				"east": {"uv": [7.5, 3.5, 8.5, 5], "texture": "#ar_15_3"},
				"south": {"uv": [7, 3.5, 9, 5], "texture": "#ar_15_3"},
				"west": {"uv": [7.5, 3.5, 8.5, 5], "texture": "#ar_15_3"},
				"up": {"uv": [7, 7.5, 9, 8.5], "texture": "#ar_15_3"},
				"down": {"uv": [9, 8.5, 7, 7.5], "texture": "#ar_15_3"}
			}
		},
		{
			"name": "3",
			"from": [7.28, 12.8, 8.36],
			"to": [8.72, 13.88, 8.72],
			"rotation": {"angle": 45, "axis": "x", "origin": [7.28, 13.88, 8.36]},
			"faces": {
				"north": {"uv": [7, 3, 9, 4.5], "texture": "#ar_15_3"},
				"east": {"uv": [6.5, 3, 7.5, 4.5], "texture": "#ar_15_3"},
				"south": {"uv": [7, 3, 9, 4.5], "texture": "#ar_15_3"},
				"west": {"uv": [8.5, 3, 9.5, 4.5], "texture": "#ar_15_3"},
				"up": {"uv": [7, 8.5, 9, 9.5], "texture": "#ar_15_3"},
				"down": {"uv": [9, 9.5, 7, 8.5], "texture": "#ar_15_3"}
			}
		},
		{
			"name": "3",
			"from": [7.28, 13.07, 8],
			"to": [8.72, 13.43, 8.36],
			"faces": {
				"north": {"uv": [7, 3.125, 9, 3.625], "texture": "#ar_15_3"},
				"east": {"uv": [7.5, 3.125, 8, 3.625], "texture": "#ar_15_3"},
				"south": {"uv": [7, 3.125, 9, 3.625], "texture": "#ar_15_3"},
				"west": {"uv": [8, 3.125, 8.5, 3.625], "texture": "#ar_15_3"},
				"up": {"uv": [7, 8, 9, 8.5], "texture": "#ar_15_3"},
				"down": {"uv": [9, 8.5, 7, 8], "texture": "#ar_15_3"}
			}
		},
		{
			"name": "3",
			"from": [7.28, 13.16, 14.48],
			"to": [8.72, 13.52, 17.36],
			"faces": {
				"north": {"uv": [7, 3, 9, 4.5], "texture": "#ar_15_3"},
				"east": {"uv": [6.5, 3, 7.5, 4.5], "texture": "#ar_15_3"},
				"south": {"uv": [7, 3, 9, 4.5], "texture": "#ar_15_3"},
				"west": {"uv": [8.5, 3, 9.5, 4.5], "texture": "#ar_15_3"},
				"up": {"uv": [7, 8.5, 9, 9.5], "texture": "#ar_15_3"},
				"down": {"uv": [9, 9.5, 7, 8.5], "texture": "#ar_15_3"}
			}
		},
		{
			"name": "3",
			"from": [7.28, 13.52, 8.36],
			"to": [8.72, 13.88, 16.64],
			"faces": {
				"north": {"uv": [7, 3, 9, 4.5], "texture": "#ar_15_3"},
				"east": {"uv": [6.5, 3, 7.5, 4.5], "texture": "#ar_15_3"},
				"south": {"uv": [7, 3, 9, 4.5], "texture": "#ar_15_3"},
				"west": {"uv": [8.5, 3, 9.5, 4.5], "texture": "#ar_15_3"},
				"up": {"uv": [7, 8.5, 9, 9.5], "texture": "#ar_15_3"},
				"down": {"uv": [9, 9.5, 7, 8.5], "texture": "#ar_15_3"}
			}
		},
		{
			"name": "3",
			"from": [7.28, 13.88, 10.88],
			"to": [8.72, 14.24, 16.64],
			"faces": {
				"north": {"uv": [7, 3, 9, 4.5], "texture": "#ar_15_3"},
				"east": {"uv": [6.5, 3, 7.5, 4.5], "texture": "#ar_15_3"},
				"south": {"uv": [7, 3, 9, 4.5], "texture": "#ar_15_3"},
				"west": {"uv": [8.5, 3, 9.5, 4.5], "texture": "#ar_15_3"},
				"up": {"uv": [7, 8.5, 9, 9.5], "texture": "#ar_15_3"},
				"down": {"uv": [9, 9.5, 7, 8.5], "texture": "#ar_15_3"}
			}
		},
		{
			"name": "3",
			"from": [7.28, 14.24, 13.76],
			"to": [8.72, 14.6, 16.28],
			"faces": {
				"north": {"uv": [7, 3, 9, 4.5], "texture": "#ar_15_3"},
				"east": {"uv": [6.5, 3, 7.5, 4.5], "texture": "#ar_15_3"},
				"south": {"uv": [7, 3, 9, 4.5], "texture": "#ar_15_3"},
				"west": {"uv": [8.5, 3, 9.5, 4.5], "texture": "#ar_15_3"},
				"up": {"uv": [7, 8.5, 9, 9.5], "texture": "#ar_15_3"},
				"down": {"uv": [9, 9.5, 7, 8.5], "texture": "#ar_15_3"}
			}
		},
		{
			"name": "3",
			"from": [7.28, 11.09, 16.685],
			"to": [8.72, 13.25, 17.405],
			"rotation": {"angle": -22.5, "axis": "x", "origin": [7.28, 13.25, 16.685]},
			"faces": {
				"north": {"uv": [7, 3, 9, 4.5], "texture": "#ar_15_3"},
				"east": {"uv": [6.5, 3, 7.5, 4.5], "texture": "#ar_15_3"},
				"south": {"uv": [7, 3, 9, 4.5], "texture": "#ar_15_3"},
				"west": {"uv": [8.5, 3, 9.5, 4.5], "texture": "#ar_15_3"},
				"up": {"uv": [7, 8.5, 9, 9.5], "texture": "#ar_15_3"},
				"down": {"uv": [9, 9.5, 7, 8.5], "texture": "#ar_15_3"}
			}
		},
		{
			"name": "3",
			"from": [6.56, 11.495, 8.27],
			"to": [6.92, 11.855, 8.63],
			"rotation": {"angle": -45, "axis": "x", "origin": [6.56, 11.855, 8.27]},
			"faces": {
				"north": {"uv": [6.5, 2, 9.5, 3], "texture": "#ar_15_3"},
				"east": {"uv": [11, 2, 12, 3], "texture": "#ar_15_3"},
				"south": {"uv": [6.5, 2, 9.5, 3], "texture": "#ar_15_3"},
				"west": {"uv": [4, 2, 5, 3], "texture": "#ar_15_3"},
				"up": {"uv": [6.5, 4, 9.5, 5], "texture": "#ar_15_3"},
				"down": {"uv": [9.5, 5, 6.5, 4], "texture": "#ar_15_3"}
			}
		},
		{
			"name": "3",
			"from": [6.56, 11.495, 13.985],
			"to": [6.92, 11.855, 14.345],
			"rotation": {"angle": -45, "axis": "x", "origin": [6.56, 11.855, 13.985]},
			"faces": {
				"north": {"uv": [6.5, 2, 9.5, 3], "texture": "#ar_15_3"},
				"east": {"uv": [11, 2, 12, 3], "texture": "#ar_15_3"},
				"south": {"uv": [6.5, 2, 9.5, 3], "texture": "#ar_15_3"},
				"west": {"uv": [4, 2, 5, 3], "texture": "#ar_15_3"},
				"up": {"uv": [6.5, 4, 9.5, 5], "texture": "#ar_15_3"},
				"down": {"uv": [9.5, 5, 6.5, 4], "texture": "#ar_15_3"}
			}
		},
		{
			"name": "3",
			"from": [7.1, 10.64, 9.08],
			"to": [7.46, 11.36, 10.16],
			"faces": {
				"north": {"uv": [8.75, 6, 9.25, 7], "texture": "#ar_15_3"},
				"east": {"uv": [5, 6, 6.5, 7], "texture": "#ar_15_3"},
				"south": {"uv": [6.75, 6, 7.25, 7], "texture": "#ar_15_3"},
				"west": {"uv": [9.5, 6, 11, 7], "texture": "#ar_15_3"},
				"up": {"uv": [6.75, 9.5, 7.25, 11], "texture": "#ar_15_3"},
				"down": {"uv": [9.25, 11, 8.75, 9.5], "texture": "#ar_15_3"}
			}
		},
		{
			"name": "3",
			"from": [7.28, 7.76, 7.64],
			"to": [8.72, 8.48, 8.36],
			"faces": {
				"north": {"uv": [7, 10, 9, 11], "texture": "#ar_15_3"},
				"east": {"uv": [7.5, 10, 8.5, 11], "texture": "#ar_15_3"},
				"south": {"uv": [7, 10, 9, 11], "texture": "#ar_15_3"},
				"west": {"uv": [7.5, 10, 8.5, 11], "texture": "#ar_15_3"},
				"up": {"uv": [7, 7.5, 9, 8.5], "texture": "#ar_15_3"},
				"down": {"uv": [9, 8.5, 7, 7.5], "texture": "#ar_15_3"}
			}
		},
		{
			"name": "3",
			"from": [7.28, 7.04, 7.64],
			"to": [8.72, 7.76, 8.36],
			"rotation": {"angle": -45, "axis": "x", "origin": [7.28, 7.76, 7.64]},
			"faces": {
				"north": {"uv": [7, 11, 9, 12.5], "texture": "#ar_15_3"},
				"east": {"uv": [7, 11, 8, 12.5], "texture": "#ar_15_3"},
				"south": {"uv": [7, 11, 9, 12.5], "texture": "#ar_15_3"},
				"west": {"uv": [8, 11, 9, 12.5], "texture": "#ar_15_3"},
				"up": {"uv": [7, 8, 9, 9], "texture": "#ar_15_3"},
				"down": {"uv": [9, 9, 7, 8], "texture": "#ar_15_3"}
			}
		},
		{
			"name": "3",
			"from": [7.1, 6.68, 8],
			"to": [8.9, 9.2, 11.6],
			"faces": {
				"north": {"uv": [6.75, 9, 9.25, 12.5], "texture": "#ar_15_3"},
				"east": {"uv": [3, 9, 8, 12.5], "texture": "#ar_15_3"},
				"south": {"uv": [6.75, 9, 9.25, 12.5], "texture": "#ar_15_3"},
				"west": {"uv": [8, 9, 13, 12.5], "texture": "#ar_15_3"},
				"up": {"uv": [6.75, 8, 9.25, 13], "texture": "#ar_15_3"},
				"down": {"uv": [9.25, 13, 6.75, 8], "texture": "#ar_15_3"}
			}
		},
		{
			"name": "3",
			"from": [7.1, 6.59, 8.27],
			"to": [8.9, 7.31, 12.23],
			"rotation": {"angle": 22.5, "axis": "x", "origin": [7.1, 7.31, 8.27]},
			"faces": {
				"north": {"uv": [6.75, 13.5, 9.25, 14.5], "texture": "#ar_15_3"},
				"east": {"uv": [3, 13.5, 8, 14.5], "texture": "#ar_15_3"},
				"south": {"uv": [6.75, 13.5, 9.25, 14.5], "texture": "#ar_15_3"},
				"west": {"uv": [8, 13.5, 13, 14.5], "texture": "#ar_15_3"},
				"up": {"uv": [6.75, 8, 9.25, 13], "texture": "#ar_15_3"},
				"down": {"uv": [9.25, 13, 6.75, 8], "texture": "#ar_15_3"}
			}
		},
		{
			"name": "3",
			"from": [7.1, 5.96, 9.8],
			"to": [8.9, 7.4, 11.6],
			"faces": {
				"north": {"uv": [6.75, 11.5, 9.25, 13.5], "texture": "#ar_15_3"},
				"east": {"uv": [3, 11.5, 5.5, 13.5], "texture": "#ar_15_3"},
				"south": {"uv": [6.75, 11.5, 9.25, 13.5], "texture": "#ar_15_3"},
				"west": {"uv": [10.5, 11.5, 13, 13.5], "texture": "#ar_15_3"},
				"up": {"uv": [6.75, 10.5, 9.25, 13], "texture": "#ar_15_3"},
				"down": {"uv": [9.25, 13, 6.75, 10.5], "texture": "#ar_15_3"}
			}
		},
		{
			"name": "3",
			"from": [7.28, 12.08, 14.48],
			"to": [8.72, 13.16, 15.2],
			"faces": {
				"north": {"uv": [7, 3, 9, 4.5], "texture": "#ar_15_3"},
				"east": {"uv": [6.5, 3, 7.5, 4.5], "texture": "#ar_15_3"},
				"south": {"uv": [7, 3, 9, 4.5], "texture": "#ar_15_3"},
				"west": {"uv": [8.5, 3, 9.5, 4.5], "texture": "#ar_15_3"},
				"up": {"uv": [7, 8.5, 9, 9.5], "texture": "#ar_15_3"},
				"down": {"uv": [9, 9.5, 7, 8.5], "texture": "#ar_15_3"}
			}
		},
		{
			"name": "3",
			"from": [7.28, 12.08, 15.2],
			"to": [8.72, 12.44, 17.36],
			"faces": {
				"north": {"uv": [7, 4.5, 9, 5], "texture": "#ar_15_3"},
				"east": {"uv": [0, 4, 9, 5], "texture": "#ar_15_3"},
				"south": {"uv": [7, 4.5, 9, 5], "texture": "#ar_15_3"},
				"west": {"uv": [10, 4, 16, 5], "texture": "#ar_15_3"},
				"up": {"uv": [7, 8, 9, 16], "texture": "#ar_15_3"},
				"down": {"uv": [9, 8, 7, 16], "texture": "#ar_15_3"}
			}
		},
		{
			"name": "3",
			"from": [6.92, 10.28, 7.64],
			"to": [7.64, 10.64, 19.52],
			"rotation": {"angle": 45, "axis": "z", "origin": [6.92, 10.64, 7.64]},
			"faces": {
				"north": {"uv": [14, 6, 14.5, 6.5], "texture": "#ar_15_3"},
				"east": {"uv": [0, 6, 8.5, 6.5], "texture": "#ar_15_3"},
				"south": {"uv": [1.5, 6, 2, 6.5], "texture": "#ar_15_3"},
				"west": {"uv": [7.5, 6, 16, 6.5], "texture": "#ar_15_3"},
				"up": {"uv": [1.5, 7.5, 2, 16], "texture": "#ar_15_3"},
				"down": {"uv": [14.5, 16, 14, 7.5], "texture": "#ar_15_3"}
			}
		},
		{
			"name": "3",
			"from": [8.585, 10.775, 7.64],
			"to": [9.305, 11.135, 19.52],
			"rotation": {"angle": -45, "axis": "z", "origin": [8.585, 11.135, 7.64]},
			"faces": {
				"north": {"uv": [4, 6.5, 5, 7], "texture": "#ar_15_3"},
				"east": {"uv": [0, 6.5, 8.5, 7], "texture": "#ar_15_3"},
				"south": {"uv": [11, 6.5, 12, 7], "texture": "#ar_15_3"},
				"west": {"uv": [7.5, 6.5, 16, 7], "texture": "#ar_15_3"},
				"up": {"uv": [11, 7.5, 12, 16], "texture": "#ar_15_3"},
				"down": {"uv": [5, 16, 4, 7.5], "texture": "#ar_15_3"}
			}
		},
		{
			"name": "3",
			"from": [7.19, 9.065, 7.64],
			"to": [7.91, 9.425, 19.52],
			"rotation": {"angle": -45, "axis": "z", "origin": [7.19, 9.425, 7.64]},
			"faces": {
				"north": {"uv": [13, 9, 14, 9.5], "texture": "#ar_15_3"},
				"east": {"uv": [0, 9, 8.5, 9.5], "texture": "#ar_15_3"},
				"south": {"uv": [2, 9, 3, 9.5], "texture": "#ar_15_3"},
				"west": {"uv": [7.5, 9, 16, 9.5], "texture": "#ar_15_3"},
				"up": {"uv": [2, 7.5, 3, 16], "texture": "#ar_15_3"},
				"down": {"uv": [14, 16, 13, 7.5], "texture": "#ar_15_3"}
			}
		},
		{
			"name": "3",
			"from": [8.315, 8.57, 7.64],
			"to": [9.035, 8.93, 19.52],
			"rotation": {"angle": 45, "axis": "z", "origin": [8.315, 8.93, 7.64]},
			"faces": {
				"north": {"uv": [13, 9, 14, 9.5], "texture": "#ar_15_3"},
				"east": {"uv": [0, 9, 8.5, 9.5], "texture": "#ar_15_3"},
				"south": {"uv": [2, 9, 3, 9.5], "texture": "#ar_15_3"},
				"west": {"uv": [7.5, 9, 16, 9.5], "texture": "#ar_15_3"},
				"up": {"uv": [2, 7.5, 3, 16], "texture": "#ar_15_3"},
				"down": {"uv": [14, 16, 13, 7.5], "texture": "#ar_15_3"}
			}
		},
		{
			"name": "3",
			"from": [7.255, 7.04, 11.6],
			"to": [8.745, 9.2, 17.81],
			"faces": {
				"north": {"uv": [7, 9, 9, 12], "texture": "#ar_15_3"},
				"east": {"uv": [0, 9, 3, 12], "texture": "#ar_15_3"},
				"south": {"uv": [7, 9, 9, 12], "texture": "#ar_15_3"},
				"west": {"uv": [13, 9, 16, 12], "texture": "#ar_15_3"},
				"up": {"uv": [7, 13, 9, 16], "texture": "#ar_15_3"},
				"down": {"uv": [9, 16, 7, 13], "texture": "#ar_15_3"}
			}
		},
		{
			"name": "3",
			"from": [7.1, 7.76, 11.6],
			"to": [8.9, 9.2, 12.32],
			"faces": {
				"north": {"uv": [6.75, 9, 9.25, 11], "texture": "#ar_15_3"},
				"east": {"uv": [2, 9, 3, 11], "texture": "#ar_15_3"},
				"south": {"uv": [6.75, 9, 9.25, 11], "texture": "#ar_15_3"},
				"west": {"uv": [13, 9, 14, 11], "texture": "#ar_15_3"},
				"up": {"uv": [6.75, 13, 9.25, 14], "texture": "#ar_15_3"},
				"down": {"uv": [9.25, 14, 6.75, 13], "texture": "#ar_15_3"}
			}
		},
		{
			"name": "3",
			"from": [7.28, 5.42, 11.6],
			"to": [8.72, 7.04, 12.32],
			"faces": {
				"north": {"uv": [7, 12, 9, 14.25], "texture": "#ar_15_3"},
				"east": {"uv": [2, 12, 3, 14.25], "texture": "#ar_15_3"},
				"south": {"uv": [7, 12, 9, 14.25], "texture": "#ar_15_3"},
				"west": {"uv": [13, 12, 14, 14.25], "texture": "#ar_15_3"},
				"up": {"uv": [7, 13, 9, 14], "texture": "#ar_15_3"},
				"down": {"uv": [9, 14, 7, 13], "texture": "#ar_15_3"}
			}
		},
		{
			"name": "3",
			"from": [7.28, 5.15, 11.6],
			"to": [8.72, 5.51, 15.56],
			"faces": {
				"north": {"uv": [7, 14.125, 9, 14.625], "texture": "#ar_15_3"},
				"east": {"uv": [0, 14.125, 3, 14.625], "texture": "#ar_15_3"},
				"south": {"uv": [7, 14.125, 9, 14.625], "texture": "#ar_15_3"},
				"west": {"uv": [13, 14.125, 16, 14.625], "texture": "#ar_15_3"},
				"up": {"uv": [7, 13, 9, 16], "texture": "#ar_15_3"},
				"down": {"uv": [9, 16, 7, 13], "texture": "#ar_15_3"}
			}
		},
		{
			"name": "4",
			"from": [7.28, 4.16, 8.36],
			"to": [8.72, 6.68, 11.24],
			"faces": {
				"north": {"uv": [7, 12.5, 9, 16], "texture": "#ar_15_4"},
				"east": {"uv": [3.5, 12.5, 7.5, 16], "texture": "#ar_15_4"},
				"south": {"uv": [7, 12.5, 9, 16], "texture": "#ar_15_4"},
				"west": {"uv": [8.5, 12.5, 12.5, 16], "texture": "#ar_15_4"},
				"up": {"uv": [7, 8.5, 9, 12.5], "texture": "#ar_15_4"},
				"down": {"uv": [9, 12.5, 7, 8.5], "texture": "#ar_15_4"}
			}
		},
		{
			"name": "4",
			"from": [7.28, 1.685, 8.585],
			"to": [8.72, 5.285, 11.465],
			"rotation": {"angle": 22.5, "axis": "x", "origin": [7.28, 5.285, 8.585]},
			"faces": {
				"north": {"uv": [7, 15.5, 9, 16], "texture": "#ar_15_4"},
				"east": {"uv": [4, 15.5, 8, 16], "texture": "#ar_15_4"},
				"south": {"uv": [7, 15.5, 9, 16], "texture": "#ar_15_4"},
				"west": {"uv": [8, 15.5, 12, 16], "texture": "#ar_15_4"},
				"up": {"uv": [7, 8, 9, 12], "texture": "#ar_15_4"},
				"down": {"uv": [9, 12, 7, 8], "texture": "#ar_15_4"}
			}
		},
		{
			"name": "3",
			"from": [6.92, 12.215, 17.72],
			"to": [9.08, 12.44, 18.8],
			"faces": {
				"north": {"uv": [7, 3, 9, 4.5], "texture": "#ar_15_3"},
				"east": {"uv": [6.5, 3, 7.5, 4.5], "texture": "#ar_15_3"},
				"south": {"uv": [7, 3, 9, 4.5], "texture": "#ar_15_3"},
				"west": {"uv": [8.5, 3, 9.5, 4.5], "texture": "#ar_15_3"},
				"up": {"uv": [7, 8.5, 9, 9.5], "texture": "#ar_15_3"},
				"down": {"uv": [9, 9.5, 7, 8.5], "texture": "#ar_15_3"}
			}
		},
		{
			"name": "3",
			"from": [6.92, 11.72, 17.72],
			"to": [9.08, 11.945, 18.8],
			"faces": {
				"north": {"uv": [7, 3, 9, 4.5], "texture": "#ar_15_3"},
				"east": {"uv": [6.5, 3, 7.5, 4.5], "texture": "#ar_15_3"},
				"south": {"uv": [7, 3, 9, 4.5], "texture": "#ar_15_3"},
				"west": {"uv": [8.5, 3, 9.5, 4.5], "texture": "#ar_15_3"},
				"up": {"uv": [7, 8.5, 9, 9.5], "texture": "#ar_15_3"},
				"down": {"uv": [9, 9.5, 7, 8.5], "texture": "#ar_15_3"}
			}
		},
		{
			"name": "3",
			"from": [6.92, 11.72, 18.44],
			"to": [9.08, 12.44, 18.8],
			"faces": {
				"north": {"uv": [7, 3, 9, 4.5], "texture": "#ar_15_3"},
				"east": {"uv": [6.5, 3, 7.5, 4.5], "texture": "#ar_15_3"},
				"south": {"uv": [7, 3, 9, 4.5], "texture": "#ar_15_3"},
				"west": {"uv": [8.5, 3, 9.5, 4.5], "texture": "#ar_15_3"},
				"up": {"uv": [7, 8.5, 9, 9.5], "texture": "#ar_15_3"},
				"down": {"uv": [9, 9.5, 7, 8.5], "texture": "#ar_15_3"}
			}
		},
		{
			"name": "3",
			"from": [7.28, 14.24, 16.28],
			"to": [8.72, 14.6, 16.82],
			"rotation": {"angle": 45, "axis": "x", "origin": [7.28, 14.6, 16.28]},
			"faces": {
				"north": {"uv": [7, 3, 9, 4.5], "texture": "#ar_15_3"},
				"east": {"uv": [6.5, 3, 7.5, 4.5], "texture": "#ar_15_3"},
				"south": {"uv": [7, 3, 9, 4.5], "texture": "#ar_15_3"},
				"west": {"uv": [8.5, 3, 9.5, 4.5], "texture": "#ar_15_3"},
				"up": {"uv": [7, 8.5, 9, 9.5], "texture": "#ar_15_3"},
				"down": {"uv": [9, 9.5, 7, 8.5], "texture": "#ar_15_3"}
			}
		},
		{
			"name": "3",
			"from": [7.28, 5.51, 14.84],
			"to": [8.72, 7.04, 15.56],
			"faces": {
				"north": {"uv": [7, 12, 9, 14.125], "texture": "#ar_15_3"},
				"east": {"uv": [0, 12, 2, 14], "texture": "#ar_15_3"},
				"south": {"uv": [7, 12, 9, 14.125], "texture": "#ar_15_3"},
				"west": {"uv": [9, 11, 16, 14], "texture": "#ar_15_3"},
				"up": {"uv": [7, 12, 9, 16], "texture": "#ar_15_3"},
				"down": {"uv": [9, 10, 7, 16], "texture": "#ar_15_3"}
			}
		},
		{
			"name": "3",
			"from": [7.1, 7.22, 11.825],
			"to": [8.9, 8.3, 12.545],
			"rotation": {"angle": 45, "axis": "x", "origin": [7.1, 8.3, 11.825]},
			"faces": {
				"north": {"uv": [6.75, 16, 9.25, 16], "texture": "#ar_15_3"},
				"east": {"uv": [0, 16, 1, 16], "texture": "#ar_15_3"},
				"south": {"uv": [6.75, 16, 9.25, 16], "texture": "#ar_15_3"},
				"west": {"uv": [15, 16, 16, 16], "texture": "#ar_15_3"},
				"up": {"uv": [6.75, 15, 9.25, 16], "texture": "#ar_15_3"},
				"down": {"uv": [9.25, 16, 6.75, 15], "texture": "#ar_15_3"}
			}
		},
		{
			"name": "3",
			"from": [7.64, 6.68, 13.4],
			"to": [8.36, 7.04, 14.48],
			"faces": {
				"north": {"uv": [7.5, 12, 8.5, 12.5], "texture": "#ar_15_3"},
				"east": {"uv": [0, 12, 0.5, 12.5], "texture": "#ar_15_3"},
				"south": {"uv": [7.5, 12, 8.5, 12.5], "texture": "#ar_15_3"},
				"west": {"uv": [15.5, 12, 16, 12.5], "texture": "#ar_15_3"},
				"up": {"uv": [7.5, 15.5, 8.5, 16], "texture": "#ar_15_3"},
				"down": {"uv": [8.5, 16, 7.5, 15.5], "texture": "#ar_15_3"}
			}
		},
		{
			"name": "3",
			"from": [7.64, 6.32, 13.76],
			"to": [8.36, 6.68, 14.12],
			"faces": {
				"north": {"uv": [7.5, 12.5, 8.5, 13], "texture": "#ar_15_3"},
				"east": {"uv": [0, 11, 8, 14], "texture": "#ar_15_3"},
				"south": {"uv": [7.5, 12.5, 8.5, 13], "texture": "#ar_15_3"},
				"west": {"uv": [9, 13, 16, 14], "texture": "#ar_15_3"},
				"up": {"uv": [8, 8, 11, 16], "texture": "#ar_15_3"},
				"down": {"uv": [8, 9, 11, 16], "texture": "#ar_15_3"}
			}
		},
		{
			"name": "3",
			"from": [7.64, 5.735, 13.76],
			"to": [8.36, 6.455, 14.12],
			"rotation": {"angle": 22.5, "axis": "x", "origin": [7.64, 6.455, 13.76]},
			"faces": {
				"north": {"uv": [7.5, 13, 8.5, 14], "texture": "#ar_15_3"},
				"east": {"uv": [0, 11, 8, 14], "texture": "#ar_15_3"},
				"south": {"uv": [7.5, 13, 8.5, 14], "texture": "#ar_15_3"},
				"west": {"uv": [9, 13, 16, 14], "texture": "#ar_15_3"},
				"up": {"uv": [8, 8, 11, 16], "texture": "#ar_15_3"},
				"down": {"uv": [8, 9, 11, 16], "texture": "#ar_15_3"}
			}
		},
		{
			"name": "3",
			"from": [7.075, 5.15, 15.56],
			"to": [8.925, 7.04, 17.765],
			"faces": {
				"north": {"uv": [6.75, 12, 9.25, 15], "texture": "#ar_15_3"},
				"east": {"uv": [0, 13, 3, 16], "texture": "#ar_15_3"},
				"south": {"uv": [6.75, 12, 9.25, 15], "texture": "#ar_15_3"},
				"west": {"uv": [12, 13, 16, 16], "texture": "#ar_15_3"},
				"up": {"uv": [7, 13, 10, 16], "texture": "#ar_15_3"},
				"down": {"uv": [9, 12, 7, 16], "texture": "#ar_15_3"}
			}
		},
		{
			"name": "3",
			"from": [7.28, 6.5, 16.595],
			"to": [8.72, 8.3, 18.98],
			"rotation": {"angle": -45, "axis": "x", "origin": [7.28, 8.3, 16.595]},
			"faces": {
				"north": {"uv": [7, 12.5, 9, 15], "texture": "#ar_15_3"},
				"east": {"uv": [0, 12, 2, 14], "texture": "#ar_15_3"},
				"south": {"uv": [7, 12.5, 9, 15], "texture": "#ar_15_3"},
				"west": {"uv": [9, 11, 16, 14], "texture": "#ar_15_3"},
				"up": {"uv": [7, 12, 9, 16], "texture": "#ar_15_3"},
				"down": {"uv": [9, 10, 7, 16], "texture": "#ar_15_3"}
			}
		},
		{
			"name": "3",
			"from": [7.1, 2.36, 15.56],
			"to": [8.9, 5.6, 17.72],
			"rotation": {"angle": -22.5, "axis": "x", "origin": [7.1, 5.6, 15.56]},
			"faces": {
				"north": {"uv": [6.75, 13, 9.25, 16], "texture": "#ar_15_3"},
				"east": {"uv": [0, 13, 3, 16], "texture": "#ar_15_3"},
				"south": {"uv": [6.75, 13, 9.25, 16], "texture": "#ar_15_3"},
				"west": {"uv": [12, 13, 16, 16], "texture": "#ar_15_3"},
				"up": {"uv": [7, 13, 10, 16], "texture": "#ar_15_3"},
				"down": {"uv": [9, 12, 7, 16], "texture": "#ar_15_3"}
			}
		},
		{
			"name": "3",
			"from": [9.08, 9.56, 14.12],
			"to": [9.44, 10.28, 14.84],
			"faces": {
				"north": {"uv": [8.5, 0, 9.5, 0.5], "texture": "#ar_15_3"},
				"east": {"uv": [4, 0, 7, 0.5], "texture": "#ar_15_3"},
				"south": {"uv": [6.5, 0, 7.5, 0.5], "texture": "#ar_15_3"},
				"west": {"uv": [9, 0, 12, 0.5], "texture": "#ar_15_3"},
				"up": {"uv": [6.5, 9, 7.5, 12], "texture": "#ar_15_3"},
				"down": {"uv": [9.5, 12, 8.5, 9], "texture": "#ar_15_3"}
			}
		},
		{
			"name": "3",
			"from": [8.72, 9.2, 8],
			"to": [8.7825, 10.64, 12.32],
			"faces": {
				"north": {"uv": [8.5, 0, 9.5, 0.5], "texture": "#ar_15_3"},
				"east": {"uv": [4, 0, 7, 0.5], "texture": "#ar_15_3"},
				"south": {"uv": [6.5, 0, 7.5, 0.5], "texture": "#ar_15_3"},
				"west": {"uv": [9, 0, 12, 0.5], "texture": "#ar_15_3"},
				"up": {"uv": [6.5, 9, 7.5, 12], "texture": "#ar_15_3"},
				"down": {"uv": [9.5, 12, 8.5, 9], "texture": "#ar_15_3"}
			}
		},
		{
			"name": "3",
			"from": [9.08, 10.28, 8],
			"to": [9.44, 10.64, 12.32],
			"faces": {
				"north": {"uv": [8.5, 0, 9.5, 0.5], "texture": "#ar_15_3"},
				"east": {"uv": [4, 0, 7, 0.5], "texture": "#ar_15_3"},
				"south": {"uv": [6.5, 0, 7.5, 0.5], "texture": "#ar_15_3"},
				"west": {"uv": [9, 0, 12, 0.5], "texture": "#ar_15_3"},
				"up": {"uv": [6.5, 9, 7.5, 12], "texture": "#ar_15_3"},
				"down": {"uv": [9.5, 12, 8.5, 9], "texture": "#ar_15_3"}
			}
		},
		{
			"name": "3",
			"from": [8.72, 7.76, 8.72],
			"to": [9.08, 8.48, 11.6],
			"faces": {
				"north": {"uv": [6.5, 10, 7, 11], "texture": "#ar_15_3"},
				"east": {"uv": [3, 10, 7, 11], "texture": "#ar_15_3"},
				"south": {"uv": [9, 10, 9.5, 11], "texture": "#ar_15_3"},
				"west": {"uv": [9, 10, 13, 11], "texture": "#ar_15_3"},
				"up": {"uv": [9, 9, 9.5, 13], "texture": "#ar_15_3"},
				"down": {"uv": [7, 13, 6.5, 9], "texture": "#ar_15_3"}
			}
		},
		{
			"name": "3",
			"from": [8.72, 5.96, 9.8],
			"to": [9.08, 8.48, 10.52],
			"faces": {
				"north": {"uv": [6.5, 10, 7, 13.5], "texture": "#ar_15_3"},
				"east": {"uv": [4.5, 10, 5.5, 13.5], "texture": "#ar_15_3"},
				"south": {"uv": [9, 10, 9.5, 13.5], "texture": "#ar_15_3"},
				"west": {"uv": [10.5, 10, 11.5, 13.5], "texture": "#ar_15_3"},
				"up": {"uv": [9, 10.5, 9.5, 11.5], "texture": "#ar_15_3"},
				"down": {"uv": [7, 11.5, 6.5, 10.5], "texture": "#ar_15_3"}
			}
		},
		{
			"name": "3",
			"from": [7.1, 8.12, 17.36],
			"to": [8.9, 8.48, 17.72],
			"faces": {
				"north": {"uv": [6.75, 10, 9.25, 10.5], "texture": "#ar_15_3"},
				"east": {"uv": [0, 10, 0, 10.5], "texture": "#ar_15_3"},
				"south": {"uv": [6.75, 10, 9.25, 10.5], "texture": "#ar_15_3"},
				"west": {"uv": [16, 10, 16, 10.5], "texture": "#ar_15_3"},
				"up": {"uv": [6.75, 16, 9.25, 16], "texture": "#ar_15_3"},
				"down": {"uv": [9.25, 16, 6.75, 16], "texture": "#ar_15_3"}
			}
		},
		{
			"name": "2",
			"from": [7.28, 7.76, -2.44],
			"to": [8.72, 8.12, -2.08],
			"faces": {
				"north": {"uv": [7, 10.5, 9, 11], "texture": "#ar_15_2"},
				"east": {"uv": [16, 10.5, 16, 11], "texture": "#ar_15_2"},
				"south": {"uv": [7, 10.5, 9, 11], "texture": "#ar_15_2"},
				"west": {"uv": [0, 10.5, 0, 11], "texture": "#ar_15_2"},
				"up": {"uv": [7, 0, 9, 0], "texture": "#ar_15_2"},
				"down": {"uv": [9, 0, 7, 0], "texture": "#ar_15_2"}
			}
		},
		{
			"name": "2",
			"from": [7.28, 7.76, -2.44],
			"to": [7.64, 8.84, -2.08],
			"faces": {
				"north": {"uv": [8.5, 9.5, 9, 11], "texture": "#ar_15_2"},
				"east": {"uv": [16, 9.5, 16, 11], "texture": "#ar_15_2"},
				"south": {"uv": [7, 9.5, 7.5, 11], "texture": "#ar_15_2"},
				"west": {"uv": [0, 9.5, 0, 11], "texture": "#ar_15_2"},
				"up": {"uv": [7, 0, 7.5, 0], "texture": "#ar_15_2"},
				"down": {"uv": [9, 0, 8.5, 0], "texture": "#ar_15_2"}
			}
		},
		{
			"name": "2",
			"from": [8.36, 7.76, -2.44],
			"to": [8.72, 8.84, -2.08],
			"faces": {
				"north": {"uv": [7, 9.5, 7.5, 11], "texture": "#ar_15_2"},
				"east": {"uv": [16, 9.5, 16, 11], "texture": "#ar_15_2"},
				"south": {"uv": [8.5, 9.5, 9, 11], "texture": "#ar_15_2"},
				"west": {"uv": [0, 9.5, 0, 11], "texture": "#ar_15_2"},
				"up": {"uv": [8.5, 0, 9, 0], "texture": "#ar_15_2"},
				"down": {"uv": [7.5, 0, 7, 0], "texture": "#ar_15_2"}
			}
		},
		{
			"name": "2",
			"from": [7.28, 8.48, -2.44],
			"to": [8.72, 8.84, -2.08],
			"faces": {
				"north": {"uv": [7, 9.5, 9, 10], "texture": "#ar_15_2"},
				"east": {"uv": [16, 9.5, 16, 10], "texture": "#ar_15_2"},
				"south": {"uv": [7, 9.5, 9, 10], "texture": "#ar_15_2"},
				"west": {"uv": [0, 9.5, 0, 10], "texture": "#ar_15_2"},
				"up": {"uv": [7, 0, 9, 0], "texture": "#ar_15_2"},
				"down": {"uv": [9, 0, 7, 0], "texture": "#ar_15_2"}
			}
		},
		{
			"name": "3",
			"from": [8, 12.44, 15.02],
			"to": [9.44, 13.16, 16.46],
			"rotation": {"angle": -45, "axis": "y", "origin": [8, 12.44, 15.02]},
			"faces": {
				"north": {"uv": [7, 4.5, 9, 5], "texture": "#ar_15_3"},
				"east": {"uv": [0, 4, 6, 5], "texture": "#ar_15_3"},
				"south": {"uv": [7, 4.5, 9, 5], "texture": "#ar_15_3"},
				"west": {"uv": [8, 4, 16, 5], "texture": "#ar_15_3"},
				"up": {"uv": [7, 11, 9, 16], "texture": "#ar_15_3"},
				"down": {"uv": [9, 10, 7, 16], "texture": "#ar_15_3"}
			}
		},
		{
			"name": "1",
			"from": [7.28, 10.64, -2.08],
			"to": [8.72, 11.72, 6.56],
			"faces": {
				"north": {"uv": [5.5, 7, 7, 9], "texture": "#ar_15_1"},
				"east": {"uv": [10, 7, 16, 9], "texture": "#ar_15_1"},
				"south": {"uv": [9, 7, 10.5, 9], "texture": "#ar_15_1"},
				"west": {"uv": [0, 7, 6, 9], "texture": "#ar_15_1"},
				"up": {"uv": [9, 0, 10.5, 6], "texture": "#ar_15_1"},
				"down": {"uv": [7, 6, 5.5, 0], "texture": "#ar_15_1"}
			}
		},
		{
			"name": "3",
			"from": [9.08, 8.84, 8],
			"to": [9.1425, 10.28, 12.32],
			"rotation": {"angle": 22.5, "axis": "z", "origin": [9.08, 10.28, 8]},
			"faces": {
				"north": {"uv": [8.5, 0, 9.5, 0.5], "texture": "#ar_15_3"},
				"east": {"uv": [4, 0, 7, 0.5], "texture": "#ar_15_3"},
				"south": {"uv": [6.5, 0, 7.5, 0.5], "texture": "#ar_15_3"},
				"west": {"uv": [9, 0, 12, 0.5], "texture": "#ar_15_3"},
				"up": {"uv": [6.5, 9, 7.5, 12], "texture": "#ar_15_3"},
				"down": {"uv": [9.5, 12, 8.5, 9], "texture": "#ar_15_3"}
			}
		},
		{
			"name": "3",
			"from": [8.36, 9.56, 15.92],
			"to": [9.08, 10.28, 18.08],
			"rotation": {"angle": 22.5, "axis": "y", "origin": [8.36, 9.56, 15.92]},
			"faces": {
				"north": {"uv": [7, 3, 9, 4.5], "texture": "#ar_15_3"},
				"east": {"uv": [6.5, 3, 7.5, 4.5], "texture": "#ar_15_3"},
				"south": {"uv": [7, 3, 9, 4.5], "texture": "#ar_15_3"},
				"west": {"uv": [8.5, 3, 9.5, 4.5], "texture": "#ar_15_3"},
				"up": {"uv": [7, 8.5, 9, 9.5], "texture": "#ar_15_3"},
				"down": {"uv": [9, 9.5, 7, 8.5], "texture": "#ar_15_3"}
			}
		},
		{
			"name": "3",
			"from": [7.28, 8.84, 19.52],
			"to": [8.72, 11, 20.24],
			"faces": {
				"north": {"uv": [6.5, 7, 9.5, 9], "texture": "#ar_15_3"},
				"east": {"uv": [0, 7, 8.5, 9], "texture": "#ar_15_3"},
				"south": {"uv": [6.5, 7, 9.5, 9], "texture": "#ar_15_3"},
				"west": {"uv": [7.5, 7, 16, 9], "texture": "#ar_15_3"},
				"up": {"uv": [6.5, 7.5, 9.5, 16], "texture": "#ar_15_3"},
				"down": {"uv": [9.5, 16, 6.5, 7.5], "texture": "#ar_15_3"}
			}
		},
		{
			"name": "3",
			"from": [6.92, 9.2, 19.52],
			"to": [9.08, 10.64, 20.24],
			"faces": {
				"north": {"uv": [6.5, 7, 9.5, 9], "texture": "#ar_15_3"},
				"east": {"uv": [0, 7, 8.5, 9], "texture": "#ar_15_3"},
				"south": {"uv": [6.5, 7, 9.5, 9], "texture": "#ar_15_3"},
				"west": {"uv": [7.5, 7, 16, 9], "texture": "#ar_15_3"},
				"up": {"uv": [6.5, 7.5, 9.5, 16], "texture": "#ar_15_3"},
				"down": {"uv": [9.5, 16, 6.5, 7.5], "texture": "#ar_15_3"}
			}
		},
		{
			"name": "3",
			"from": [6.56, 9.2, 20.24],
			"to": [9.44, 10.64, 28.88],
			"faces": {
				"north": {"uv": [6.5, 7, 9.5, 9], "texture": "#ar_15_3"},
				"east": {"uv": [0, 7, 8.5, 9], "texture": "#ar_15_3"},
				"south": {"uv": [6.5, 7, 9.5, 9], "texture": "#ar_15_3"},
				"west": {"uv": [7.5, 7, 16, 9], "texture": "#ar_15_3"},
				"up": {"uv": [6.5, 7.5, 9.5, 16], "texture": "#ar_15_3"},
				"down": {"uv": [9.5, 16, 6.5, 7.5], "texture": "#ar_15_3"}
			}
		},
		{
			"name": "3",
			"from": [7.28, 8.48, 20.24],
			"to": [8.72, 11.36, 28.88],
			"faces": {
				"north": {"uv": [6.5, 7, 9.5, 9], "texture": "#ar_15_3"},
				"east": {"uv": [0, 7, 8.5, 9], "texture": "#ar_15_3"},
				"south": {"uv": [6.5, 7, 9.5, 9], "texture": "#ar_15_3"},
				"west": {"uv": [7.5, 7, 16, 9], "texture": "#ar_15_3"},
				"up": {"uv": [6.5, 7.5, 9.5, 16], "texture": "#ar_15_3"},
				"down": {"uv": [9.5, 16, 6.5, 7.5], "texture": "#ar_15_3"}
			}
		},
		{
			"name": "3",
			"from": [7.28, 10.28, 20.24],
			"to": [8, 11.36, 28.88],
			"rotation": {"angle": -45, "axis": "z", "origin": [7.28, 11.36, 20.24]},
			"faces": {
				"north": {"uv": [6.5, 7, 9.5, 9], "texture": "#ar_15_3"},
				"east": {"uv": [0, 7, 8.5, 9], "texture": "#ar_15_3"},
				"south": {"uv": [6.5, 7, 9.5, 9], "texture": "#ar_15_3"},
				"west": {"uv": [7.5, 7, 16, 9], "texture": "#ar_15_3"},
				"up": {"uv": [6.5, 7.5, 9.5, 16], "texture": "#ar_15_3"},
				"down": {"uv": [9.5, 16, 6.5, 7.5], "texture": "#ar_15_3"}
			}
		},
		{
			"name": "3",
			"from": [8.225, 9.74, 20.24],
			"to": [8.945, 10.82, 28.88],
			"rotation": {"angle": 45, "axis": "z", "origin": [8.225, 10.82, 20.24]},
			"faces": {
				"north": {"uv": [6.5, 7, 9.5, 9], "texture": "#ar_15_3"},
				"east": {"uv": [0, 7, 8.5, 9], "texture": "#ar_15_3"},
				"south": {"uv": [6.5, 7, 9.5, 9], "texture": "#ar_15_3"},
				"west": {"uv": [7.5, 7, 16, 9], "texture": "#ar_15_3"},
				"up": {"uv": [6.5, 7.5, 9.5, 16], "texture": "#ar_15_3"},
				"down": {"uv": [9.5, 16, 6.5, 7.5], "texture": "#ar_15_3"}
			}
		},
		{
			"name": "3",
			"from": [8.945, 8.66, 20.24],
			"to": [9.665, 9.74, 28.88],
			"rotation": {"angle": -45, "axis": "z", "origin": [8.945, 9.74, 20.24]},
			"faces": {
				"north": {"uv": [6.5, 7, 9.5, 9], "texture": "#ar_15_3"},
				"east": {"uv": [0, 7, 8.5, 9], "texture": "#ar_15_3"},
				"south": {"uv": [6.5, 7, 9.5, 9], "texture": "#ar_15_3"},
				"west": {"uv": [7.5, 7, 16, 9], "texture": "#ar_15_3"},
				"up": {"uv": [6.5, 7.5, 9.5, 16], "texture": "#ar_15_3"},
				"down": {"uv": [9.5, 16, 6.5, 7.5], "texture": "#ar_15_3"}
			}
		},
		{
			"name": "3",
			"from": [6.515, 8.165, 20.24],
			"to": [7.235, 9.245, 28.88],
			"rotation": {"angle": 45, "axis": "z", "origin": [6.515, 9.245, 20.24]},
			"faces": {
				"north": {"uv": [6.5, 7, 9.5, 9], "texture": "#ar_15_3"},
				"east": {"uv": [0, 7, 8.5, 9], "texture": "#ar_15_3"},
				"south": {"uv": [6.5, 7, 9.5, 9], "texture": "#ar_15_3"},
				"west": {"uv": [7.5, 7, 16, 9], "texture": "#ar_15_3"},
				"up": {"uv": [6.5, 7.5, 9.5, 16], "texture": "#ar_15_3"},
				"down": {"uv": [9.5, 16, 6.5, 7.5], "texture": "#ar_15_3"}
			}
		},
		{
			"name": "3",
			"from": [7.64, 7.04, 23.12],
			"to": [8.36, 8.12, 28.88],
			"faces": {
				"north": {"uv": [6.5, 7, 9.5, 9], "texture": "#ar_15_3"},
				"east": {"uv": [0, 7, 8.5, 9], "texture": "#ar_15_3"},
				"south": {"uv": [6.5, 7, 9.5, 9], "texture": "#ar_15_3"},
				"west": {"uv": [7.5, 7, 16, 9], "texture": "#ar_15_3"},
				"up": {"uv": [6.5, 7.5, 9.5, 16], "texture": "#ar_15_3"},
				"down": {"uv": [9.5, 16, 6.5, 7.5], "texture": "#ar_15_3"}
			}
		},
		{
			"name": "3",
			"from": [7.64, 8.12, 28.52],
			"to": [8.36, 8.48, 28.88],
			"faces": {
				"north": {"uv": [6.5, 7, 9.5, 9], "texture": "#ar_15_3"},
				"east": {"uv": [0, 7, 8.5, 9], "texture": "#ar_15_3"},
				"south": {"uv": [6.5, 7, 9.5, 9], "texture": "#ar_15_3"},
				"west": {"uv": [7.5, 7, 16, 9], "texture": "#ar_15_3"},
				"up": {"uv": [6.5, 7.5, 9.5, 16], "texture": "#ar_15_3"},
				"down": {"uv": [9.5, 16, 6.5, 7.5], "texture": "#ar_15_3"}
			}
		},
		{
			"name": "3",
			"from": [7.64, 8.12, 23.12],
			"to": [8.36, 8.48, 26.72],
			"faces": {
				"north": {"uv": [6.5, 7, 9.5, 9], "texture": "#ar_15_3"},
				"east": {"uv": [0, 7, 8.5, 9], "texture": "#ar_15_3"},
				"south": {"uv": [6.5, 7, 9.5, 9], "texture": "#ar_15_3"},
				"west": {"uv": [7.5, 7, 16, 9], "texture": "#ar_15_3"},
				"up": {"uv": [6.5, 7.5, 9.5, 16], "texture": "#ar_15_3"},
				"down": {"uv": [9.5, 16, 6.5, 7.5], "texture": "#ar_15_3"}
			}
		},
		{
			"name": "3",
			"from": [7.64, 7.04, 24.56],
			"to": [8.36, 8.12, 27.44],
			"rotation": {"angle": 22.5, "axis": "x", "origin": [7.64, 8.12, 24.56]},
			"faces": {
				"north": {"uv": [6.5, 7, 9.5, 9], "texture": "#ar_15_3"},
				"east": {"uv": [0, 7, 8.5, 9], "texture": "#ar_15_3"},
				"south": {"uv": [6.5, 7, 9.5, 9], "texture": "#ar_15_3"},
				"west": {"uv": [7.5, 7, 16, 9], "texture": "#ar_15_3"},
				"up": {"uv": [6.5, 7.5, 9.5, 16], "texture": "#ar_15_3"},
				"down": {"uv": [9.5, 16, 6.5, 7.5], "texture": "#ar_15_3"}
			}
		},
		{
			"name": "3",
			"from": [7.64, 7.04, 26.72],
			"to": [8.36, 8.12, 29.735],
			"rotation": {"angle": 45, "axis": "x", "origin": [7.64, 8.12, 26.72]},
			"faces": {
				"north": {"uv": [6.5, 7, 9.5, 9], "texture": "#ar_15_3"},
				"east": {"uv": [0, 7, 8.5, 9], "texture": "#ar_15_3"},
				"south": {"uv": [6.5, 7, 9.5, 9], "texture": "#ar_15_3"},
				"west": {"uv": [7.5, 7, 16, 9], "texture": "#ar_15_3"},
				"up": {"uv": [6.5, 7.5, 9.5, 16], "texture": "#ar_15_3"},
				"down": {"uv": [9.5, 16, 6.5, 7.5], "texture": "#ar_15_3"}
			}
		},
		{
			"name": "3",
			"from": [7.64, 6.005, 27.44],
			"to": [8.36, 7.76, 28.88],
			"faces": {
				"north": {"uv": [6.5, 7, 9.5, 9], "texture": "#ar_15_3"},
				"east": {"uv": [0, 7, 8.5, 9], "texture": "#ar_15_3"},
				"south": {"uv": [6.5, 7, 9.5, 9], "texture": "#ar_15_3"},
				"west": {"uv": [7.5, 7, 16, 9], "texture": "#ar_15_3"},
				"up": {"uv": [6.5, 7.5, 9.5, 16], "texture": "#ar_15_3"},
				"down": {"uv": [9.5, 16, 6.5, 7.5], "texture": "#ar_15_3"}
			}
		},
		{
			"name": "3",
			"from": [7.64, 6.68, 23.48],
			"to": [8.36, 7.04, 24.2],
			"faces": {
				"north": {"uv": [6.5, 7, 9.5, 9], "texture": "#ar_15_3"},
				"east": {"uv": [0, 7, 8.5, 9], "texture": "#ar_15_3"},
				"south": {"uv": [6.5, 7, 9.5, 9], "texture": "#ar_15_3"},
				"west": {"uv": [7.5, 7, 16, 9], "texture": "#ar_15_3"},
				"up": {"uv": [6.5, 7.5, 9.5, 16], "texture": "#ar_15_3"},
				"down": {"uv": [9.5, 16, 6.5, 7.5], "texture": "#ar_15_3"}
			}
		},
		{
			"name": "3",
			"from": [6.56, 6.32, 28.52],
			"to": [7.28, 9.2, 28.88],
			"rotation": {"angle": 22.5, "axis": "z", "origin": [6.56, 9.2, 28.52]},
			"faces": {
				"north": {"uv": [6.5, 7, 9.5, 9], "texture": "#ar_15_3"},
				"east": {"uv": [0, 7, 8.5, 9], "texture": "#ar_15_3"},
				"south": {"uv": [6.5, 7, 9.5, 9], "texture": "#ar_15_3"},
				"west": {"uv": [7.5, 7, 16, 9], "texture": "#ar_15_3"},
				"up": {"uv": [6.5, 7.5, 9.5, 16], "texture": "#ar_15_3"},
				"down": {"uv": [9.5, 16, 6.5, 7.5], "texture": "#ar_15_3"}
			}
		},
		{
			"name": "3",
			"from": [8.765, 6.59, 28.52],
			"to": [9.485, 9.47, 28.88],
			"rotation": {"angle": -22.5, "axis": "z", "origin": [8.765, 9.47, 28.52]},
			"faces": {
				"north": {"uv": [6.5, 7, 9.5, 9], "texture": "#ar_15_3"},
				"east": {"uv": [0, 7, 8.5, 9], "texture": "#ar_15_3"},
				"south": {"uv": [6.5, 7, 9.5, 9], "texture": "#ar_15_3"},
				"west": {"uv": [7.5, 7, 16, 9], "texture": "#ar_15_3"},
				"up": {"uv": [6.5, 7.5, 9.5, 16], "texture": "#ar_15_3"},
				"down": {"uv": [9.5, 16, 6.5, 7.5], "texture": "#ar_15_3"}
			}
		},
		{
			"name": "1",
			"from": [6.56, 8.84, 6.56],
			"to": [9.44, 11, 7.28],
			"faces": {
				"north": {"uv": [6.5, 6, 9.5, 10], "texture": "#ar_15_1"},
				"east": {"uv": [9, 6, 10, 10], "texture": "#ar_15_1"},
				"south": {"uv": [6.5, 6, 9.5, 10], "texture": "#ar_15_1"},
				"west": {"uv": [6, 6, 7, 10], "texture": "#ar_15_1"},
				"up": {"uv": [6.5, 6, 9.5, 7], "texture": "#ar_15_1"},
				"down": {"uv": [9.5, 7, 6.5, 6], "texture": "#ar_15_1"}
			}
		}
	],
	"gui_light": "front",
	"display": {
		"thirdperson_righthand": {
			"translation": [0, 0, -2],
			"scale": [0.6, 0.6, 0.6]
		},
		"thirdperson_lefthand": {
			"translation": [0, 2.8, -1.9],
			"scale": [0.6, 0.6, 0.6]
		},
		"firstperson_righthand": {
			"rotation": [9, 0, 0],
			"translation": [7.5, 0, 0]
		},
		"firstperson_lefthand": {
			"rotation": [8, 0, 0],
			"translation": [-9.125, 1.5, -1.75]
		},
		"ground": {
			"scale": [0.6, 0.6, 0.6]
		},
		"gui": {
			"rotation": [0, -90, 0],
			"scale": [0.5, 0.5, 0.5]
		},
		"head": {
			"rotation": [45, 90, 0],
			"translation": [-1, -7.5, 2.5]
		},
		"fixed": {
			"rotation": [0, 90, 0],
			"translation": [-0.75, 0, 0],
			"scale": [0.8, 0.5, 0.5]
		}
	}
}