{
	"format_version": "1.21.11",
	"credit": "Made with Blockbench by Sibogy",
	"textures": {
		"1": "guns/chey1",
		"3": "guns/schwarz_15",
		"4": "guns/bfg_1",
		"5": "guns/bfg_anim",
		"7": "guns/schwarz_10",
		"8": "guns/glowinggreen",
		"9": "guns/bfg_1_fade",
		"10": "guns/bfg_grey_fade",
		"11": "guns/bfg_anim_32",
		"12": "guns/bfg_1_fade_anim",
		"13": "guns/bfg_1red_fade",
		"14": "guns/metal",
		"particle": "guns/chey1"
	},
	"elements": [
		{
			"from": [7.5, 6.875, 11.03125],
			"to": [11, 8.5, 15.53745],
			"faces": {
				"east": {"uv": [0, 0, 11, 16], "rotation": 270, "texture": "#9"},
				"south": {"uv": [0, 0, 7.5, 15.5], "rotation": 270, "texture": "#9"},
				"west": {"uv": [0, 0, 8.5, 15.5], "rotation": 270, "texture": "#9"},
				"up": {"uv": [0, 0, 13, 16], "rotation": 90, "texture": "#9"},
				"down": {"uv": [1, 2, 6, 3.5], "texture": "#4"}
			}
		},
		{
			"from": [5.24805, 7.96875, -2.71875],
			"to": [8.17005, 8.60938, 6.04347],
			"rotation": {"angle": 0, "axis": "y", "origin": [7.9375, 8.1875, 11.5]},
			"faces": {
				"north": {"uv": [4, 4, 5, 5], "texture": "#4"},
				"east": {"uv": [2, 2, 6, 14.5], "rotation": 90, "texture": "#12"},
				"south": {"uv": [3.5, 2.5, 4.5, 3.5], "texture": "#4"},
				"up": {"uv": [0, 0, 13.5, 16], "rotation": 180, "texture": "#9"},
				"down": {"uv": [1, 2, 6, 3.5], "texture": "#4"}
			}
		},
		{
			"from": [6.28125, 7.89245, -2.71875],
			"to": [7.17188, 8.93945, 3.04347],
			"rotation": {"angle": 0, "axis": "z", "origin": [6.5, 6.875, 11.5]},
			"faces": {
				"north": {"uv": [4, 4, 5, 5], "rotation": 270, "texture": "#4"},
				"east": {"uv": [0, 0, 13.5, 16], "rotation": 90, "texture": "#9"},
				"south": {"uv": [2, 6.5, 5.5, 10], "rotation": 90, "texture": "#9"},
				"west": {"uv": [1, 2, 6, 3.5], "rotation": 90, "texture": "#4"},
				"up": {"uv": [0, 0, 7, 16], "rotation": 180, "texture": "#4"},
				"down": {"uv": [0, 2, 5.5, 10.5], "texture": "#9"}
			}
		},
		{
			"from": [6.375, 8.4237, 2.90625],
			"to": [7.04688, 8.9082, 4.66847],
			"rotation": {"angle": 0, "axis": "z", "origin": [6.375, 6.78125, 12.875]},
			"faces": {
				"east": {"uv": [0, 0, 13.5, 16], "rotation": 270, "texture": "#14"},
				"south": {"uv": [2, 6.5, 5.5, 10], "rotation": 90, "texture": "#14"},
				"west": {"uv": [1, 2, 16, 16], "rotation": 90, "texture": "#14"},
				"up": {"uv": [0, 0, 15, 16], "rotation": 180, "texture": "#14"}
			}
		},
		{
			"from": [11.4375, 8.4237, 2.90625],
			"to": [12.10938, 8.9082, 4.66847],
			"rotation": {"angle": 0, "axis": "z", "origin": [11.4375, 6.78125, 12.875]},
			"faces": {
				"east": {"uv": [0, 0, 13.5, 16], "rotation": 270, "texture": "#14"},
				"south": {"uv": [2, 6.5, 5.5, 10], "rotation": 90, "texture": "#14"},
				"west": {"uv": [1, 2, 16, 16], "rotation": 90, "texture": "#14"},
				"up": {"uv": [0, 0, 15, 16], "rotation": 180, "texture": "#14"}
			}
		},
		{
			"from": [11.5, 4.77073, 3.0957],
			"to": [12.04688, 5.22398, 4.85792],
			"rotation": {"angle": 22.5, "axis": "x", "origin": [6.375, 3.12828, 13.06445]},
			"faces": {
				"east": {"uv": [0, 0, 15, 16], "texture": "#14"},
				"south": {"uv": [0, 0, 15, 16], "texture": "#14"},
				"west": {"uv": [0, 0, 15, 16], "texture": "#14"},
				"up": {"uv": [0, 0, 15, 16], "texture": "#14"},
				"down": {"uv": [0, 0, 15, 16], "texture": "#14"}
			}
		},
		{
			"from": [6.4375, 4.77073, 3.0957],
			"to": [6.98438, 5.22398, 4.85792],
			"rotation": {"angle": 22.5, "axis": "x", "origin": [1.3125, 3.12828, 13.06445]},
			"faces": {
				"east": {"uv": [0, 0, 15, 16], "texture": "#14"},
				"south": {"uv": [0, 0, 15, 16], "texture": "#14"},
				"west": {"uv": [0, 0, 15, 16], "texture": "#14"},
				"up": {"uv": [0, 0, 15, 16], "texture": "#14"},
				"down": {"uv": [0, 0, 15, 16], "texture": "#14"}
			}
		},
		{
			"from": [11.32812, 7.89245, -2.71875],
			"to": [12.21875, 8.93945, 3.04347],
			"rotation": {"angle": 0, "axis": "z", "origin": [12, 6.875, 11.5]},
			"faces": {
				"north": {"uv": [4, 5, 5, 4], "rotation": 270, "texture": "#4"},
				"east": {"uv": [1, 3.5, 6, 2], "rotation": 90, "texture": "#4"},
				"south": {"uv": [2, 10, 5.5, 6.5], "rotation": 90, "texture": "#9"},
				"west": {"uv": [0, 16, 13.5, 0], "rotation": 90, "texture": "#9"},
				"up": {"uv": [7, 0, 0, 16], "rotation": 180, "texture": "#4"},
				"down": {"uv": [5.5, 2, 0, 10.5], "texture": "#9"}
			}
		},
		{
			"from": [6.95881, 7.98541, -2.71875],
			"to": [7.84944, 8.90741, 3.04347],
			"rotation": {"angle": 45, "axis": "z", "origin": [7.17756, 6.96796, 11.5]},
			"faces": {
				"north": {"uv": [4, 4, 5, 5], "rotation": 270, "texture": "#4"},
				"south": {"uv": [2, 6.5, 5.5, 10], "rotation": 90, "texture": "#9"},
				"west": {"uv": [1, 2, 6, 3.5], "rotation": 90, "texture": "#4"},
				"up": {"uv": [0, 0, 8, 16], "texture": "#9"},
				"down": {"uv": [0, 2, 5.5, 10.5], "texture": "#9"}
			}
		},
		{
			"from": [10.65056, 7.98541, -2.71875],
			"to": [11.54119, 8.90741, 3.04347],
			"rotation": {"angle": -45, "axis": "z", "origin": [11.32244, 6.96796, 11.5]},
			"faces": {
				"north": {"uv": [4, 5, 5, 4], "rotation": 270, "texture": "#4"},
				"east": {"uv": [1, 3.5, 6, 2], "rotation": 90, "texture": "#4"},
				"south": {"uv": [2, 10, 5.5, 6.5], "rotation": 90, "texture": "#9"},
				"up": {"uv": [8, 0, 0, 16], "texture": "#9"},
				"down": {"uv": [5.5, 2, 0, 10.5], "texture": "#9"}
			}
		},
		{
			"from": [5.73641, 8.30582, -2.71875],
			"to": [6.12704, 9.22782, 3.04347],
			"rotation": {"angle": -45, "axis": "z", "origin": [5.95516, 7.28837, 11.5]},
			"faces": {
				"north": {"uv": [4, 4, 5, 5], "rotation": 270, "texture": "#4"},
				"east": {"uv": [0, 0, 13.5, 16], "rotation": 90, "texture": "#9"},
				"south": {"uv": [2, 6.5, 5.5, 10], "rotation": 90, "texture": "#9"},
				"up": {"uv": [0, 0, 13, 16], "rotation": 180, "texture": "#13"},
				"down": {"uv": [0, 2, 5.5, 10.5], "texture": "#9"}
			}
		},
		{
			"from": [12.37296, 8.30582, -2.71875],
			"to": [12.76359, 9.22782, 3.04347],
			"rotation": {"angle": 45, "axis": "z", "origin": [12.54484, 7.28837, 11.5]},
			"faces": {
				"north": {"uv": [4, 5, 5, 4], "rotation": 270, "texture": "#4"},
				"south": {"uv": [2, 10, 5.5, 6.5], "rotation": 90, "texture": "#9"},
				"west": {"uv": [0, 16, 13.5, 0], "rotation": 90, "texture": "#9"},
				"up": {"uv": [13, 0, 0, 16], "rotation": 180, "texture": "#13"},
				"down": {"uv": [5.5, 2, 0, 10.5], "texture": "#9"}
			}
		},
		{
			"from": [10.26745, 7.96875, -2.71875],
			"to": [13.18945, 8.60938, 6.04347],
			"rotation": {"angle": 0, "axis": "y", "origin": [10.5, 8.1875, 11.5]},
			"faces": {
				"north": {"uv": [5, 4, 4, 5], "texture": "#4"},
				"south": {"uv": [4.5, 2.5, 3.5, 3.5], "texture": "#4"},
				"west": {"uv": [6.5, 1, 0, 13], "rotation": 270, "texture": "#12"},
				"up": {"uv": [13.5, 0, 0, 16], "rotation": 180, "texture": "#9"},
				"down": {"uv": [6, 2, 1, 3.5], "texture": "#4"}
			}
		},
		{
			"from": [8.76896, 8.70069, -3.21875],
			"to": [9.73784, 8.96632, -2.08153],
			"rotation": {"angle": 0, "axis": "z", "origin": [11.45841, 8.71632, 9.875]},
			"faces": {
				"north": {"uv": [4, 4, 5, 5], "texture": "#1"},
				"east": {"uv": [2, 2, 5.5, 3], "texture": "#1"},
				"south": {"uv": [0, 0, 12.5, 16], "rotation": 270, "texture": "#10"},
				"west": {"uv": [2, 2.5, 5.5, 3.5], "texture": "#1"},
				"up": {"uv": [3, 1.5, 4, 5], "texture": "#7"},
				"down": {"uv": [1, 2, 6, 3.5], "texture": "#1"}
			}
		},
		{
			"from": [8.76896, 8.70069, 1.875],
			"to": [9.73784, 8.96632, 2.66847],
			"rotation": {"angle": 0, "axis": "z", "origin": [11.45841, 8.71632, 14.625]},
			"faces": {
				"north": {"uv": [4, 4, 5, 5], "texture": "#1"},
				"east": {"uv": [2, 2, 5.5, 3], "texture": "#1"},
				"south": {"uv": [0, 0, 12.5, 16], "rotation": 270, "texture": "#10"},
				"west": {"uv": [2, 2.5, 5.5, 3.5], "texture": "#1"},
				"up": {"uv": [3, 1.5, 4, 5], "texture": "#7"},
				"down": {"uv": [1, 2, 6, 3.5], "texture": "#1"}
			}
		},
		{
			"from": [7.76896, 5.45069, -3.5],
			"to": [10.67534, 6.17171, -0.58153],
			"rotation": {"angle": 0, "axis": "z", "origin": [11.45841, 6.79444, 9.875]},
			"faces": {
				"north": {"uv": [0, 7, 2.5, 13], "rotation": 270, "texture": "#7"},
				"east": {"uv": [2, 2, 5.5, 3], "texture": "#7"},
				"west": {"uv": [2, 2.5, 5.5, 3.5], "texture": "#7"},
				"up": {"uv": [0, 6.5, 1.5, 10.5], "rotation": 180, "texture": "#7"},
				"down": {"uv": [1, 2, 6, 3.5], "texture": "#7"}
			}
		},
		{
			"from": [8.01896, 6.23194, -3.21875],
			"to": [10.42534, 6.70296, -2.08153],
			"rotation": {"angle": 0, "axis": "z", "origin": [11.45841, 7.32569, 9.875]},
			"faces": {
				"north": {"uv": [0, 1.5, 6.5, 9.5], "rotation": 270, "texture": "#10"},
				"up": {"uv": [0, 5, 5.5, 14.5], "rotation": 90, "texture": "#12"},
				"down": {"uv": [1, 2, 6, 3.5], "texture": "#10"}
			}
		},
		{
			"from": [8.01896, 6.16944, -2.96875],
			"to": [10.42534, 6.82796, -2.08153],
			"rotation": {"angle": 0, "axis": "z", "origin": [11.45841, 7.26319, 9.875]},
			"faces": {
				"north": {"uv": [0, 4.5, 7.5, 11.5], "rotation": 270, "texture": "#7"},
				"south": {"uv": [0, 0, 12.5, 16], "rotation": 270, "texture": "#7"},
				"up": {"uv": [3, 1.5, 4, 5], "texture": "#7"}
			}
		},
		{
			"from": [9.98771, 5.82569, -3.25],
			"to": [10.47221, 8.56007, -2.08153],
			"rotation": {"angle": 0, "axis": "z", "origin": [11.45841, 6.79444, 9.875]},
			"faces": {
				"north": {"uv": [0, 7, 9.5, 16], "texture": "#7"},
				"east": {"uv": [0, 0.5, 5, 14], "texture": "#7"},
				"south": {"uv": [0, 0.5, 5, 14], "texture": "#7"},
				"west": {"uv": [0, 0.5, 5, 14], "texture": "#7"},
				"up": {"uv": [0, 0.5, 5, 14], "texture": "#7"}
			}
		},
		{
			"from": [7.98771, 5.88024, -3.25],
			"to": [8.47221, 8.56007, -2.08153],
			"rotation": {"angle": 0, "axis": "z", "origin": [9.45841, 6.79444, 9.875]},
			"faces": {
				"north": {"uv": [0, 4.5, 8, 16], "rotation": 180, "texture": "#7"},
				"east": {"uv": [0, 0, 5.5, 16], "texture": "#7"},
				"south": {"uv": [4, 4, 5, 5], "texture": "#7"},
				"west": {"uv": [4, 4, 5, 5], "texture": "#7"},
				"up": {"uv": [4, 4, 5, 5], "texture": "#7"}
			}
		},
		{
			"from": [7.9668, 8.95313, -3.21875],
			"to": [8.8263, 9.21875, -2.08153],
			"rotation": {"angle": 22.5, "axis": "z", "origin": [9.4375, 8.96875, 9.875]},
			"faces": {
				"north": {"uv": [4, 4, 5, 5], "texture": "#10"},
				"south": {"uv": [0, 6, 12.5, 9], "rotation": 270, "texture": "#10"},
				"west": {"uv": [2, 2.5, 5.5, 3.5], "texture": "#10"},
				"up": {"uv": [0, 0.5, 11, 14.5], "rotation": 180, "texture": "#7"},
				"down": {"uv": [1, 2, 6, 3.5], "texture": "#10"}
			}
		},
		{
			"from": [7.9668, 8.95313, 1.875],
			"to": [8.8263, 9.21875, 2.66847],
			"rotation": {"angle": 22.5, "axis": "z", "origin": [9.4375, 8.96875, 14.625]},
			"faces": {
				"north": {"uv": [4, 4, 5, 5], "texture": "#10"},
				"south": {"uv": [0, 6, 12.5, 9], "rotation": 270, "texture": "#10"},
				"up": {"uv": [0, 0.5, 11, 14.5], "rotation": 180, "texture": "#7"},
				"down": {"uv": [1, 2, 6, 3.5], "texture": "#10"}
			}
		},
		{
			"from": [7.37305, 8.60938, -2.6875],
			"to": [8.29505, 9.10938, 5.75584],
			"rotation": {"angle": 22.5, "axis": "z", "origin": [8.8125, 8.85938, 11.5]},
			"faces": {
				"north": {"uv": [4, 4, 5, 5], "texture": "#4"},
				"east": {"uv": [0, 0, 16, 16], "rotation": 270, "texture": "#12"},
				"south": {"uv": [3.5, 2.5, 4.5, 3.5], "texture": "#4"},
				"up": {"uv": [2.5, 0, 10.5, 16], "texture": "#10"},
				"down": {"uv": [1, 2, 6, 3.5], "texture": "#4"}
			}
		},
		{
			"from": [4.8325, 8.35056, -2.71875],
			"to": [5.56578, 9.1008, 6.13084],
			"rotation": {"angle": 22.5, "axis": "z", "origin": [6.28757, 8.72556, 11.5]},
			"faces": {
				"north": {"uv": [4, 4, 5, 5], "texture": "#4"},
				"east": {"uv": [0, 0, 7.5, 16], "rotation": 270, "texture": "#9"},
				"south": {"uv": [0, 1.5, 9.5, 11.5], "rotation": 270, "texture": "#9"},
				"west": {"uv": [2, 2.5, 16, 7.5], "texture": "#4"},
				"up": {"uv": [2.5, 0, 10.5, 16], "texture": "#9"},
				"down": {"uv": [1, 2, 6, 3.5], "texture": "#4"}
			}
		},
		{
			"from": [12.87172, 8.35056, -2.71875],
			"to": [13.605, 9.1008, 6.13084],
			"rotation": {"angle": -22.5, "axis": "z", "origin": [12.14993, 8.72556, 11.5]},
			"faces": {
				"north": {"uv": [5, 4, 4, 5], "texture": "#4"},
				"east": {"uv": [5.5, 2.5, 2, 3.5], "texture": "#4"},
				"south": {"uv": [0, 11.5, 9.5, 1.5], "rotation": 270, "texture": "#9"},
				"west": {"uv": [0, 16, 7.5, 0], "rotation": 270, "texture": "#9"},
				"up": {"uv": [10.5, 0, 2.5, 16], "texture": "#9"},
				"down": {"uv": [6, 2, 1, 3.5], "texture": "#4"}
			}
		},
		{
			"from": [10.39409, 7.85056, -3.02821],
			"to": [13.36868, 8.6008, -2.04493],
			"rotation": {"angle": 0, "axis": "y", "origin": [-0.85007, 8.22556, -3.5]},
			"faces": {
				"north": {"uv": [0, 16, 7.5, 0], "rotation": 270, "texture": "#9"},
				"east": {"uv": [5, 4, 4, 5], "texture": "#4"},
				"south": {"uv": [5.5, 2.5, 2, 3.5], "texture": "#4"},
				"west": {"uv": [0, 11.5, 9.5, 1.5], "rotation": 270, "texture": "#9"},
				"up": {"uv": [10.5, 0, 2.5, 16], "rotation": 90, "texture": "#9"},
				"down": {"uv": [6, 2, 1, 3.5], "rotation": 270, "texture": "#4"}
			}
		},
		{
			"from": [10.39409, 6.1492, -3.02821],
			"to": [13.36868, 6.89944, -2.04493],
			"rotation": {"angle": 0, "axis": "y", "origin": [-0.85007, 6.52444, -3.5]},
			"faces": {
				"north": {"uv": [7.5, 16, 0, 0], "rotation": 270, "texture": "#9"},
				"east": {"uv": [5, 5, 4, 4], "texture": "#4"},
				"south": {"uv": [5.5, 3.5, 2, 2.5], "texture": "#4"},
				"west": {"uv": [9.5, 11.5, 0, 1.5], "rotation": 270, "texture": "#9"},
				"up": {"uv": [1, 2, 6, 3.5], "rotation": 270, "texture": "#4"},
				"down": {"uv": [2.5, 0, 10.5, 16], "rotation": 90, "texture": "#9"}
			}
		},
		{
			"from": [5.14409, 7.85056, -3.02821],
			"to": [8.11868, 8.6008, -2.04493],
			"rotation": {"angle": 0, "axis": "y", "origin": [-6.10007, 8.22556, -3.5]},
			"faces": {
				"north": {"uv": [0, 16, 7.5, 0], "rotation": 270, "texture": "#9"},
				"east": {"uv": [5, 4, 4, 5], "texture": "#4"},
				"south": {"uv": [5.5, 2.5, 2, 3.5], "texture": "#4"},
				"west": {"uv": [0, 11.5, 9.5, 1.5], "rotation": 270, "texture": "#9"},
				"up": {"uv": [10.5, 0, 2.5, 16], "rotation": 90, "texture": "#9"},
				"down": {"uv": [6, 2, 1, 3.5], "rotation": 270, "texture": "#4"}
			}
		},
		{
			"from": [5.14409, 6.1492, -3.02821],
			"to": [8.11868, 6.89944, -2.04493],
			"rotation": {"angle": 0, "axis": "y", "origin": [-6.10007, 6.52444, -3.5]},
			"faces": {
				"north": {"uv": [7.5, 16, 0, 0], "rotation": 270, "texture": "#9"},
				"east": {"uv": [5, 5, 4, 4], "texture": "#4"},
				"south": {"uv": [5.5, 3.5, 2, 2.5], "texture": "#4"},
				"west": {"uv": [9.5, 11.5, 0, 1.5], "rotation": 270, "texture": "#9"},
				"up": {"uv": [1, 2, 6, 3.5], "rotation": 270, "texture": "#4"},
				"down": {"uv": [2.5, 0, 10.5, 16], "rotation": 90, "texture": "#9"}
			}
		},
		{
			"from": [4.95118, 6.53721, -2.71875],
			"to": [5.51258, 7.31846, 6.61521],
			"rotation": {"angle": 22.5, "axis": "z", "origin": [6.03125, 6.75596, 11.5]},
			"faces": {
				"north": {"uv": [4, 4, 5, 5], "texture": "#4"},
				"east": {"uv": [0, 0, 7.5, 16], "rotation": 270, "texture": "#9"},
				"south": {"uv": [0, 1.5, 9.5, 11.5], "rotation": 270, "texture": "#9"},
				"west": {"uv": [0, 0, 10.5, 16], "rotation": 270, "texture": "#9"},
				"up": {"uv": [2.5, 0, 10.5, 16], "texture": "#9"},
				"down": {"uv": [1, 2, 6, 3.5], "texture": "#4"}
			}
		},
		{
			"from": [12.92492, 6.53721, -2.71875],
			"to": [13.48632, 7.31846, 6.61521],
			"rotation": {"angle": -22.5, "axis": "z", "origin": [12.40625, 6.75596, 11.5]},
			"faces": {
				"north": {"uv": [5, 4, 4, 5], "texture": "#4"},
				"east": {"uv": [0, 16, 10.5, 0], "rotation": 270, "texture": "#9"},
				"south": {"uv": [0, 11.5, 9.5, 1.5], "rotation": 270, "texture": "#9"},
				"west": {"uv": [0, 16, 7.5, 0], "rotation": 270, "texture": "#9"},
				"up": {"uv": [10.5, 0, 2.5, 16], "texture": "#9"},
				"down": {"uv": [6, 2, 1, 3.5], "texture": "#4"}
			}
		},
		{
			"from": [5.45118, 5.75596, -2.71875],
			"to": [7.01258, 6.84971, 6.52146],
			"rotation": {"angle": 22.5, "axis": "z", "origin": [6.4375, 6.53721, 11.5]},
			"faces": {
				"north": {"uv": [4, 4, 5, 5], "texture": "#10"},
				"east": {"uv": [0, 0, 7.5, 16], "rotation": 270, "texture": "#10"},
				"south": {"uv": [0, 1.5, 9.5, 11.5], "rotation": 270, "texture": "#9"},
				"west": {"uv": [0, 0, 10.5, 16], "rotation": 270, "texture": "#9"},
				"up": {"uv": [2.5, 0, 10.5, 16], "texture": "#10"},
				"down": {"uv": [1, 2, 6, 3.5], "texture": "#10"}
			}
		},
		{
			"from": [11.83117, 5.75596, -2.71875],
			"to": [13.17382, 6.84971, 6.52146],
			"rotation": {"angle": -22.5, "axis": "z", "origin": [12.40625, 6.53721, 11.5]},
			"faces": {
				"north": {"uv": [5, 4, 4, 5], "texture": "#10"},
				"east": {"uv": [0, 16, 10.5, 0], "rotation": 270, "texture": "#9"},
				"south": {"uv": [0, 11.5, 9.5, 1.5], "rotation": 270, "texture": "#9"},
				"west": {"uv": [0, 16, 7.5, 0], "rotation": 270, "texture": "#10"},
				"up": {"uv": [10.5, 0, 2.5, 16], "texture": "#10"},
				"down": {"uv": [6, 2, 1, 3.5], "texture": "#10"}
			}
		},
		{
			"from": [6.95118, 8.64063, 5.5],
			"to": [7.84193, 9.23438, 10.01222],
			"rotation": {"angle": 22.5, "axis": "z", "origin": [8.35938, 8.85938, 11.5]},
			"faces": {
				"north": {"uv": [4, 4, 5, 5], "texture": "#10"},
				"east": {"uv": [0, 0, 16, 16], "rotation": 270, "texture": "#12"},
				"south": {"uv": [3.5, 2.5, 4.5, 3.5], "texture": "#10"},
				"west": {"uv": [2, 2.5, 5.5, 3.5], "texture": "#10"},
				"up": {"uv": [0, 0, 7.5, 16], "texture": "#10"}
			}
		},
		{
			"from": [6.32618, 8.48438, 7.25],
			"to": [7.12318, 9.14063, 8.51222],
			"rotation": {"angle": 22.5, "axis": "z", "origin": [7.64063, 8.70313, 13.25]},
			"faces": {
				"north": {"uv": [4, 4, 5, 5], "texture": "#10"},
				"east": {"uv": [0, 0, 16, 16], "rotation": 270, "texture": "#12"},
				"west": {"uv": [2, 2.5, 5.5, 3.5], "texture": "#10"},
				"up": {"uv": [0, 0, 6, 7], "texture": "#10"},
				"down": {"uv": [1, 2, 6, 3.5], "texture": "#10"}
			}
		},
		{
			"from": [11.37682, 8.48438, 7.25],
			"to": [12.17382, 9.14063, 8.51222],
			"rotation": {"angle": -22.5, "axis": "z", "origin": [10.85937, 8.70313, 13.25]},
			"faces": {
				"north": {"uv": [5, 4, 4, 5], "texture": "#10"},
				"east": {"uv": [5.5, 2.5, 2, 3.5], "texture": "#10"},
				"west": {"uv": [0, 16, 16, 0], "rotation": 270, "texture": "#12"},
				"up": {"uv": [6, 0, 0, 7], "texture": "#10"},
				"down": {"uv": [6, 2, 1, 3.5], "texture": "#10"}
			}
		},
		{
			"from": [6.41993, 8.48438, 7.125],
			"to": [7.21693, 9.17188, 7.51222],
			"rotation": {"angle": 22.5, "axis": "z", "origin": [7.64063, 8.70313, 13.25]},
			"faces": {
				"north": {"uv": [4, 4, 5, 5], "texture": "#10"},
				"south": {"uv": [3.5, 2.5, 4.5, 3.5], "texture": "#10"},
				"west": {"uv": [2, 2.5, 5.5, 3.5], "texture": "#10"},
				"up": {"uv": [0, 0, 6, 7], "texture": "#10"}
			}
		},
		{
			"from": [11.28307, 8.48438, 7.125],
			"to": [12.08007, 9.17188, 7.51222],
			"rotation": {"angle": -22.5, "axis": "z", "origin": [10.85937, 8.70313, 13.25]},
			"faces": {
				"north": {"uv": [5, 4, 4, 5], "texture": "#10"},
				"east": {"uv": [5.5, 2.5, 2, 3.5], "texture": "#10"},
				"south": {"uv": [4.5, 2.5, 3.5, 3.5], "texture": "#10"},
				"up": {"uv": [6, 0, 0, 7], "texture": "#10"}
			}
		},
		{
			"from": [11.32812, 8.35743, 5.125],
			"to": [12.23437, 8.65443, 5.41847],
			"rotation": {"angle": 0, "axis": "z", "origin": [11.6719, 9.57813, 11.25]},
			"faces": {
				"east": {"uv": [6, 0, 0, 7], "rotation": 90, "texture": "#10"},
				"south": {"uv": [4.5, 2.5, 3.5, 3.5], "rotation": 90, "texture": "#10"},
				"west": {"uv": [6, 2, 1, 3.5], "rotation": 90, "texture": "#10"},
				"up": {"uv": [0, 16, 6.5, 0], "rotation": 90, "texture": "#10"}
			}
		},
		{
			"from": [6.26562, 8.35743, 5.125],
			"to": [7.17187, 8.65443, 5.41847],
			"rotation": {"angle": 0, "axis": "z", "origin": [6.6094, 9.57813, 11.25]},
			"faces": {
				"east": {"uv": [6, 0, 0, 7], "rotation": 90, "texture": "#10"},
				"south": {"uv": [4.5, 2.5, 3.5, 3.5], "rotation": 90, "texture": "#10"},
				"west": {"uv": [6, 2, 1, 3.5], "rotation": 90, "texture": "#10"},
				"up": {"uv": [0, 16, 6.5, 0], "rotation": 90, "texture": "#10"}
			}
		},
		{
			"from": [12.03465, 8.35743, 4.46875],
			"to": [12.23437, 8.65443, 5.125],
			"rotation": {"angle": 0, "axis": "y", "origin": [18.15965, 9.57813, 4.90625]},
			"faces": {
				"north": {"uv": [6, 0, 0, 7], "rotation": 90, "texture": "#10"},
				"east": {"uv": [4.5, 2.5, 3.5, 3.5], "rotation": 90, "texture": "#10"},
				"west": {"uv": [5, 4, 4, 5], "rotation": 270, "texture": "#10"},
				"up": {"uv": [0, 16, 6.5, 0], "rotation": 180, "texture": "#10"}
			}
		},
		{
			"from": [6.97215, 8.35743, 4.46875],
			"to": [7.17187, 8.65443, 5.125],
			"rotation": {"angle": 0, "axis": "y", "origin": [13.09715, 9.57813, 4.90625]},
			"faces": {
				"north": {"uv": [6, 0, 0, 7], "rotation": 90, "texture": "#10"},
				"east": {"uv": [4.5, 2.5, 3.5, 3.5], "rotation": 90, "texture": "#10"},
				"west": {"uv": [5, 4, 4, 5], "rotation": 270, "texture": "#10"},
				"up": {"uv": [0, 16, 6.5, 0], "rotation": 180, "texture": "#10"}
			}
		},
		{
			"from": [11.32812, 8.35743, 4.46875],
			"to": [11.52784, 8.65443, 5.125],
			"rotation": {"angle": 0, "axis": "y", "origin": [17.57812, 9.57813, 4.90625]},
			"faces": {
				"north": {"uv": [6, 0, 0, 7], "rotation": 90, "texture": "#10"},
				"east": {"uv": [4.5, 2.5, 3.5, 3.5], "rotation": 90, "texture": "#10"},
				"west": {"uv": [5, 4, 4, 5], "rotation": 270, "texture": "#10"},
				"up": {"uv": [0, 16, 6.5, 0], "texture": "#10"}
			}
		},
		{
			"from": [6.26562, 8.35743, 4.46875],
			"to": [6.46534, 8.65443, 5.125],
			"rotation": {"angle": 0, "axis": "y", "origin": [12.51562, 9.57813, 4.90625]},
			"faces": {
				"north": {"uv": [6, 0, 0, 7], "rotation": 90, "texture": "#10"},
				"east": {"uv": [4.5, 2.5, 3.5, 3.5], "rotation": 90, "texture": "#10"},
				"west": {"uv": [5, 4, 4, 5], "rotation": 270, "texture": "#10"},
				"up": {"uv": [0, 16, 6.5, 0], "texture": "#10"}
			}
		},
		{
			"from": [6.81177, 7.92685, 7.125],
			"to": [7.42127, 8.61435, 7.51222],
			"rotation": {"angle": -22.5, "axis": "z", "origin": [7.84497, 8.1456, 13.25]},
			"faces": {
				"north": {"uv": [4, 4, 5, 5], "texture": "#10"},
				"south": {"uv": [3.5, 2.5, 4.5, 3.5], "texture": "#10"},
				"up": {"uv": [0, 0, 6, 7], "rotation": 180, "texture": "#10"}
			}
		},
		{
			"from": [11.07873, 7.92685, 7.125],
			"to": [11.68823, 8.61435, 7.51222],
			"rotation": {"angle": 22.5, "axis": "z", "origin": [10.65503, 8.1456, 13.25]},
			"faces": {
				"north": {"uv": [5, 4, 4, 5], "texture": "#10"},
				"south": {"uv": [4.5, 2.5, 3.5, 3.5], "texture": "#10"},
				"up": {"uv": [6, 0, 0, 7], "rotation": 180, "texture": "#10"}
			}
		},
		{
			"from": [6.81177, 7.92685, 8.3125],
			"to": [7.42127, 8.61435, 8.69972],
			"rotation": {"angle": -22.5, "axis": "z", "origin": [7.84497, 8.1456, 14.4375]},
			"faces": {
				"north": {"uv": [4, 4, 5, 5], "texture": "#10"},
				"south": {"uv": [3.5, 2.5, 4.5, 3.5], "texture": "#10"},
				"up": {"uv": [0, 0, 6, 7], "rotation": 180, "texture": "#10"}
			}
		},
		{
			"from": [11.07873, 7.92685, 8.3125],
			"to": [11.68823, 8.61435, 8.69972],
			"rotation": {"angle": 22.5, "axis": "z", "origin": [10.65503, 8.1456, 14.4375]},
			"faces": {
				"north": {"uv": [5, 4, 4, 5], "texture": "#10"},
				"south": {"uv": [4.5, 2.5, 3.5, 3.5], "texture": "#10"},
				"up": {"uv": [6, 0, 0, 7], "rotation": 180, "texture": "#10"}
			}
		},
		{
			"from": [6.29493, 8.23438, 8.3125],
			"to": [7.21693, 9.17188, 8.69972],
			"rotation": {"angle": 22.5, "axis": "z", "origin": [7.64063, 8.70313, 14.4375]},
			"faces": {
				"north": {"uv": [4, 4, 5, 5], "texture": "#10"},
				"south": {"uv": [0, 3, 3, 6], "texture": "#10"},
				"west": {"uv": [2, 2.5, 5.5, 3.5], "texture": "#10"},
				"up": {"uv": [0, 0, 6, 7], "texture": "#10"}
			}
		},
		{
			"from": [11.28307, 8.23438, 8.3125],
			"to": [12.20507, 9.17188, 8.69972],
			"rotation": {"angle": -22.5, "axis": "z", "origin": [10.85937, 8.70313, 14.4375]},
			"faces": {
				"north": {"uv": [5, 4, 4, 5], "texture": "#10"},
				"east": {"uv": [5.5, 2.5, 2, 3.5], "texture": "#10"},
				"south": {"uv": [4.5, 2.5, 3.5, 3.5], "texture": "#10"},
				"up": {"uv": [6, 0, 0, 7], "texture": "#10"}
			}
		},
		{
			"from": [9.9668, 7.89063, -2.73437],
			"to": [10.8888, 8.35938, 5.75778],
			"rotation": {"angle": -22.5, "axis": "z", "origin": [11.40625, 8.10938, 11.5]},
			"faces": {
				"north": {"uv": [4, 4, 5, 5], "texture": "#4"},
				"south": {"uv": [3.5, 2.5, 4.5, 3.5], "texture": "#4"},
				"west": {"uv": [0, 0, 16, 16], "rotation": 270, "texture": "#12"},
				"up": {"uv": [2.5, 0, 10, 16], "rotation": 180, "texture": "#10"},
				"down": {"uv": [1, 2, 6, 3.5], "texture": "#4"}
			}
		},
		{
			"from": [10.4668, 7.89063, 5.5],
			"to": [11.35111, 8.48438, 10.04347],
			"rotation": {"angle": -22.5, "axis": "z", "origin": [11.90625, 8.10938, 11.5]},
			"faces": {
				"north": {"uv": [4, 4, 5, 5], "texture": "#10"},
				"east": {"uv": [2, 2, 5.5, 3], "texture": "#10"},
				"south": {"uv": [3.5, 2.5, 4.5, 3.5], "texture": "#10"},
				"west": {"uv": [0, 0, 9.5, 16], "rotation": 270, "texture": "#12"},
				"up": {"uv": [0, 0, 7.5, 16], "rotation": 180, "texture": "#10"}
			}
		},
		{
			"from": [9.88625, 8.90625, -3.21875],
			"to": [10.68945, 9.17479, -2.08153],
			"rotation": {"angle": -22.5, "axis": "z", "origin": [9.28125, 9.45313, 9.875]},
			"faces": {
				"north": {"uv": [4, 4, 5, 5], "rotation": 180, "texture": "#1"},
				"east": {"uv": [2, 2.5, 5.5, 3.5], "rotation": 180, "texture": "#1"},
				"south": {"uv": [0, 2.5, 16, 6.5], "rotation": 270, "texture": "#10"},
				"up": {"uv": [1, 2, 6, 3.5], "rotation": 180, "texture": "#7"},
				"down": {"uv": [3, 1.5, 4, 5], "rotation": 180, "texture": "#1"}
			}
		},
		{
			"from": [9.88625, 8.90625, 1.875],
			"to": [10.68945, 9.17479, 2.66847],
			"rotation": {"angle": -22.5, "axis": "z", "origin": [9.28125, 9.45313, 14.625]},
			"faces": {
				"north": {"uv": [4, 4, 5, 5], "rotation": 180, "texture": "#1"},
				"south": {"uv": [0, 2.5, 16, 6.5], "rotation": 270, "texture": "#10"},
				"up": {"uv": [1, 2, 6, 3.5], "rotation": 180, "texture": "#7"},
				"down": {"uv": [3, 1.5, 4, 5], "rotation": 180, "texture": "#1"}
			}
		},
		{
			"from": [5.8497, 6.875, -1],
			"to": [6.5414, 7.66756, 5.69972],
			"rotation": {"angle": 0, "axis": "y", "origin": [7.9375, 8.1875, 11.5]},
			"faces": {
				"north": {"uv": [4, 4, 5, 5], "texture": "#4"},
				"east": {"uv": [2, 2, 5.5, 3], "texture": "#4"},
				"south": {"uv": [0, 3, 4.5, 11], "rotation": 90, "texture": "#9"},
				"west": {"uv": [0, 2.5, 16, 8.5], "rotation": 270, "texture": "#9"},
				"up": {"uv": [0, 0, 16, 16], "rotation": 180, "texture": "#12"},
				"down": {"uv": [1, 2, 6, 3.5], "texture": "#4"}
			}
		},
		{
			"from": [5.24805, 6.5, -2.71875],
			"to": [5.8539, 7.01131, 6.41847],
			"rotation": {"angle": 0, "axis": "y", "origin": [7.9375, 7.8125, 11.5]},
			"faces": {
				"north": {"uv": [4, 4, 5, 5], "texture": "#4"},
				"east": {"uv": [2, 2, 5.5, 3], "texture": "#4"},
				"south": {"uv": [0, 3, 4.5, 11], "rotation": 90, "texture": "#9"},
				"up": {"uv": [0, 0, 10.5, 16], "rotation": 180, "texture": "#12"}
			}
		},
		{
			"from": [12.48985, 6.5, -2.71875],
			"to": [13.0957, 7.01131, 6.41847],
			"rotation": {"angle": 0, "axis": "y", "origin": [10.40625, 7.8125, 11.5]},
			"faces": {
				"north": {"uv": [5, 4, 4, 5], "texture": "#4"},
				"west": {"uv": [5.5, 2, 2, 3], "texture": "#4"},
				"up": {"uv": [10.5, 0, 0, 16], "rotation": 180, "texture": "#12"}
			}
		},
		{
			"from": [5.24805, 6.95313, -2.71875],
			"to": [8.17005, 8.21875, -2.33153],
			"rotation": {"angle": 0, "axis": "y", "origin": [7.9375, 8.9375, 11.5]},
			"faces": {
				"north": {"uv": [1.5, 2, 16, 4], "texture": "#4"},
				"south": {"uv": [0, 3, 4.5, 11], "rotation": 90, "texture": "#9"},
				"west": {"uv": [0, 2.5, 16, 8.5], "rotation": 270, "texture": "#9"},
				"down": {"uv": [1, 2, 6, 3.5], "texture": "#4"}
			}
		},
		{
			"from": [10.26745, 6.95313, -2.71875],
			"to": [13.18945, 8.21875, -2.33153],
			"rotation": {"angle": 0, "axis": "y", "origin": [10.5, 8.9375, 11.5]},
			"faces": {
				"north": {"uv": [16, 2, 1.5, 9], "texture": "#4"},
				"east": {"uv": [0, 8.5, 16, 2.5], "rotation": 270, "texture": "#9"},
				"south": {"uv": [0, 11, 4.5, 3], "rotation": 90, "texture": "#9"},
				"down": {"uv": [6, 2, 1, 3.5], "texture": "#4"}
			}
		},
		{
			"from": [7.78356, 4.76563, 5.25019],
			"to": [9.0366, 6.125, 5.99678],
			"rotation": {"angle": 22.5, "axis": "x", "origin": [8.09801, 5.57813, 12.57831]},
			"faces": {
				"north": {"uv": [4, 4, 5, 5], "texture": "#10"},
				"west": {"uv": [2, 2.5, 5.5, 3.5], "texture": "#10"},
				"up": {"uv": [0, 0, 16, 16], "rotation": 270, "texture": "#12"},
				"down": {"uv": [1, 2, 6, 3.5], "texture": "#10"}
			}
		},
		{
			"from": [9.0366, 4.76563, 5.25019],
			"to": [10.6754, 6.125, 5.99678],
			"rotation": {"angle": 22.5, "axis": "x", "origin": [8.10105, 5.57813, 12.57831]},
			"faces": {
				"north": {"uv": [4, 4, 5, 5], "texture": "#10"},
				"east": {"uv": [2, 2, 5.5, 3], "texture": "#10"},
				"up": {"uv": [0, 0, 16, 16], "rotation": 270, "texture": "#12"},
				"down": {"uv": [1, 2, 6, 3.5], "texture": "#10"}
			}
		},
		{
			"from": [7.29919, 5.76563, 9.20332],
			"to": [11.15673, 6.28125, 9.9499],
			"rotation": {"angle": 22.5, "axis": "x", "origin": [8.09801, 5.57813, 16.53144]},
			"faces": {
				"north": {"uv": [4, 4, 5, 5], "texture": "#10"},
				"east": {"uv": [2, 2, 5.5, 3], "texture": "#10"},
				"west": {"uv": [2, 2.5, 5.5, 3.5], "texture": "#10"},
				"up": {"uv": [0, 0, 7.5, 14.5], "rotation": 90, "texture": "#10"}
			}
		},
		{
			"from": [7.78356, 4.67188, 8.70331],
			"to": [10.68798, 6.0625, 9.4499],
			"rotation": {"angle": 22.5, "axis": "x", "origin": [8.09801, 5.48438, 16.03143]},
			"faces": {
				"north": {"uv": [4, 4, 5, 5], "texture": "#10"},
				"east": {"uv": [2, 2, 5.5, 3], "texture": "#10"},
				"west": {"uv": [2, 2.5, 5.5, 3.5], "texture": "#10"},
				"up": {"uv": [0, 0, 7.5, 14.5], "rotation": 90, "texture": "#10"}
			}
		},
		{
			"from": [9.93981, 4.43751, 6.92546],
			"to": [10.15673, 5.89063, 7.67205],
			"rotation": {"angle": -22.5, "axis": "x", "origin": [7.50426, 5.01563, 0.34393]},
			"faces": {
				"east": {"uv": [2, 2, 5.5, 3], "rotation": 180, "texture": "#10"},
				"west": {"uv": [2, 2.5, 5.5, 3.5], "rotation": 180, "texture": "#10"}
			}
		},
		{
			"from": [8.33044, 8.47212, 6.03279],
			"to": [10.15856, 8.68904, 6.77938],
			"rotation": {"angle": 0, "axis": "z", "origin": [9.36169, 6.03657, -0.54874]},
			"faces": {
				"east": {"uv": [0, 0, 7.5, 14.5], "texture": "#10"},
				"south": {"uv": [0, 6, 5.5, 11.5], "rotation": 90, "texture": "#10"},
				"west": {"uv": [1, 2, 9.5, 9.5], "rotation": 270, "texture": "#12"},
				"up": {"uv": [0, 3.5, 6.5, 10], "rotation": 270, "texture": "#10"}
			}
		},
		{
			"from": [8.31481, 4.43751, 6.92546],
			"to": [8.53173, 5.89063, 7.67205],
			"rotation": {"angle": -22.5, "axis": "x", "origin": [5.87926, 5.01563, 0.34393]},
			"faces": {
				"east": {"uv": [2, 2, 5.5, 3], "rotation": 180, "texture": "#10"},
				"west": {"uv": [2, 2.5, 5.5, 3.5], "rotation": 180, "texture": "#10"}
			}
		},
		{
			"from": [7.78356, 7.51563, 5.68769],
			"to": [10.68798, 8.9189, 6.0349],
			"rotation": {"angle": 0, "axis": "x", "origin": [8.09801, 8.32813, 12.62518]},
			"faces": {
				"north": {"uv": [4, 4, 5, 5], "texture": "#10"},
				"south": {"uv": [3.5, 2.5, 15, 14], "rotation": 270, "texture": "#10"},
				"west": {"uv": [2, 2.5, 5.5, 3.5], "texture": "#10"},
				"up": {"uv": [0, 0, 7.5, 14.5], "rotation": 90, "texture": "#10"},
				"down": {"uv": [1, 2, 6, 3.5], "texture": "#10"}
			}
		},
		{
			"from": [7.78356, 7.42188, 9.59394],
			"to": [10.68798, 8.82515, 9.94115],
			"rotation": {"angle": 0, "axis": "x", "origin": [8.09801, 8.23438, 16.53144]},
			"faces": {
				"north": {"uv": [4, 4, 5, 5], "texture": "#10"},
				"south": {"uv": [3.5, 2.5, 4.5, 3.5], "texture": "#10"},
				"up": {"uv": [0, 0, 7.5, 14.5], "rotation": 270, "texture": "#10"}
			}
		},
		{
			"from": [7.29688, 6.53125, 10.62501],
			"to": [11.1875, 8.84375, 11.49058],
			"rotation": {"angle": 0, "axis": "y", "origin": [7.9375, 8.1875, 12.60938]},
			"faces": {
				"north": {"uv": [4, 4, 5, 5], "texture": "#4"},
				"east": {"uv": [2, 2, 5.5, 3], "texture": "#4"},
				"south": {"uv": [1.5, 1.5, 11, 13], "rotation": 270, "texture": "#9"},
				"west": {"uv": [2, 2.5, 12.5, 7], "rotation": 270, "texture": "#9"},
				"up": {"uv": [0, 1, 13, 15.5], "rotation": 90, "texture": "#9"},
				"down": {"uv": [1, 2, 6, 3.5], "texture": "#4"}
			}
		},
		{
			"from": [7.84375, 7.30624, 11.1177],
			"to": [10.625, 8.05624, 12.45203],
			"rotation": {"angle": 22.5, "axis": "x", "origin": [7.9375, 7.36874, 13.3052]},
			"faces": {
				"north": {"uv": [4, 4, 5, 5], "texture": "#4"},
				"east": {"uv": [2, 2, 5.5, 3], "texture": "#4"},
				"west": {"uv": [2, 2.5, 5.5, 3.5], "texture": "#4"},
				"up": {"uv": [0, 0, 9.5, 15], "rotation": 270, "texture": "#9"}
			}
		},
		{
			"from": [9.83751, 6.53125, 8.62865],
			"to": [11.61819, 8.6875, 10.33765],
			"rotation": {"angle": -45, "axis": "y", "origin": [9.11819, 8.1875, 10.1752]},
			"faces": {
				"north": {"uv": [4, 4, 5, 5], "texture": "#4"},
				"east": {"uv": [0.5, 2.5, 11, 14.5], "texture": "#9"},
				"south": {"uv": [2, 11.5, 4, 13.5], "texture": "#9"},
				"west": {"uv": [2, 2.5, 5.5, 3.5], "texture": "#4"},
				"up": {"uv": [2, 3.5, 12, 14.5], "rotation": 180, "texture": "#9"},
				"down": {"uv": [1, 2, 6, 3.5], "texture": "#4"}
			}
		},
		{
			"from": [6.32727, 7.84375, 5.2452],
			"to": [8.77383, 8.625, 7.3077],
			"rotation": {"angle": -45, "axis": "y", "origin": [7.44546, 7.8125, 5.0577]},
			"faces": {
				"north": {"uv": [2, 2.5, 5.5, 3.5], "texture": "#4"},
				"south": {"uv": [1, 0.5, 11.5, 14.5], "rotation": 270, "texture": "#9"},
				"west": {"uv": [3.5, 2.5, 4.5, 3.5], "texture": "#4"},
				"up": {"uv": [0, 5, 7, 15.5], "rotation": 180, "texture": "#9"},
				"down": {"uv": [1, 2, 6, 3.5], "rotation": 270, "texture": "#4"}
			}
		},
		{
			"from": [9.66367, 7.84375, 5.2452],
			"to": [12.11023, 8.625, 7.3077],
			"rotation": {"angle": 45, "axis": "y", "origin": [10.99204, 7.8125, 5.0577]},
			"faces": {
				"north": {"uv": [5.5, 2.5, 2, 3.5], "texture": "#4"},
				"east": {"uv": [4.5, 2.5, 3.5, 3.5], "texture": "#4"},
				"south": {"uv": [1, 14.5, 11.5, 0.5], "rotation": 270, "texture": "#9"},
				"up": {"uv": [7, 5, 0, 15.5], "rotation": 180, "texture": "#9"},
				"down": {"uv": [1, 3.5, 6, 2], "rotation": 270, "texture": "#4"}
			}
		},
		{
			"from": [6.54602, 6.1875, 6.76083],
			"to": [9.27383, 7.03125, 7.77645],
			"rotation": {"angle": -45, "axis": "y", "origin": [7.44546, 7.53125, 5.52645]},
			"faces": {
				"north": {"uv": [2, 2.5, 5.5, 3.5], "texture": "#4"},
				"east": {"uv": [4, 4, 5, 5], "texture": "#4"},
				"south": {"uv": [1.5, 0, 7.5, 16], "rotation": 270, "texture": "#9"},
				"west": {"uv": [3.5, 2.5, 4.5, 3.5], "texture": "#4"},
				"up": {"uv": [0, 1.5, 11, 8.5], "rotation": 90, "texture": "#12"},
				"down": {"uv": [1, 2, 6, 3.5], "rotation": 270, "texture": "#4"}
			}
		},
		{
			"from": [9.16367, 6.1875, 6.76083],
			"to": [11.89148, 7.03125, 7.77645],
			"rotation": {"angle": 45, "axis": "y", "origin": [10.99204, 7.53125, 5.52645]},
			"faces": {
				"north": {"uv": [5.5, 2.5, 2, 3.5], "texture": "#4"},
				"east": {"uv": [4.5, 2.5, 3.5, 3.5], "texture": "#4"},
				"south": {"uv": [1.5, 16, 7.5, 0], "rotation": 270, "texture": "#9"},
				"west": {"uv": [5, 4, 4, 5], "texture": "#4"},
				"up": {"uv": [0, 8.5, 11, 1.5], "rotation": 90, "texture": "#12"},
				"down": {"uv": [1, 3.5, 6, 2], "rotation": 270, "texture": "#4"}
			}
		},
		{
			"from": [8.12131, 6.57813, 10.1267],
			"to": [9.76781, 8.6875, 11.90738],
			"rotation": {"angle": -45, "axis": "y", "origin": [8.62695, 8.1875, 9.40738]},
			"faces": {
				"east": {"uv": [3.5, 4.5, 7.5, 7.5], "texture": "#9"},
				"south": {"uv": [0, 2, 9, 13.5], "rotation": 180, "texture": "#9"},
				"west": {"uv": [3.5, 2.5, 4.5, 3.5], "texture": "#4"},
				"up": {"uv": [1.5, 3, 12.5, 14.5], "rotation": 270, "texture": "#9"},
				"down": {"uv": [1, 2, 6, 3.5], "rotation": 270, "texture": "#4"}
			}
		},
		{
			"from": [6.51116, 6.57539, 5.83913],
			"to": [11.54515, 8.68762, 10.82971],
			"rotation": {"angle": 0, "axis": "x", "origin": [8.1389, 8.79201, 15.22975]},
			"faces": {
				"north": {"uv": [4, 4, 5, 5], "texture": "#4"},
				"south": {"uv": [3.5, 2.5, 4.5, 3.5], "texture": "#4"},
				"west": {"uv": [1, 0, 11.5, 16], "rotation": 270, "texture": "#9"},
				"up": {"uv": [0, 0, 8.5, 16], "texture": "#9"},
				"down": {"uv": [1, 2, 6, 3.5], "texture": "#4"}
			}
		},
		{
			"from": [10.95485, 6.57539, 5.83913],
			"to": [11.98884, 8.68762, 10.82971],
			"rotation": {"angle": 0, "axis": "x", "origin": [10.3611, 8.79201, 15.22975]},
			"faces": {
				"north": {"uv": [5, 4, 4, 5], "texture": "#4"},
				"east": {"uv": [1, 16, 11.5, 0], "rotation": 270, "texture": "#9"},
				"south": {"uv": [4.5, 2.5, 3.5, 3.5], "texture": "#4"},
				"up": {"uv": [8.5, 0, 0, 16], "texture": "#9"},
				"down": {"uv": [6, 2, 1, 3.5], "texture": "#4"}
			}
		},
		{
			"from": [8.35938, 6.78744, 11.76176],
			"to": [10.23438, 8.08431, 14.01176],
			"rotation": {"angle": 22.5, "axis": "x", "origin": [8, 10.3125, 11.53125]},
			"faces": {
				"east": {"uv": [2, 2, 5.5, 3], "texture": "#7"},
				"west": {"uv": [2, 2.5, 5.5, 3.5], "texture": "#7"},
				"down": {"uv": [1, 2, 6, 3.5], "texture": "#7"}
			}
		},
		{
			"from": [8.35938, 6.1, 12.45406],
			"to": [10.23438, 8.45937, 14.03219],
			"rotation": {"angle": 0, "axis": "x", "origin": [8, 9.68756, 11.55168]},
			"faces": {
				"north": {"uv": [4, 4, 5, 5], "texture": "#7"},
				"east": {"uv": [2, 2, 5.5, 3], "texture": "#7"},
				"west": {"uv": [2, 2.5, 5.5, 3.5], "texture": "#7"},
				"down": {"uv": [1, 2, 6, 3.5], "texture": "#7"}
			}
		},
		{
			"from": [8.35488, 3.53952, 9.43858],
			"to": [10.24076, 8.30514, 10.68858],
			"rotation": {"angle": -22.5, "axis": "x", "origin": [8, 9.25, 13.4375]},
			"faces": {
				"north": {"uv": [1, 2, 6, 3.5], "rotation": 180, "texture": "#7"},
				"east": {"uv": [2, 2, 5.5, 3], "rotation": 270, "texture": "#7"},
				"south": {"uv": [3, 1.5, 4, 5], "texture": "#7"},
				"west": {"uv": [2, 2.5, 5.5, 3.5], "rotation": 90, "texture": "#7"},
				"down": {"uv": [3.5, 2.5, 4.5, 3.5], "texture": "#7"}
			}
		},
		{
			"from": [8.49252, 3.66889, 9.15672],
			"to": [10.09047, 8.80514, 10.95609],
			"rotation": {"angle": -22.5, "axis": "x", "origin": [8, 9.25, 13.4375]},
			"faces": {
				"north": {"uv": [1, 2, 6, 3.5], "rotation": 180, "texture": "#7"},
				"east": {"uv": [2, 2, 5.5, 3], "rotation": 270, "texture": "#7"},
				"south": {"uv": [3, 1.5, 4, 5], "texture": "#7"},
				"west": {"uv": [2, 2.5, 5.5, 3.5], "rotation": 90, "texture": "#7"},
				"down": {"uv": [3.5, 2.5, 4.5, 3.5], "texture": "#7"}
			}
		},
		{
			"from": [8.8519, 3.98139, 8.21922],
			"to": [9.69984, 4.33639, 11.08109],
			"rotation": {"angle": 0, "axis": "x", "origin": [7.60938, 9.03125, 12.95313]},
			"faces": {
				"east": {"uv": [2, 2, 5.5, 3], "rotation": 270, "texture": "#3"},
				"west": {"uv": [2, 2.5, 5.5, 3.5], "rotation": 90, "texture": "#3"},
				"up": {"uv": [4, 4, 5, 5], "rotation": 180, "texture": "#3"},
				"down": {"uv": [3.5, 2.5, 4.5, 3.5], "texture": "#3"}
			}
		},
		{
			"from": [8.75815, 3.87202, 7.8911],
			"to": [9.79359, 4.44577, 8.75296],
			"rotation": {"angle": 0, "axis": "x", "origin": [7.60938, 9.03125, 10.375]},
			"faces": {
				"east": {"uv": [2, 2, 5.5, 3], "rotation": 270, "texture": "#3"},
				"south": {"uv": [3, 1.5, 4, 5], "texture": "#3"},
				"west": {"uv": [2, 2.5, 5.5, 3.5], "rotation": 90, "texture": "#3"},
				"up": {"uv": [4, 4, 5, 5], "rotation": 180, "texture": "#3"},
				"down": {"uv": [3.5, 2.5, 4.5, 3.5], "texture": "#3"}
			}
		},
		{
			"from": [8.8519, 2.59077, 12.0161],
			"to": [9.69984, 2.85202, 12.87796],
			"rotation": {"angle": 22.5, "axis": "x", "origin": [7.60938, 7.54688, 14.75]},
			"faces": {
				"east": {"uv": [2, 2, 5.5, 3], "rotation": 270, "texture": "#3"},
				"west": {"uv": [2, 2.5, 5.5, 3.5], "rotation": 90, "texture": "#3"},
				"down": {"uv": [3.5, 2.5, 4.5, 3.5], "texture": "#3"}
			}
		},
		{
			"from": [8.8519, 4.84077, 8.03172],
			"to": [9.69984, 5.10202, 9.20609],
			"rotation": {"angle": -22.5, "axis": "x", "origin": [7.60938, 9.79688, 11.07813]},
			"faces": {
				"east": {"uv": [2, 2, 5.5, 3], "rotation": 270, "texture": "#3"},
				"west": {"uv": [2, 2.5, 5.5, 3.5], "rotation": 90, "texture": "#3"},
				"up": {"uv": [4, 4, 5, 5], "rotation": 180, "texture": "#3"}
			}
		},
		{
			"from": [8.8519, 5.23139, 11.0161],
			"to": [9.69984, 5.52389, 11.87796],
			"rotation": {"angle": 22.5, "axis": "x", "origin": [7.60938, 10.1875, 13.75]},
			"faces": {
				"east": {"uv": [2, 2, 5.5, 3], "rotation": 270, "texture": "#3"},
				"west": {"uv": [2, 2.5, 5.5, 3.5], "rotation": 90, "texture": "#3"},
				"down": {"uv": [3.5, 2.5, 4.5, 3.5], "texture": "#3"}
			}
		},
		{
			"from": [8.8519, 7.63766, 10.66889],
			"to": [9.69984, 8.78078, 10.77827],
			"rotation": {"angle": -22.5, "axis": "x", "origin": [7.60938, 5.54688, 15.48438]},
			"faces": {
				"north": {"uv": [3.5, 6.5, 4.5, 7.5], "rotation": 180, "texture": "#3"},
				"east": {"uv": [2, 2, 5.5, 3], "rotation": 180, "texture": "#3"},
				"west": {"uv": [2, 2.5, 5.5, 3.5], "rotation": 180, "texture": "#3"},
				"down": {"uv": [3, 1.5, 4, 5], "texture": "#3"}
			}
		},
		{
			"from": [8.8519, 3.16891, 5.23139],
			"to": [9.69984, 5.32765, 6.16452],
			"rotation": {"angle": 45, "axis": "x", "origin": [7.60938, 1.23438, 10.60938]},
			"faces": {
				"east": {"uv": [2, 2, 5.5, 3], "rotation": 180, "texture": "#3"},
				"south": {"uv": [4, 4, 5, 5], "rotation": 180, "texture": "#3"},
				"west": {"uv": [2, 2.5, 5.5, 3.5], "rotation": 180, "texture": "#3"}
			}
		},
		{
			"from": [9.1644, 4.22308, 8.41889],
			"to": [9.38734, 5.24953, 8.54924],
			"rotation": {"angle": 22.5, "axis": "x", "origin": [7.5625, 1.15625, 12.98438]},
			"faces": {
				"north": {"uv": [3.5, 2.5, 4.5, 3.5], "rotation": 180, "texture": "#3"},
				"east": {"uv": [2, 2, 5.5, 3], "rotation": 180, "texture": "#3"},
				"south": {"uv": [4, 4, 5, 5], "rotation": 180, "texture": "#3"},
				"west": {"uv": [2, 2.5, 5.5, 3.5], "rotation": 180, "texture": "#3"},
				"down": {"uv": [3, 1.5, 4, 5], "texture": "#3"}
			}
		},
		{
			"from": [9.1644, 3.46579, 5.74702],
			"to": [9.38734, 3.74953, 5.86764],
			"rotation": {"angle": 45, "axis": "x", "origin": [7.5625, -0.34375, 10.3125]},
			"faces": {
				"north": {"uv": [3.5, 2.5, 4.5, 3.5], "rotation": 180, "texture": "#3"},
				"east": {"uv": [2, 2, 5.5, 3], "rotation": 180, "texture": "#3"},
				"south": {"uv": [4, 4, 5, 5], "rotation": 180, "texture": "#3"},
				"west": {"uv": [2, 2.5, 5.5, 3.5], "rotation": 180, "texture": "#3"},
				"up": {"uv": [1, 2, 6, 3.5], "texture": "#3"},
				"down": {"uv": [3, 1.5, 4, 5], "texture": "#3"}
			}
		},
		{
			"from": [8.49252, 5.15327, 7.71922],
			"to": [10.09047, 7.55514, 8.92484],
			"rotation": {"angle": 0, "axis": "x", "origin": [8, 9.75, 13.15625]},
			"faces": {
				"east": {"uv": [2, 2, 5.5, 3], "rotation": 270, "texture": "#7"},
				"south": {"uv": [3, 1.5, 4, 5], "texture": "#7"},
				"west": {"uv": [2, 2.5, 5.5, 3.5], "rotation": 90, "texture": "#7"},
				"down": {"uv": [3.5, 2.5, 4.5, 3.5], "texture": "#7"}
			}
		},
		{
			"from": [8.49252, 4.96577, 7.25047],
			"to": [10.09047, 7.55514, 8.39359],
			"rotation": {"angle": 0, "axis": "x", "origin": [8, 9.75, 13.8125]},
			"faces": {
				"east": {"uv": [2, 2, 5.5, 3], "rotation": 270, "texture": "#7"},
				"west": {"uv": [2, 2.5, 5.5, 3.5], "rotation": 90, "texture": "#7"}
			}
		},
		{
			"from": [8.49252, 6.21577, 2.3286],
			"to": [10.09047, 7.55514, 8.01859],
			"rotation": {"angle": 0, "axis": "x", "origin": [8, 9.75, 13.4375]},
			"faces": {
				"north": {"uv": [1, 2, 6, 3.5], "rotation": 180, "texture": "#7"},
				"east": {"uv": [2, 2, 5.5, 3], "rotation": 270, "texture": "#7"},
				"west": {"uv": [2, 2.5, 5.5, 3.5], "rotation": 90, "texture": "#7"},
				"up": {"uv": [4, 4, 5, 5], "rotation": 180, "texture": "#7"},
				"down": {"uv": [3.5, 2.5, 4.5, 3.5], "texture": "#7"}
			}
		},
		{
			"from": [8.49252, 6.95015, -1.1714],
			"to": [10.09047, 7.55514, 4.51859],
			"rotation": {"angle": 0, "axis": "x", "origin": [8, 9.75, 9.9375]},
			"faces": {
				"north": {"uv": [1, 2, 6, 3.5], "rotation": 180, "texture": "#1"},
				"east": {"uv": [2, 2, 5.5, 3], "rotation": 270, "texture": "#1"},
				"up": {"uv": [4, 4, 5, 5], "rotation": 180, "texture": "#1"},
				"down": {"uv": [3.5, 2.5, 4.5, 3.5], "texture": "#1"}
			}
		},
		{
			"from": [8.49252, 3.96577, 4.3286],
			"to": [10.09047, 5.80514, 8.01859],
			"rotation": {"angle": 0, "axis": "x", "origin": [8, 7.5, 13.4375]},
			"faces": {
				"east": {"uv": [2, 2, 5.5, 3], "rotation": 270, "texture": "#7"},
				"west": {"uv": [2, 2.5, 5.5, 3.5], "rotation": 90, "texture": "#7"},
				"up": {"uv": [4, 4, 5, 5], "rotation": 180, "texture": "#7"},
				"down": {"uv": [3.5, 2.5, 4.5, 3.5], "texture": "#7"}
			}
		},
		{
			"from": [8.49252, 1.70014, 8.2661],
			"to": [10.09047, 3.33639, 10.13192],
			"rotation": {"angle": 22.5, "axis": "x", "origin": [8, 7.28125, 14.14063]},
			"faces": {
				"east": {"uv": [2, 2, 5.5, 3], "rotation": 270, "texture": "#7"},
				"south": {"uv": [3, 1.5, 4, 5], "texture": "#7"},
				"west": {"uv": [2, 2.5, 5.5, 3.5], "rotation": 90, "texture": "#7"},
				"up": {"uv": [4, 4, 5, 5], "rotation": 180, "texture": "#7"},
				"down": {"uv": [3.5, 2.5, 4.5, 3.5], "texture": "#7"}
			}
		},
		{
			"from": [8.49252, 8.85639, 1.5161],
			"to": [10.09047, 10.24264, 2.63192],
			"rotation": {"angle": -45, "axis": "x", "origin": [8, 14.4375, 8.89063]},
			"faces": {
				"north": {"uv": [1, 2, 6, 3.5], "rotation": 180, "texture": "#7"},
				"east": {"uv": [2, 2, 5.5, 3], "rotation": 270, "texture": "#7"},
				"west": {"uv": [2, 2.5, 5.5, 3.5], "rotation": 90, "texture": "#7"}
			}
		},
		{
			"from": [8.49252, 8.21577, 2.5161],
			"to": [10.09047, 9.11764, 3.96004],
			"rotation": {"angle": -22.5, "axis": "x", "origin": [8, 13.79688, 9.89063]},
			"faces": {
				"west": {"uv": [2, 2.5, 5.5, 3.5], "rotation": 90, "texture": "#7"},
				"down": {"uv": [3.5, 2.5, 4.5, 3.5], "texture": "#7"}
			}
		},
		{
			"from": [8.49252, 3.10985, 4.72611],
			"to": [10.09047, 3.88192, 6.11236],
			"rotation": {"angle": -22.5, "axis": "x", "origin": [8, 10.48438, 0.53125]},
			"faces": {
				"north": {"uv": [4, 4, 5, 5], "texture": "#7"},
				"east": {"uv": [2, 2, 5.5, 3], "texture": "#7"},
				"west": {"uv": [2, 2.5, 5.5, 3.5], "texture": "#7"}
			}
		},
		{
			"from": [8.49252, 6.75047, 7.53861],
			"to": [10.09047, 7.86629, 8.61236],
			"rotation": {"angle": 22.5, "axis": "x", "origin": [8, 14.21875, 3.03125]},
			"faces": {
				"east": {"uv": [2, 2, 5.5, 3], "texture": "#7"},
				"south": {"uv": [3.5, 2.5, 4.5, 3.5], "texture": "#7"},
				"west": {"uv": [2, 2.5, 5.5, 3.5], "texture": "#7"}
			}
		},
		{
			"from": [8.49252, 1.59422, -0.28952],
			"to": [10.09047, 4.99129, 3.11236],
			"rotation": {"angle": -22.5, "axis": "x", "origin": [8, 10.1875, -1.48437]},
			"faces": {
				"east": {"uv": [2, 2, 5.5, 3], "texture": "#7"},
				"west": {"uv": [2, 2.5, 5.5, 3.5], "texture": "#7"},
				"down": {"uv": [1, 2, 6, 3.5], "texture": "#7"}
			}
		},
		{
			"from": [8.49252, -1.1089, -3.22702],
			"to": [10.09047, 1.96004, 1.22173],
			"rotation": {"angle": -45, "axis": "x", "origin": [8, 7.48438, -3.67187]},
			"faces": {
				"north": {"uv": [4, 4, 5, 5], "texture": "#7"},
				"east": {"uv": [2, 2, 5.5, 3], "texture": "#7"},
				"west": {"uv": [2, 2.5, 5.5, 3.5], "texture": "#7"},
				"down": {"uv": [1, 2, 6, 3.5], "texture": "#7"}
			}
		},
		{
			"from": [8.49252, -0.38327, 1.21183],
			"to": [10.09047, 2.56548, 3.53078],
			"rotation": {"angle": -22.5, "axis": "x", "origin": [8, -0.82812, -4.3125]},
			"faces": {
				"north": {"uv": [3, 1.5, 4, 5], "rotation": 180, "texture": "#7"},
				"east": {"uv": [2, 2, 5.5, 3], "rotation": 90, "texture": "#7"},
				"west": {"uv": [2, 2.5, 5.5, 3.5], "rotation": 270, "texture": "#7"},
				"up": {"uv": [3.5, 2.5, 4.5, 3.5], "texture": "#7"},
				"down": {"uv": [4, 4, 5, 5], "rotation": 180, "texture": "#7"}
			}
		},
		{
			"from": [8.49252, 2.36673, 0.80473],
			"to": [10.09047, 4.03423, 2.37368],
			"rotation": {"angle": -22.5, "axis": "x", "origin": [8, 0.17188, -4.7196]},
			"faces": {
				"north": {"uv": [3, 1.5, 4, 5], "rotation": 180, "texture": "#7"},
				"east": {"uv": [2, 2, 5.5, 3], "rotation": 90, "texture": "#7"},
				"west": {"uv": [2, 2.5, 5.5, 3.5], "rotation": 270, "texture": "#7"}
			}
		},
		{
			"from": [8.45756, 6.50772, -3.13211],
			"to": [9.96547, 8.3471, 6.26394],
			"rotation": {"angle": 0, "axis": "x", "origin": [8, 5.07849, -6.46997]},
			"faces": {
				"north": {"uv": [0, 0, 16, 15.5], "rotation": 180, "texture": "#8"},
				"east": {"uv": [2, 2, 5.5, 3], "rotation": 90, "texture": "#5"},
				"south": {"uv": [1, 2, 6, 3.5], "texture": "#5"},
				"west": {"uv": [2, 2.5, 5.5, 3.5], "rotation": 270, "texture": "#5"},
				"up": {"uv": [0, 1, 16, 16], "texture": "#11"},
				"down": {"uv": [4, 4, 5, 5], "rotation": 180, "texture": "#5"}
			}
		},
		{
			"from": [5.64506, 7.02335, -2.69034],
			"to": [7.34047, 7.8471, 5.56081],
			"rotation": {"angle": 0, "axis": "x", "origin": [5.25, 4.42224, -5.03247]},
			"faces": {
				"east": {"uv": [2, 2, 5.5, 3], "rotation": 90, "texture": "#5"},
				"west": {"uv": [0, 0, 16, 16], "rotation": 270, "texture": "#8"},
				"up": {"uv": [0.5, 0.5, 16, 16], "texture": "#5"},
				"down": {"uv": [4, 4, 5, 5], "rotation": 180, "texture": "#5"}
			}
		},
		{
			"from": [11.09703, 7.02335, -2.69034],
			"to": [12.79244, 7.8471, 5.56081],
			"rotation": {"angle": 0, "axis": "x", "origin": [13.1875, 4.42224, -5.03247]},
			"faces": {
				"east": {"uv": [0, 16, 16, 0], "rotation": 270, "texture": "#8"},
				"west": {"uv": [2, 3, 5.5, 2], "rotation": 90, "texture": "#5"},
				"up": {"uv": [16, 0.5, 0.5, 16], "texture": "#5"},
				"down": {"uv": [5, 4, 4, 5], "rotation": 180, "texture": "#5"}
			}
		},
		{
			"from": [-0.46535, 7.02335, 8.40979],
			"to": [0.98006, 7.8471, 10.11407],
			"rotation": {"angle": 45, "axis": "y", "origin": [-0.86041, 4.42224, -0.38546]},
			"faces": {
				"north": {"uv": [3, 1.5, 4, 5], "rotation": 180, "texture": "#5"},
				"east": {"uv": [2, 2, 5.5, 3], "rotation": 90, "texture": "#5"},
				"south": {"uv": [0, 1, 16, 16], "texture": "#5"},
				"west": {"uv": [0, 0, 16, 16], "rotation": 270, "texture": "#8"},
				"up": {"uv": [0.5, 0.5, 16, 16], "texture": "#5"},
				"down": {"uv": [4, 4, 5, 5], "rotation": 180, "texture": "#5"}
			}
		},
		{
			"from": [17.45744, 7.02335, 8.40979],
			"to": [18.90285, 7.8471, 10.11407],
			"rotation": {"angle": -45, "axis": "y", "origin": [19.29791, 4.42224, -0.38546]},
			"faces": {
				"north": {"uv": [4, 1.5, 3, 5], "rotation": 180, "texture": "#5"},
				"east": {"uv": [0, 16, 16, 0], "rotation": 270, "texture": "#8"},
				"south": {"uv": [16, 1, 0, 16], "texture": "#5"},
				"west": {"uv": [2, 3, 5.5, 2], "rotation": 90, "texture": "#5"},
				"up": {"uv": [16, 0.5, 0.5, 16], "texture": "#5"},
				"down": {"uv": [5, 4, 4, 5], "rotation": 180, "texture": "#5"}
			}
		},
		{
			"from": [8.49252, 1.7036, 0.61673],
			"to": [10.09047, 6.52254, 2.70611],
			"rotation": {"angle": 0, "axis": "x", "origin": [8, 10.29688, -2.1875]},
			"faces": {
				"north": {"uv": [4, 4, 5, 5], "texture": "#7"},
				"east": {"uv": [2, 2, 5.5, 3], "texture": "#7"},
				"south": {"uv": [3.5, 2.5, 4.5, 3.5], "texture": "#7"},
				"west": {"uv": [2, 2.5, 5.5, 3.5], "texture": "#7"},
				"up": {"uv": [3, 1.5, 4, 5], "texture": "#7"},
				"down": {"uv": [1, 2, 6, 3.5], "texture": "#7"}
			}
		},
		{
			"from": [7.90611, 10.20639, 16.66862],
			"to": [10.67884, 11.16889, 17.78152],
			"rotation": {"angle": 45, "axis": "x", "origin": [7.92727, 11.41512, 11.30844]},
			"faces": {
				"north": {"uv": [1, 2, 6, 3.5], "rotation": 180, "texture": "#10"},
				"east": {"uv": [2, 2, 5.5, 3], "rotation": 270, "texture": "#10"},
				"south": {"uv": [3, 1.5, 4, 5], "texture": "#10"},
				"west": {"uv": [2, 2.5, 5.5, 3.5], "rotation": 90, "texture": "#10"},
				"up": {"uv": [0, 6, 1, 7], "rotation": 180, "texture": "#10"}
			}
		},
		{
			"from": [7.90611, 5.60738, 14.17243],
			"to": [10.67884, 6.85494, 15.06221],
			"rotation": {"angle": 0, "axis": "x", "origin": [7.92727, 11.92421, 15.30844]},
			"faces": {
				"north": {"uv": [3.5, 2.5, 4.5, 3.5], "rotation": 180, "texture": "#10"},
				"east": {"uv": [2, 2, 5.5, 3], "rotation": 180, "texture": "#10"},
				"south": {"uv": [4, 4, 5, 5], "rotation": 180, "texture": "#10"},
				"west": {"uv": [2, 2.5, 5.5, 3.5], "rotation": 180, "texture": "#10"},
				"up": {"uv": [1, 2, 6, 3.5], "texture": "#10"},
				"down": {"uv": [3, 1.5, 4, 5], "texture": "#10"}
			}
		},
		{
			"from": [7.97884, 2.97482, 13.44867],
			"to": [10.60611, 4.81005, 14.56586],
			"rotation": {"angle": -22.5, "axis": "x", "origin": [7.92727, 5.05628, 8.0885]},
			"faces": {
				"north": {"uv": [0, 5.5, 2, 8.5], "rotation": 90, "texture": "#9"},
				"east": {"uv": [0, 5.5, 3, 8.5], "rotation": 90, "texture": "#9"},
				"south": {"uv": [0, 5.5, 2, 8.5], "rotation": 90, "texture": "#9"},
				"west": {"uv": [0, 5.5, 4, 8.5], "rotation": 90, "texture": "#9"},
				"down": {"uv": [0, 5.5, 2, 8.5], "rotation": 90, "texture": "#9"}
			}
		},
		{
			"from": [7.84361, 6.66435, 14.8351],
			"to": [10.74375, 8.36662, 15.63893],
			"rotation": {"angle": 0, "axis": "y", "origin": [7.92727, 9.32841, 6.63665]},
			"faces": {
				"north": {"uv": [4, 4, 5, 5], "texture": "#10"},
				"east": {"uv": [2, 2, 5.5, 3], "texture": "#10"},
				"south": {"uv": [0, 3, 8, 11.5], "rotation": 270, "texture": "#10"},
				"west": {"uv": [2, 2.5, 5.5, 3.5], "texture": "#10"},
				"up": {"uv": [3, 1.5, 4, 5], "texture": "#10"},
				"down": {"uv": [1, 2, 6, 3.5], "texture": "#10"}
			}
		},
		{
			"from": [10.26322, 5.51193, -3.01393],
			"to": [11.71549, 8.41207, -2.0851],
			"rotation": {"angle": 0, "axis": "z", "origin": [13.92727, 8.32841, 6.11335]},
			"faces": {
				"north": {"uv": [0, 11.5, 8, 3], "rotation": 180, "texture": "#10"},
				"east": {"uv": [3, 5, 4, 1.5], "rotation": 90, "texture": "#10"},
				"south": {"uv": [5, 4, 4, 5], "rotation": 90, "texture": "#10"},
				"down": {"uv": [5.5, 2, 2, 3], "rotation": 90, "texture": "#10"}
			}
		},
		{
			"from": [6.53451, 5.51193, -3.01393],
			"to": [7.98678, 8.41207, -2.0851],
			"rotation": {"angle": 0, "axis": "z", "origin": [4.32273, 8.32841, 6.11335]},
			"faces": {
				"north": {"uv": [8, 11.5, 0, 3], "rotation": 180, "texture": "#10"},
				"east": {"uv": [1, 2, 6, 3.5], "rotation": 90, "texture": "#10"},
				"south": {"uv": [5, 5, 4, 4], "rotation": 90, "texture": "#10"},
				"west": {"uv": [3, 1.5, 4, 5], "rotation": 90, "texture": "#10"},
				"down": {"uv": [5.5, 3, 2, 2], "rotation": 90, "texture": "#10"}
			}
		},
		{
			"from": [7.90611, 7.66435, 14.68055],
			"to": [10.68125, 8.56662, 15.5662],
			"rotation": {"angle": 0, "axis": "y", "origin": [7.92727, 10.32841, 6.63665]},
			"faces": {
				"north": {"uv": [4, 4, 5, 5], "texture": "#10"},
				"east": {"uv": [2, 2, 5.5, 3], "texture": "#10"},
				"south": {"uv": [6, 4.5, 10.5, 11], "rotation": 90, "texture": "#10"},
				"west": {"uv": [2, 2.5, 5.5, 3.5], "texture": "#10"},
				"up": {"uv": [0, 4, 3, 10.5], "rotation": 90, "texture": "#10"}
			}
		},
		{
			"from": [11.26322, 5.57443, -2.8162],
			"to": [12.16549, 8.34957, -1.93055],
			"rotation": {"angle": 0, "axis": "z", "origin": [13.92727, 8.32841, 6.11335]},
			"faces": {
				"north": {"uv": [6, 11, 10.5, 4.5], "texture": "#10"},
				"east": {"uv": [3, 4, 0, 10.5], "rotation": 180, "texture": "#10"},
				"south": {"uv": [5, 4, 4, 5], "rotation": 90, "texture": "#10"},
				"west": {"uv": [1, 3.5, 6, 2], "rotation": 90, "texture": "#10"},
				"down": {"uv": [5.5, 2, 2, 3], "rotation": 90, "texture": "#10"}
			}
		},
		{
			"from": [6.08451, 5.57443, -2.8162],
			"to": [6.98678, 8.34957, -1.93055],
			"rotation": {"angle": 0, "axis": "z", "origin": [4.32273, 8.32841, 6.11335]},
			"faces": {
				"north": {"uv": [10.5, 11, 6, 4.5], "texture": "#10"},
				"east": {"uv": [1, 2, 6, 3.5], "rotation": 90, "texture": "#10"},
				"south": {"uv": [5, 5, 4, 4], "rotation": 90, "texture": "#10"},
				"west": {"uv": [0, 4, 3, 10.5], "rotation": 180, "texture": "#10"},
				"down": {"uv": [5.5, 3, 2, 2], "rotation": 90, "texture": "#10"}
			}
		},
		{
			"from": [7.34361, 7.4456, 11.7118],
			"to": [7.49375, 8.06662, 13.09745],
			"rotation": {"angle": 0, "axis": "y", "origin": [7.36477, 9.82841, 3.6679]},
			"faces": {
				"north": {"uv": [4, 4, 5, 5], "texture": "#10"},
				"east": {"uv": [2, 2, 5.5, 3], "texture": "#10"},
				"south": {"uv": [3.5, 2.5, 4.5, 3.5], "texture": "#10"},
				"west": {"uv": [2, 2.5, 6.5, 5.5], "texture": "#10"},
				"up": {"uv": [3, 1.5, 4, 5], "texture": "#10"},
				"down": {"uv": [1, 2, 6, 3.5], "texture": "#10"}
			}
		},
		{
			"from": [10.975, 7.4456, 11.7118],
			"to": [11.12514, 8.06662, 13.09745],
			"rotation": {"angle": 0, "axis": "y", "origin": [11.10398, 9.82841, 3.6679]},
			"faces": {
				"north": {"uv": [5, 4, 4, 5], "texture": "#10"},
				"east": {"uv": [6.5, 2.5, 2, 5.5], "texture": "#10"},
				"south": {"uv": [4.5, 2.5, 3.5, 3.5], "texture": "#10"},
				"up": {"uv": [4, 1.5, 3, 5], "texture": "#10"},
				"down": {"uv": [6, 2, 1, 3.5], "texture": "#10"}
			}
		},
		{
			"from": [7.31236, 7.6956, 12.30555],
			"to": [7.36875, 7.94162, 12.6912],
			"rotation": {"angle": 0, "axis": "y", "origin": [7.33352, 9.95341, 3.5429]},
			"faces": {
				"north": {"uv": [4, 4, 5, 5], "texture": "#7"},
				"south": {"uv": [3.5, 2.5, 4.5, 3.5], "texture": "#7"},
				"west": {"uv": [2, 2.5, 5.5, 3.5], "texture": "#7"},
				"up": {"uv": [3, 1.5, 4, 5], "texture": "#7"},
				"down": {"uv": [1, 2, 6, 3.5], "texture": "#7"}
			}
		},
		{
			"from": [11.1, 7.6956, 12.30555],
			"to": [11.15639, 7.94162, 12.6912],
			"rotation": {"angle": 0, "axis": "y", "origin": [11.13523, 9.95341, 3.5429]},
			"faces": {
				"north": {"uv": [5, 4, 4, 5], "texture": "#7"},
				"east": {"uv": [5.5, 2.5, 2, 3.5], "texture": "#7"},
				"south": {"uv": [4.5, 2.5, 3.5, 3.5], "texture": "#7"},
				"up": {"uv": [4, 1.5, 3, 5], "texture": "#7"},
				"down": {"uv": [6, 2, 1, 3.5], "texture": "#7"}
			}
		},
		{
			"from": [4.26374, 7.4456, 13.70166],
			"to": [4.41387, 8.06662, 14.33731],
			"rotation": {"angle": 22.5, "axis": "y", "origin": [4.2849, 9.82841, 5.65776]},
			"faces": {
				"east": {"uv": [2, 2, 5.5, 3], "texture": "#10"},
				"west": {"uv": [1.5, 2.5, 5.5, 8], "rotation": 180, "texture": "#10"},
				"up": {"uv": [3, 1.5, 4, 5], "texture": "#10"},
				"down": {"uv": [1, 2, 6, 3.5], "texture": "#10"}
			}
		},
		{
			"from": [14.05488, 7.4456, 13.70166],
			"to": [14.20501, 8.06662, 14.33731],
			"rotation": {"angle": -22.5, "axis": "y", "origin": [14.18385, 9.82841, 5.65776]},
			"faces": {
				"east": {"uv": [5.5, 2.5, 1.5, 8], "rotation": 180, "texture": "#10"},
				"up": {"uv": [4, 1.5, 3, 5], "texture": "#10"},
				"down": {"uv": [6, 2, 1, 3.5], "texture": "#10"}
			}
		},
		{
			"from": [1.15611, 7.4456, 13.2118],
			"to": [1.30625, 7.62912, 14.59745],
			"rotation": {"angle": 45, "axis": "y", "origin": [1.17727, 9.82841, 5.6679]},
			"faces": {
				"south": {"uv": [3.5, 2.5, 4.5, 3.5], "texture": "#10"},
				"west": {"uv": [2, 2.5, 5.5, 6], "texture": "#10"},
				"up": {"uv": [3, 1.5, 4, 5], "texture": "#10"},
				"down": {"uv": [1, 2, 6, 3.5], "texture": "#10"}
			}
		},
		{
			"from": [17.1625, 7.4456, 13.2118],
			"to": [17.31264, 7.62912, 14.59745],
			"rotation": {"angle": -45, "axis": "y", "origin": [17.29148, 9.82841, 5.6679]},
			"faces": {
				"east": {"uv": [5.5, 2.5, 2, 6], "texture": "#10"},
				"up": {"uv": [4, 1.5, 3, 5], "texture": "#10"},
				"down": {"uv": [6, 2, 1, 3.5], "texture": "#10"}
			}
		},
		{
			"from": [1.15611, 7.8831, 13.2118],
			"to": [1.30625, 8.06662, 14.59745],
			"rotation": {"angle": 45, "axis": "y", "origin": [1.17727, 9.82841, 5.6679]},
			"faces": {
				"south": {"uv": [3.5, 2.5, 4.5, 3.5], "texture": "#10"},
				"west": {"uv": [2, 2.5, 5.5, 6], "texture": "#10"},
				"up": {"uv": [0.5, 1.5, 4.5, 5], "texture": "#10"},
				"down": {"uv": [1, 2, 6, 3.5], "texture": "#10"}
			}
		},
		{
			"from": [17.1625, 7.8831, 13.2118],
			"to": [17.31264, 8.06662, 14.59745],
			"rotation": {"angle": -45, "axis": "y", "origin": [17.29148, 9.82841, 5.6679]},
			"faces": {
				"east": {"uv": [5.5, 2.5, 2, 6], "texture": "#10"},
				"up": {"uv": [4.5, 1.5, 0.5, 5], "texture": "#10"},
				"down": {"uv": [6, 2, 1, 3.5], "texture": "#10"}
			}
		},
		{
			"from": [3.59691, 7.4456, 11.38139],
			"to": [3.81566, 8.06662, 11.54829],
			"rotation": {"angle": 22.5, "axis": "y", "origin": [3.71181, 9.82841, 3.99374]},
			"faces": {
				"north": {"uv": [4, 4, 5, 5], "texture": "#10"},
				"south": {"uv": [3.5, 2.5, 4.5, 3.5], "texture": "#10"},
				"west": {"uv": [0, 3.5, 2.5, 8.5], "texture": "#10"},
				"up": {"uv": [3, 1.5, 4, 5], "texture": "#10"},
				"down": {"uv": [1, 2, 6, 3.5], "texture": "#10"}
			}
		},
		{
			"from": [14.65309, 7.4456, 11.38139],
			"to": [14.87184, 8.06662, 11.54829],
			"rotation": {"angle": -22.5, "axis": "y", "origin": [14.75694, 9.82841, 3.99374]},
			"faces": {
				"north": {"uv": [5, 4, 4, 5], "texture": "#10"},
				"east": {"uv": [2.5, 3.5, 0, 8.5], "texture": "#10"},
				"south": {"uv": [4.5, 2.5, 3.5, 3.5], "texture": "#10"},
				"up": {"uv": [4, 1.5, 3, 5], "texture": "#10"},
				"down": {"uv": [6, 2, 1, 3.5], "texture": "#10"}
			}
		},
		{
			"from": [1.40611, 7.4456, 13.3368],
			"to": [1.43736, 8.03537, 13.4412],
			"rotation": {"angle": 45, "axis": "y", "origin": [1.45852, 9.82841, 5.88665]},
			"faces": {
				"north": {"uv": [4, 4, 5, 5], "texture": "#3"},
				"south": {"uv": [3.5, 2.5, 4.5, 3.5], "texture": "#3"},
				"west": {"uv": [2, 2.5, 5.5, 3.5], "texture": "#3"}
			}
		},
		{
			"from": [17.03139, 7.4456, 13.3368],
			"to": [17.06264, 8.03537, 13.4412],
			"rotation": {"angle": -45, "axis": "y", "origin": [17.01023, 9.82841, 5.88665]},
			"faces": {
				"north": {"uv": [5, 4, 4, 5], "texture": "#3"},
				"east": {"uv": [5.5, 2.5, 2, 3.5], "texture": "#3"},
				"south": {"uv": [4.5, 2.5, 3.5, 3.5], "texture": "#3"}
			}
		},
		{
			"from": [1.43736, 7.4456, 13.0868],
			"to": [1.43736, 8.06662, 14.3162],
			"rotation": {"angle": 45, "axis": "y", "origin": [1.45852, 9.82841, 5.88665]},
			"faces": {
				"east": {"uv": [2, 2, 5.5, 3], "texture": "#7"},
				"west": {"uv": [2, 2.5, 5.5, 3.5], "texture": "#7"}
			}
		},
		{
			"from": [17.03139, 7.4456, 13.0868],
			"to": [17.03139, 8.06662, 14.3162],
			"rotation": {"angle": -45, "axis": "y", "origin": [17.01023, 9.82841, 5.88665]},
			"faces": {
				"east": {"uv": [5.5, 2.5, 2, 3.5], "texture": "#7"},
				"west": {"uv": [5.5, 2, 2, 3], "texture": "#7"}
			}
		},
		{
			"from": [1.65611, 7.4456, 13.5868],
			"to": [1.68736, 8.03537, 13.6912],
			"rotation": {"angle": 45, "axis": "y", "origin": [1.70852, 9.82841, 6.13665]},
			"faces": {
				"north": {"uv": [4, 4, 5, 5], "texture": "#3"},
				"south": {"uv": [3.5, 2.5, 4.5, 3.5], "texture": "#3"},
				"west": {"uv": [2, 2.5, 5.5, 3.5], "texture": "#3"}
			}
		},
		{
			"from": [16.78139, 7.4456, 13.5868],
			"to": [16.81264, 8.03537, 13.6912],
			"rotation": {"angle": -45, "axis": "y", "origin": [16.76023, 9.82841, 6.13665]},
			"faces": {
				"north": {"uv": [5, 4, 4, 5], "texture": "#3"},
				"east": {"uv": [5.5, 2.5, 2, 3.5], "texture": "#3"},
				"south": {"uv": [4.5, 2.5, 3.5, 3.5], "texture": "#3"}
			}
		},
		{
			"from": [1.90611, 7.4456, 13.8368],
			"to": [1.93736, 8.03537, 13.9412],
			"rotation": {"angle": 45, "axis": "y", "origin": [1.95852, 9.82841, 6.38665]},
			"faces": {
				"north": {"uv": [4, 4, 5, 5], "texture": "#3"},
				"south": {"uv": [3.5, 2.5, 4.5, 3.5], "texture": "#3"},
				"west": {"uv": [2, 2.5, 5.5, 3.5], "texture": "#3"}
			}
		},
		{
			"from": [16.53139, 7.4456, 13.8368],
			"to": [16.56264, 8.03537, 13.9412],
			"rotation": {"angle": -45, "axis": "y", "origin": [16.51023, 9.82841, 6.38665]},
			"faces": {
				"north": {"uv": [5, 4, 4, 5], "texture": "#3"},
				"east": {"uv": [5.5, 2.5, 2, 3.5], "texture": "#3"},
				"south": {"uv": [4.5, 2.5, 3.5, 3.5], "texture": "#3"}
			}
		},
		{
			"from": [8.26975, 5.11181, 13.50256],
			"to": [10.33352, 6.91253, 15.03137],
			"rotation": {"angle": 0, "axis": "y", "origin": [7.92727, 9.31878, 6.62756]},
			"faces": {
				"north": {"uv": [0, 5.5, 2, 8.5], "texture": "#9"},
				"east": {"uv": [0, 5.5, 2, 8.5], "texture": "#9"},
				"south": {"uv": [0, 5.5, 2, 8.5], "texture": "#9"},
				"west": {"uv": [0, 5.5, 2, 8.5], "texture": "#9"},
				"down": {"uv": [0, 5.5, 2, 8.5], "texture": "#9"}
			}
		},
		{
			"from": [6.52128, 13.19303, 4.47765],
			"to": [8.47471, 15.25553, 7.7089],
			"rotation": {"angle": -22.5, "axis": "x", "origin": [8, 9.81287, 25.59317]},
			"faces": {
				"north": {"uv": [4, 4, 5, 5], "texture": "#10"},
				"east": {"uv": [2, 2, 5.5, 3], "texture": "#10"},
				"south": {"uv": [0, 8.5, 4, 16], "texture": "#10"},
				"west": {"uv": [0, 2, 11.5, 12.5], "rotation": 270, "texture": "#10"},
				"up": {"uv": [3, 1.5, 4, 5], "texture": "#10"},
				"down": {"uv": [0, 3, 3.5, 12], "texture": "#10"}
			}
		},
		{
			"from": [9.89628, 13.19303, 4.47765],
			"to": [11.84971, 15.25553, 8.17765],
			"rotation": {"angle": -22.5, "axis": "x", "origin": [11.375, 9.81287, 25.59317]},
			"faces": {
				"north": {"uv": [4, 4, 5, 5], "texture": "#10"},
				"east": {"uv": [0, 3.5, 3.5, 9], "rotation": 180, "texture": "#10"},
				"south": {"uv": [3.5, 2.5, 4.5, 3.5], "texture": "#10"},
				"west": {"uv": [0, 2, 7.5, 12], "rotation": 90, "texture": "#10"},
				"up": {"uv": [3, 1.5, 4, 5], "texture": "#10"},
				"down": {"uv": [0, 2, 4.5, 12.5], "rotation": 180, "texture": "#10"}
			}
		},
		{
			"from": [6.52128, 14.77705, 6.76331],
			"to": [11.97471, 15.83955, 7.49456],
			"rotation": {"angle": -22.5, "axis": "x", "origin": [8, 10.24064, 25.28508]},
			"faces": {
				"east": {"uv": [2, 2, 5.5, 3], "texture": "#10"},
				"west": {"uv": [2, 2.5, 4, 9.5], "texture": "#10"}
			}
		},
		{
			"from": [7.28691, 15.02705, 6.76331],
			"to": [7.89659, 15.83955, 7.50575],
			"rotation": {"angle": -22.5, "axis": "x", "origin": [8, 10.24064, 25.28508]},
			"faces": {
				"west": {"uv": [2, 2.5, 4, 9.5], "texture": "#10"}
			}
		},
		{
			"from": [10.56816, 15.02705, 6.76331],
			"to": [11.31846, 15.83955, 7.50575],
			"rotation": {"angle": -22.5, "axis": "x", "origin": [10.6875, 10.24064, 25.28508]},
			"faces": {
				"east": {"uv": [2, 2, 5.5, 3], "texture": "#10"}
			}
		},
		{
			"from": [6.55253, 4.85517, -1.08038],
			"to": [11.94346, 6.46455, 4.79144],
			"rotation": {"angle": 0, "axis": "x", "origin": [8, 1.35001, 23.30071]},
			"faces": {
				"north": {"uv": [4, 4, 5, 5], "texture": "#7"},
				"east": {"uv": [0, 2, 6.5, 14.5], "rotation": 270, "texture": "#10"},
				"south": {"uv": [3.5, 2.5, 4.5, 3.5], "texture": "#1"},
				"west": {"uv": [0, 2, 5.5, 14.5], "rotation": 270, "texture": "#10"},
				"up": {"uv": [3, 1.5, 4, 5], "texture": "#7"},
				"down": {"uv": [1, 2, 6, 3.5], "texture": "#7"}
			}
		},
		{
			"from": [9.80253, 5.10517, -2.33038],
			"to": [11.44346, 6.71455, -0.95856],
			"rotation": {"angle": 0, "axis": "x", "origin": [7.5, 1.60001, 22.05071]},
			"faces": {
				"north": {"uv": [4, 4, 5, 5], "texture": "#7"},
				"east": {"uv": [2, 2, 5.5, 3], "texture": "#7"},
				"south": {"uv": [3.5, 2.5, 4.5, 3.5], "texture": "#7"},
				"west": {"uv": [0, 2, 5.5, 14.5], "rotation": 270, "texture": "#7"},
				"up": {"uv": [3, 1.5, 4, 5], "texture": "#7"},
				"down": {"uv": [1, 2, 6, 3.5], "texture": "#7"}
			}
		},
		{
			"from": [7.05253, 5.10517, -2.33038],
			"to": [8.69346, 6.71455, -0.95856],
			"rotation": {"angle": 0, "axis": "x", "origin": [4.75, 1.60001, 22.05071]},
			"faces": {
				"north": {"uv": [4, 4, 5, 5], "texture": "#7"},
				"east": {"uv": [2, 2, 5.5, 3], "texture": "#7"},
				"south": {"uv": [3.5, 2.5, 4.5, 3.5], "texture": "#7"},
				"west": {"uv": [0, 2, 5.5, 14.5], "rotation": 270, "texture": "#7"},
				"up": {"uv": [3, 1.5, 4, 5], "texture": "#7"},
				"down": {"uv": [1, 2, 6, 3.5], "texture": "#7"}
			}
		},
		{
			"from": [8.1875, 8.04205, 15.35982],
			"to": [10.3125, 8.1358, 15.71919],
			"rotation": {"angle": 0, "axis": "y", "origin": [3, 8.60455, 15.60398]},
			"faces": {
				"east": {"uv": [3.5, 2.5, 4.5, 3.5], "texture": "#7"},
				"south": {"uv": [2, 2.5, 5.5, 3.5], "texture": "#7"},
				"west": {"uv": [4, 4, 5, 5], "texture": "#7"},
				"up": {"uv": [3, 1.5, 4, 5], "rotation": 270, "texture": "#7"},
				"down": {"uv": [1, 2, 6, 3.5], "rotation": 90, "texture": "#7"}
			}
		},
		{
			"from": [8.1875, 7.80768, 15.35982],
			"to": [10.3125, 7.90143, 15.71919],
			"rotation": {"angle": 0, "axis": "y", "origin": [3, 8.37018, 15.60398]},
			"faces": {
				"east": {"uv": [3.5, 2.5, 4.5, 3.5], "texture": "#7"},
				"south": {"uv": [2, 2.5, 5.5, 3.5], "texture": "#7"},
				"west": {"uv": [4, 4, 5, 5], "texture": "#7"},
				"up": {"uv": [3, 1.5, 4, 5], "rotation": 270, "texture": "#7"},
				"down": {"uv": [1, 2, 6, 3.5], "rotation": 90, "texture": "#7"}
			}
		},
		{
			"from": [8.1875, 7.29205, 15.35982],
			"to": [10.3125, 7.3858, 15.71919],
			"rotation": {"angle": 0, "axis": "y", "origin": [3, 7.85455, 15.60398]},
			"faces": {
				"east": {"uv": [3.5, 2.5, 4.5, 3.5], "texture": "#7"},
				"south": {"uv": [2, 2.5, 5.5, 3.5], "texture": "#7"},
				"west": {"uv": [4, 4, 5, 5], "texture": "#7"},
				"up": {"uv": [3, 1.5, 4, 5], "rotation": 270, "texture": "#7"},
				"down": {"uv": [1, 2, 6, 3.5], "rotation": 90, "texture": "#7"}
			}
		},
		{
			"from": [8.1875, 7.65143, 15.35982],
			"to": [10.3125, 7.74518, 15.71919],
			"rotation": {"angle": 0, "axis": "y", "origin": [3, 8.21393, 15.60398]},
			"faces": {
				"east": {"uv": [3.5, 2.5, 4.5, 3.5], "texture": "#7"},
				"south": {"uv": [2, 2.5, 5.5, 3.5], "texture": "#7"},
				"west": {"uv": [4, 4, 5, 5], "texture": "#7"},
				"up": {"uv": [3, 1.5, 4, 5], "rotation": 270, "texture": "#7"},
				"down": {"uv": [1, 2, 6, 3.5], "rotation": 90, "texture": "#7"}
			}
		},
		{
			"from": [8.1875, 6.90143, 15.35982],
			"to": [10.3125, 6.99518, 15.71919],
			"rotation": {"angle": 0, "axis": "y", "origin": [3, 7.46393, 15.60398]},
			"faces": {
				"east": {"uv": [3.5, 2.5, 4.5, 3.5], "texture": "#7"},
				"south": {"uv": [2, 2.5, 5.5, 3.5], "texture": "#7"},
				"west": {"uv": [4, 4, 5, 5], "texture": "#7"},
				"up": {"uv": [3, 1.5, 4, 5], "rotation": 270, "texture": "#7"},
				"down": {"uv": [1, 2, 6, 3.5], "rotation": 90, "texture": "#7"}
			}
		},
		{
			"from": [8.9375, 7.8233, 15.35982],
			"to": [9.59375, 8.08893, 15.71919],
			"rotation": {"angle": 0, "axis": "y", "origin": [3.89063, 8.55768, 15.60398]},
			"faces": {
				"east": {"uv": [3.5, 2.5, 4.5, 3.5], "texture": "#7"},
				"south": {"uv": [2, 2.5, 5.5, 3.5], "texture": "#7"},
				"west": {"uv": [4, 4, 5, 5], "texture": "#7"}
			}
		},
		{
			"from": [8.1875, 7.10455, 15.35982],
			"to": [10.3125, 7.1983, 15.71919],
			"rotation": {"angle": 0, "axis": "y", "origin": [3, 7.66705, 15.60398]},
			"faces": {
				"east": {"uv": [3.5, 2.5, 4.5, 3.5], "texture": "#7"},
				"south": {"uv": [2, 2.5, 5.5, 3.5], "texture": "#7"},
				"west": {"uv": [4, 4, 5, 5], "texture": "#7"},
				"up": {"uv": [3, 1.5, 4, 5], "rotation": 270, "texture": "#7"},
				"down": {"uv": [1, 2, 6, 3.5], "rotation": 90, "texture": "#7"}
			}
		},
		{
			"from": [8.1875, 7.46393, 15.35982],
			"to": [10.3125, 7.55768, 15.71919],
			"rotation": {"angle": 0, "axis": "y", "origin": [3, 8.02643, 15.60398]},
			"faces": {
				"east": {"uv": [3.5, 2.5, 4.5, 3.5], "texture": "#7"},
				"south": {"uv": [2, 2.5, 5.5, 3.5], "texture": "#7"},
				"west": {"uv": [4, 4, 5, 5], "texture": "#7"},
				"up": {"uv": [3, 1.5, 4, 5], "rotation": 270, "texture": "#7"},
				"down": {"uv": [1, 2, 6, 3.5], "rotation": 90, "texture": "#7"}
			}
		}
	],
	"display": {
		"thirdperson_righthand": {
			"translation": [-2, 5.25, 0],
			"scale": [1.3, 1.3, 1.05]
		},
		"thirdperson_lefthand": {
			"translation": [2, 4, -1.25],
			"scale": [1.44, 1.44, 1.14]
		},
		"firstperson_righthand": {
			"rotation": [4, 0, 0],
			"translation": [-10.75, 3.99, 1.42],
			"scale": [1.55, 1.46445, 0.86]
		},
		"firstperson_lefthand": {
			"rotation": [3, 4, 0],
			"translation": [6.75, 0.74, -4],
			"scale": [2.75, 2.15, 1.6]
		},
		"ground": {
			"translation": [0, 8.5, 1.25],
			"scale": [1.5, 1.5, 1.5]
		},
		"gui": {
			"rotation": [-90, 126, 102],
			"translation": [1.1, 0.1, 0],
			"scale": [2.55, 0.97, 1.16]
		},
		"head": {
			"scale": [0, 0, 0]
		},
		"fixed": {
			"rotation": [0, -90, 0],
			"translation": [-2, 0, -2.75],
			"scale": [1.25, 1, 1]
		}
	}
}