{
	"credit": "Made with Blockbench",
	"textures": {
		"1": "guns/dragon_drum",
		"particle": "guns/dragon_drum"
	},
	"elements": [
		{
			"from": [6.75, 1.8, 9.76],
			"to": [7.75, 4.6, 13.74],
			"rotation": {"angle": -45, "axis": "z", "origin": [5.75, 0.5, 11]},
			"faces": {
				"north": {"uv": [8.78356, 10.70979, 8.83071, 14.49093], "texture": "#1"},
				"east": {"uv": [8.86094, 10.4474, 9.96644, 16], "texture": "#1"},
				"south": {"uv": [8.70617, 10.64087, 8.83071, 14.63482], "texture": "#1"},
				"west": {"uv": [8.8416, 10.40871, 9.98579, 16], "texture": "#1"},
				"up": {"uv": [8.86094, 10.48609, 9.95284, 16], "texture": "#1"},
				"down": {"uv": [8.8416, 10.4474, 9.99154, 16], "texture": "#1"}
			}
		},
		{
			"from": [4, 1, 9.75],
			"to": [9, 6, 13.75],
			"rotation": {"angle": 0, "axis": "y", "origin": [7, 1, 11]},
			"faces": {
				"north": {"uv": [8.78356, 10.70979, 8.83071, 14.49093], "texture": "#1"},
				"east": {"uv": [8.86094, 10.4474, 9.96644, 16], "texture": "#1"},
				"south": {"uv": [8.70617, 10.64087, 8.83071, 14.63482], "texture": "#1"},
				"west": {"uv": [8.8416, 10.40871, 9.98579, 16], "texture": "#1"},
				"up": {"uv": [8.86094, 10.48609, 9.95284, 16], "texture": "#1"},
				"down": {"uv": [8.8416, 10.4474, 9.99154, 16], "texture": "#1"}
			}
		},
		{
			"from": [9, 2, 9.75],
			"to": [10.1, 5, 13.75],
			"rotation": {"angle": 0, "axis": "y", "origin": [8, 1, 11]},
			"faces": {
				"north": {"uv": [8.78356, 10.70979, 8.83071, 14.49093], "texture": "#1"},
				"east": {"uv": [8.86094, 10.4474, 9.96644, 16], "texture": "#1"},
				"south": {"uv": [8.70617, 10.64087, 8.83071, 14.63482], "texture": "#1"},
				"west": {"uv": [8.8416, 10.40871, 9.98579, 16], "texture": "#1"},
				"up": {"uv": [8.86094, 10.48609, 9.95284, 16], "texture": "#1"},
				"down": {"uv": [8.8416, 10.4474, 9.99154, 16], "texture": "#1"}
			}
		},
		{
			"from": [3, 2, 9.75],
			"to": [4.1, 5, 13.75],
			"rotation": {"angle": 0, "axis": "y", "origin": [2, 1, 11]},
			"faces": {
				"north": {"uv": [8.78356, 10.70979, 8.83071, 14.49093], "texture": "#1"},
				"east": {"uv": [8.86094, 10.4474, 9.96644, 16], "texture": "#1"},
				"south": {"uv": [8.70617, 10.64087, 8.83071, 14.63482], "texture": "#1"},
				"west": {"uv": [8.8416, 10.40871, 9.98579, 16], "texture": "#1"},
				"up": {"uv": [8.86094, 10.48609, 9.95284, 16], "texture": "#1"},
				"down": {"uv": [8.8416, 10.4474, 9.99154, 16], "texture": "#1"}
			}
		},
		{
			"from": [5, 0, 9.75],
			"to": [8.1, 1, 13.75],
			"rotation": {"angle": 0, "axis": "y", "origin": [5, -1, 11]},
			"faces": {
				"north": {"uv": [8.78356, 10.70979, 8.83071, 14.49093], "texture": "#1"},
				"east": {"uv": [8.86094, 10.4474, 9.96644, 16], "texture": "#1"},
				"south": {"uv": [8.70617, 10.64087, 8.83071, 14.63482], "texture": "#1"},
				"west": {"uv": [8.8416, 10.40871, 9.98579, 16], "texture": "#1"},
				"up": {"uv": [8.86094, 10.48609, 9.95284, 16], "texture": "#1"},
				"down": {"uv": [8.8416, 10.4474, 9.99154, 16], "texture": "#1"}
			}
		},
		{
			"from": [5, 6, 9.75],
			"to": [8.1, 7, 13.75],
			"rotation": {"angle": 0, "axis": "y", "origin": [5, 5, 11]},
			"faces": {
				"north": {"uv": [8.78356, 10.70979, 8.83071, 14.49093], "texture": "#1"},
				"east": {"uv": [8.86094, 10.4474, 9.96644, 16], "texture": "#1"},
				"south": {"uv": [8.70617, 10.64087, 8.83071, 14.63482], "texture": "#1"},
				"west": {"uv": [8.8416, 10.40871, 9.98579, 16], "texture": "#1"},
				"up": {"uv": [8.86094, 10.48609, 9.95284, 16], "texture": "#1"},
				"down": {"uv": [8.8416, 10.4474, 9.99154, 16], "texture": "#1"}
			}
		},
		{
			"from": [3.9, 6, 9.76],
			"to": [6.75, 7, 13.74],
			"rotation": {"angle": -45, "axis": "z", "origin": [6, 2, 11]},
			"faces": {
				"north": {"uv": [8.78356, 10.70979, 8.83071, 14.49093], "texture": "#1"},
				"east": {"uv": [8.86094, 10.4474, 9.96644, 16], "texture": "#1"},
				"south": {"uv": [8.70617, 10.64087, 8.83071, 14.63482], "texture": "#1"},
				"west": {"uv": [8.8416, 10.40871, 9.98579, 16], "texture": "#1"},
				"up": {"uv": [8.86094, 10.48609, 9.95284, 16], "texture": "#1"},
				"down": {"uv": [8.8416, 10.4474, 9.99154, 16], "texture": "#1"}
			}
		},
		{
			"from": [1.25, 3.2, 9.76],
			"to": [2.25, 6.1, 13.74],
			"rotation": {"angle": -45, "axis": "z", "origin": [4.25, 2, 11]},
			"faces": {
				"north": {"uv": [8.78356, 10.70979, 8.83071, 14.49093], "texture": "#1"},
				"east": {"uv": [8.86094, 10.4474, 9.96644, 16], "texture": "#1"},
				"south": {"uv": [8.70617, 10.64087, 8.83071, 14.63482], "texture": "#1"},
				"west": {"uv": [8.8416, 10.40871, 9.98579, 16], "texture": "#1"},
				"up": {"uv": [8.86094, 10.48609, 9.95284, 16], "texture": "#1"},
				"down": {"uv": [8.8416, 10.4474, 9.99154, 16], "texture": "#1"}
			}
		},
		{
			"from": [2.4, 0.5, 9.76],
			"to": [5.2, 1.5, 13.74],
			"rotation": {"angle": -45, "axis": "z", "origin": [4.5, 0.5, 11]},
			"faces": {
				"north": {"uv": [8.78356, 10.70979, 8.83071, 14.49093], "texture": "#1"},
				"east": {"uv": [8.86094, 10.4474, 9.96644, 16], "texture": "#1"},
				"south": {"uv": [8.70617, 10.64087, 8.83071, 14.63482], "texture": "#1"},
				"west": {"uv": [8.8416, 10.40871, 9.98579, 16], "texture": "#1"},
				"up": {"uv": [8.86094, 10.48609, 9.95284, 16], "texture": "#1"},
				"down": {"uv": [8.8416, 10.4474, 9.99154, 16], "texture": "#1"}
			}
		},
		{
			"from": [5.58, 2.975, 28.2],
			"to": [7.46, 6.55, 31.55],
			"rotation": {"angle": 0, "axis": "x", "origin": [5.5, 4.55, 27.15]},
			"faces": {
				"north": {"uv": [0, 0, 2, 8], "texture": "#1"},
				"east": {"uv": [16, 7.46796, 15.3555, 12.44982], "texture": "#1"},
				"south": {"uv": [0, 0, 2, 8], "texture": "#1"},
				"west": {"uv": [15.052, 9.24788, 15.47763, 13.20435], "texture": "#1"},
				"up": {"uv": [0, 0, 2, 1], "texture": "#1"},
				"down": {"uv": [13.65901, 5.37848, 15.65901, 6.37848], "texture": "#1"}
			}
		},
		{
			"from": [5.58, 2.4, 29.6],
			"to": [7.46, 2.975, 30.8],
			"rotation": {"angle": 0, "axis": "x", "origin": [5.5, 3.55, 27.15]},
			"faces": {
				"north": {"uv": [15.70254, 7.63241, 16, 9.98307], "texture": "#1"},
				"east": {"uv": [15.24547, 12.92382, 15.56832, 13.72672], "texture": "#1"},
				"south": {"uv": [15.86457, 9.71221, 16, 12.06288], "texture": "#1"},
				"west": {"uv": [15.28416, 13.27207, 15.61306, 13.72672], "texture": "#1"},
				"up": {"uv": [0, 0, 2, 1], "texture": "#1"},
				"down": {"uv": [13.65901, 5.37848, 15.65901, 6.37848], "texture": "#1"}
			}
		},
		{
			"from": [5.5, 7.8, 16.5],
			"to": [7.5, 11.4, 31.4],
			"rotation": {"angle": 0, "axis": "y", "origin": [5.5, 9.4, 29.4]},
			"faces": {
				"north": {"uv": [13.78718, 14.13301, 16, 16], "texture": "#1"},
				"east": {"uv": [15.82588, 5.28174, 11.37582, 8.66941], "texture": "#1"},
				"south": {"uv": [13.90326, 5.8815, 15.6711, 7.55502], "texture": "#1"},
				"west": {"uv": [11.35671, 5.30109, 15.74849, 8.67715], "texture": "#1"},
				"up": {"uv": [13.7364, 5.43652, 15.7364, 6.37848], "texture": "#1"},
				"down": {"uv": [14.08464, 8.04837, 15.48489, 8.99854], "texture": "#1"}
			}
		},
		{
			"from": [5.5, 2.9, 31.4],
			"to": [7.5, 10.8, 31.9],
			"rotation": {"angle": 0, "axis": "y", "origin": [5.5, 8.8, 29.85]},
			"faces": {
				"north": {"uv": [15.78718, 6.01693, 16, 12.37243], "texture": "#1"},
				"east": {"uv": [15.80653, 5.8815, 16, 13.18501], "texture": "#1"},
				"south": {"uv": [13.86457, 5.74607, 15.63241, 7.41959], "texture": "#1"},
				"west": {"uv": [15.82588, 5.84281, 16, 13.2237], "texture": "#1"},
				"up": {"uv": [13.7364, 5.43652, 15.7364, 6.37848], "texture": "#1"},
				"down": {"uv": [14.49093, 6.32648, 15.89117, 7.27665], "texture": "#1"}
			}
		},
		{
			"from": [5.6, 0.375, 25.2],
			"to": [7.48, 7.3, 26.1],
			"rotation": {"angle": -45, "axis": "x", "origin": [5.5, 5.3, 23.6]},
			"faces": {
				"north": {"uv": [14.08464, 10.60218, 15.48489, 9.34128], "texture": "#1"},
				"east": {"uv": [13.7364, 7.70012, 14.96856, 10.3023], "texture": "#1"},
				"south": {"uv": [0, 0, 2, 8], "texture": "#1"},
				"west": {"uv": [14.00726, 7.66143, 15.40024, 10.80532], "texture": "#1"},
				"up": {"uv": [0, 0, 2, 1], "texture": "#1"},
				"down": {"uv": [13.67836, 5.35913, 15.67836, 6.35913], "texture": "#1"}
			}
		},
		{
			"from": [5.58, 3.225, 25.425],
			"to": [7.44, 8.3, 28.75],
			"rotation": {"angle": -45, "axis": "x", "origin": [5.5, 6.3, 24.35]},
			"faces": {
				"north": {"uv": [0, 0, 2, 8], "texture": "#1"},
				"east": {"uv": [13.7364, 7.70012, 14.96856, 10.3023], "texture": "#1"},
				"south": {"uv": [0, 0, 2, 8], "texture": "#1"},
				"west": {"uv": [14.00726, 7.66143, 15.40024, 10.80532], "texture": "#1"},
				"up": {"uv": [0, 0, 2, 1], "texture": "#1"},
				"down": {"uv": [0, 0, 2, 1], "texture": "#1"}
			}
		},
		{
			"from": [5.585, 4.125, 27.35],
			"to": [7.465, 7.8, 31.55],
			"rotation": {"angle": 0, "axis": "x", "origin": [5.475, 5.8, 27.15]},
			"faces": {
				"north": {"uv": [0, 0, 2, 8], "texture": "#1"},
				"east": {"uv": [13.7364, 7.70012, 14.96856, 10.3023], "texture": "#1"},
				"south": {"uv": [0, 0, 2, 8], "texture": "#1"},
				"west": {"uv": [14.89722, 8.70617, 15.61306, 12.46917], "texture": "#1"},
				"up": {"uv": [0, 0, 2, 1], "texture": "#1"},
				"down": {"uv": [0, 0, 2, 1], "texture": "#1"}
			}
		},
		{
			"from": [5.5, 4, 17.725],
			"to": [7.5, 7.775, 18.125],
			"rotation": {"angle": 0, "axis": "y", "origin": [5.5, 2.25, 18.4]},
			"faces": {
				"north": {"uv": [11.53083, 8.775, 12.17654, 10.31599], "texture": "#1"},
				"east": {"uv": [11.53083, 8.72551, 11.37426, 11.97714], "texture": "#1"},
				"south": {"uv": [0, 0, 2, 3.775], "texture": "#1"},
				"west": {"uv": [11.39541, 8.72551, 11.52455, 12.03619], "texture": "#1"},
				"up": {"uv": [0, 0, 2, 0.4], "texture": "#1"},
				"down": {"uv": [11.4341, 10.58283, 12.42805, 11.52455], "texture": "#1"}
			}
		},
		{
			"from": [5.5, 0.55, 18.125],
			"to": [7.5, 7.775, 20.7],
			"rotation": {"angle": 0, "axis": "y", "origin": [5.5, 0, 17.6]},
			"faces": {
				"north": {"uv": [11.53083, 8.775, 12.17654, 11.7243], "texture": "#1"},
				"east": {"uv": [12.32406, 8.72551, 11.61007, 15.42814], "texture": "#1"},
				"south": {"uv": [11.91778, 11.48359, 12.71826, 14.85852], "texture": "#1"},
				"west": {"uv": [11.60822, 8.73631, 12.32591, 15.45828], "texture": "#1"},
				"up": {"uv": [11.64692, 8.93833, 12.06046, 11.049], "texture": "#1"},
				"down": {"uv": [12.36276, 12.73035, 12.86917, 14.23739], "texture": "#1"}
			}
		},
		{
			"from": [5.5, 1.15, 20.7],
			"to": [7.5, 6.55, 21.2],
			"rotation": {"angle": 0, "axis": "y", "origin": [5.5, 0, 20.7]},
			"faces": {
				"north": {"uv": [0, 0, 2, 5.4], "texture": "#1"},
				"east": {"uv": [12.47884, 9.84764, 12.39965, 14.84966], "texture": "#1"},
				"south": {"uv": [11.4341, 9.01354, 12.27328, 11.35671], "texture": "#1"},
				"west": {"uv": [12.34341, 9.84764, 12.51451, 14.91874], "texture": "#1"},
				"up": {"uv": [11.68561, 10.29262, 12.52479, 11.25695], "texture": "#1"},
				"down": {"uv": [12.44015, 12.92382, 12.86917, 14.28091], "texture": "#1"}
			}
		},
		{
			"from": [5.5, 1.15, 21.2],
			"to": [7.5, 5.375, 21.7],
			"rotation": {"angle": 0, "axis": "y", "origin": [5.5, 0, 21.2]},
			"faces": {
				"north": {"uv": [0, 0, 2, 3.625], "texture": "#1"},
				"east": {"uv": [12.69166, 10.96977, 12.47704, 14.81495], "texture": "#1"},
				"south": {"uv": [12.26602, 11.6964, 12.69891, 12.99976], "texture": "#1"},
				"west": {"uv": [12.53688, 10.96977, 12.70798, 14.88498], "texture": "#1"},
				"up": {"uv": [11.68561, 10.29262, 12.52479, 11.25695], "texture": "#1"},
				"down": {"uv": [12.69166, 13.50423, 12.32745, 14.84198], "texture": "#1"}
			}
		},
		{
			"from": [5.5, 1.75, 21.7],
			"to": [7.5, 3.575, 22.5],
			"rotation": {"angle": 0, "axis": "y", "origin": [5.5, 0, 21.7]},
			"faces": {
				"north": {"uv": [0, 0, 2, 3.625], "texture": "#1"},
				"east": {"uv": [12.84643, 12.78839, 12.53508, 14.27323], "texture": "#1"},
				"south": {"uv": [12.34341, 12.76687, 12.85369, 14.33983], "texture": "#1"},
				"west": {"uv": [12.55623, 12.67231, 12.90145, 14.32391], "texture": "#1"},
				"up": {"uv": [12.07255, 12.69166, 12.91173, 13.65599], "texture": "#1"},
				"down": {"uv": [12.44015, 12.92382, 12.86917, 14.28091], "texture": "#1"}
			}
		},
		{
			"from": [5.5, 0, 17.625],
			"to": [7.5, 0.55, 19.4],
			"rotation": {"angle": 0, "axis": "y", "origin": [5.5, -1.75, 18.3]},
			"faces": {
				"north": {"uv": [11.41475, 15.6432, 11.90568, 15.86771], "texture": "#1"},
				"east": {"uv": [11.85973, 15.62901, 11.4323, 16], "texture": "#1"},
				"south": {"uv": [12.18863, 12.2058, 12.56348, 13.33442], "texture": "#1"},
				"west": {"uv": [11.39541, 15.52739, 11.91285, 16], "texture": "#1"},
				"up": {"uv": [12.45949, 12.57557, 12.60218, 14.35057], "texture": "#1"},
				"down": {"uv": [11.99516, 12.73035, 12.90786, 13.67959], "texture": "#1"}
			}
		},
		{
			"from": [5.5, 4.8, 14.125],
			"to": [7.5, 6, 17.7],
			"rotation": {"angle": 0, "axis": "y", "origin": [5.5, 2.25, 15.4]},
			"faces": {
				"north": {"uv": [10.79565, 9.33606, 11.15115, 11.59289], "texture": "#1"},
				"east": {"uv": [11.18259, 10.42805, 10.29083, 11.39673], "texture": "#1"},
				"south": {"uv": [0, 0, 2, 3.775], "texture": "#1"},
				"west": {"uv": [10.31197, 10.4474, 11.09891, 11.43643], "texture": "#1"},
				"up": {"uv": [0, 0, 2, 0.4], "texture": "#1"},
				"down": {"uv": [10.31197, 10.4474, 11.11245, 11.38912], "texture": "#1"}
			}
		},
		{
			"from": [5.5, 6, 14.125],
			"to": [7.5, 7.175, 15.325],
			"rotation": {"angle": 0, "axis": "y", "origin": [5.5, 3.45, 15.4]},
			"faces": {
				"north": {"uv": [10.79565, 9.33606, 11.15115, 11.59289], "texture": "#1"},
				"east": {"uv": [11.18259, 10.42805, 10.29083, 11.39673], "texture": "#1"},
				"south": {"uv": [10.31197, 10.52479, 10.99637, 11.42869], "texture": "#1"},
				"west": {"uv": [10.31197, 10.4474, 11.09891, 11.43643], "texture": "#1"},
				"up": {"uv": [0, 0, 2, 0.4], "texture": "#1"},
				"down": {"uv": [11.4341, 10.58283, 12.42805, 11.52455], "texture": "#1"}
			}
		},
		{
			"from": [5.5, 4.25, 14.625],
			"to": [7.5, 4.825, 15.225],
			"rotation": {"angle": 0, "axis": "y", "origin": [5.5, 1.45, 15.4]},
			"faces": {
				"north": {"uv": [10.79565, 9.33606, 11.15115, 11.59289], "texture": "#1"},
				"east": {"uv": [11.18259, 10.42805, 10.29083, 11.39673], "texture": "#1"},
				"south": {"uv": [0, 0, 2, 3.775], "texture": "#1"},
				"west": {"uv": [10.31197, 10.4474, 11.09891, 11.43643], "texture": "#1"},
				"up": {"uv": [0, 0, 2, 0.4], "texture": "#1"},
				"down": {"uv": [10.29262, 10.46675, 11.1318, 11.40846], "texture": "#1"}
			}
		},
		{
			"from": [5.5, 6, 15.925],
			"to": [7.5, 7.175, 17.7],
			"rotation": {"angle": 0, "axis": "y", "origin": [5.5, 3.45, 17.2]},
			"faces": {
				"north": {"uv": [10.79565, 9.33606, 11.15115, 11.59289], "texture": "#1"},
				"east": {"uv": [11.18259, 10.42805, 10.29083, 11.39673], "texture": "#1"},
				"south": {"uv": [0, 0, 2, 3.775], "texture": "#1"},
				"west": {"uv": [10.31197, 10.4474, 11.09891, 11.43643], "texture": "#1"},
				"up": {"uv": [0, 0, 2, 0.4], "texture": "#1"},
				"down": {"uv": [11.4341, 10.58283, 12.42805, 11.52455], "texture": "#1"}
			}
		},
		{
			"from": [5, 7, 8.725],
			"to": [8, 14.375, 16.5],
			"rotation": {"angle": 0, "axis": "y", "origin": [5.5, 7.8, 14.5]},
			"faces": {
				"north": {"uv": [7.29383, 2.76663, 8.44256, 5.23226], "texture": "#1"},
				"east": {"uv": [11.29867, 2.49577, 8.62878, 9.00493], "texture": "#1"},
				"south": {"uv": [7.33253, 2.94075, 7.8815, 7.97953], "texture": "#1"},
				"west": {"uv": [8.59008, 2.47642, 11.31551, 9.04362], "texture": "#1"},
				"up": {"uv": [7.75816, 2.97944, 9.75816, 4.04102], "texture": "#1"},
				"down": {"uv": [6.77146, 3.07618, 7.5526, 7.13655], "texture": "#1"}
			}
		},
		{
			"from": [5.25, 11.35, 16.5],
			"to": [7.75, 14.125, 22.5],
			"rotation": {"angle": 0, "axis": "y", "origin": [5.5, 7.8, 20.5]},
			"faces": {
				"north": {"uv": [0, 0, 2, 7.225], "texture": "#1"},
				"east": {"uv": [12.88513, 2.47642, 11.58888, 5.2516], "texture": "#1"},
				"south": {"uv": [11.97582, 2.47642, 12.7763, 4.51641], "texture": "#1"},
				"west": {"uv": [11.56953, 2.45707, 12.90196, 5.27095], "texture": "#1"},
				"up": {"uv": [11.95647, 2.53446, 12.75695, 3.42192], "texture": "#1"},
				"down": {"uv": [10.58283, 4.50786, 11.30593, 6.59483], "texture": "#1"}
			}
		},
		{
			"from": [4.75, 8.375, 0.975],
			"to": [8.25, 14.375, 8.75],
			"rotation": {"angle": 0, "axis": "y", "origin": [5.5, 7.8, 6.75]},
			"faces": {
				"north": {"uv": [0, 0, 2, 6], "texture": "#1"},
				"east": {"uv": [8.55139, 2.45707, 6.13301, 8.03144], "texture": "#1"},
				"south": {"uv": [7.35187, 2.72793, 7.66868, 8.05079], "texture": "#1"},
				"west": {"uv": [6.1717, 2.47642, 8.58758, 8.07013], "texture": "#1"},
				"up": {"uv": [8.8029, 2.72793, 10.33857, 4.62143], "texture": "#1"},
				"down": {"uv": [6.77146, 3.07618, 7.5526, 7.13655], "texture": "#1"}
			}
		},
		{
			"from": [4.75, 8.375, -4.425],
			"to": [8.25, 14.375, 1],
			"rotation": {"angle": 0, "axis": "y", "origin": [5.5, 7.8, -1]},
			"faces": {
				"north": {"uv": [5.35913, 4.87545, 6.42563, 5.67594], "rotation": 90, "texture": "#1"},
				"east": {"uv": [6.05562, 2.43773, 4.66264, 8.03144], "texture": "#1"},
				"south": {"uv": [0, 0, 2, 6], "texture": "#1"},
				"west": {"uv": [4.62394, 2.43773, 6.05311, 8.03144], "texture": "#1"},
				"up": {"uv": [6.61669, 2.5925, 10.29988, 4.5247], "texture": "#1"},
				"down": {"uv": [6.44256, 6.81016, 7.37848, 7.775], "texture": "#1"}
			}
		},
		{
			"from": [4.75, 8.425, -8.625],
			"to": [8.25, 9.575, -4.425],
			"rotation": {"angle": 0, "axis": "y", "origin": [5.5, 3, -6.45]},
			"faces": {
				"north": {"uv": [5.76868, 4.91799, 6.25635, 5.43894], "texture": "#1"},
				"east": {"uv": [4.41112, 7.00363, 2.89955, 8.01209], "texture": "#1"},
				"south": {"uv": [0, 0, 2, 6], "texture": "#1"},
				"west": {"uv": [2.90206, 6.98428, 4.46666, 8.03144], "texture": "#1"},
				"up": {"uv": [5.2237, 4.8948, 6.58525, 5.72421], "texture": "#1"},
				"down": {"uv": [6.44256, 7.39057, 5.21161, 7.775], "texture": "#1"}
			}
		},
		{
			"from": [4.75, 9.575, -6.275],
			"to": [8.25, 10.2, -4.425],
			"rotation": {"angle": 0, "axis": "y", "origin": [5.5, 4.15, -6.45]},
			"faces": {
				"north": {"uv": [4.29504, 5.49456, 5.03748, 6.13543], "texture": "#1"},
				"east": {"uv": [4.35308, 6.42322, 3.67343, 6.92866], "texture": "#1"},
				"south": {"uv": [0, 0, 2, 6], "texture": "#1"},
				"west": {"uv": [3.65659, 6.42322, 4.36315, 6.93301], "texture": "#1"},
				"up": {"uv": [5.2237, 4.8948, 6.58525, 5.72421], "texture": "#1"},
				"down": {"uv": [0, 0, 2, 7.775], "texture": "#1"}
			}
		},
		{
			"from": [4.75, 10.125, -5.075],
			"to": [8.25, 10.75, -4.425],
			"rotation": {"angle": 0, "axis": "y", "origin": [5.5, 4.7, -6.45]},
			"faces": {
				"north": {"uv": [4.29504, 5.49456, 5.03748, 6.13543], "texture": "#1"},
				"east": {"uv": [4.33374, 6.42322, 3.67343, 6.90931], "texture": "#1"},
				"south": {"uv": [0, 0, 2, 6], "texture": "#1"},
				"west": {"uv": [3.65659, 6.42322, 4.36315, 6.93301], "texture": "#1"},
				"up": {"uv": [5.2237, 5.26239, 6.52721, 5.66617], "texture": "#1"},
				"down": {"uv": [0, 0, 2, 7.775], "texture": "#1"}
			}
		},
		{
			"from": [5.25, 7.225, -8.625],
			"to": [7.75, 8.425, -5.7],
			"rotation": {"angle": 0, "axis": "y", "origin": [5.5, 1.825, -6.45]},
			"faces": {
				"north": {"uv": [7.00363, 6.03628, 8.28779, 4.64571], "texture": "#1"},
				"east": {"uv": [3.50181, 8.31923, 2.99628, 9.19226], "texture": "#1"},
				"south": {"uv": [4.85611, 6.94559, 6.85611, 7.85732], "texture": "#1"},
				"west": {"uv": [2.9717, 8.31923, 3.55735, 9.19226], "texture": "#1"},
				"up": {"uv": [0, 0, 2, 7.775], "texture": "#1"},
				"down": {"uv": [6.44256, 6.81016, 7.37848, 7.775], "texture": "#1"}
			}
		},
		{
			"from": [5.5, 6.05, -7.75],
			"to": [7.5, 7.25, -6.35],
			"rotation": {"angle": 0, "axis": "y", "origin": [5.5, 0.625, -7.1]},
			"faces": {
				"north": {"uv": [5.49456, 7.39057, 4.34099, 7.89601], "texture": "#1"},
				"east": {"uv": [3.55985, 9.90568, 3.30583, 10.237], "texture": "#1"},
				"south": {"uv": [4.85611, 6.94559, 6.85611, 7.85732], "texture": "#1"},
				"west": {"uv": [3.26965, 10.31197, 3.61539, 9.83071], "texture": "#1"},
				"up": {"uv": [0, 0, 2, 7.775], "texture": "#1"},
				"down": {"uv": [6.44256, 6.81016, 7.37848, 7.775], "texture": "#1"}
			}
		},
		{
			"from": [4.75, 8.375, -9.225],
			"to": [8.25, 8.925, -8.625],
			"rotation": {"angle": 0, "axis": "y", "origin": [5.5, 2.625, -8.575]},
			"faces": {
				"north": {"uv": [4.54655, 6.23344, 4.45403, 5.78718], "texture": "#1"},
				"east": {"uv": [2.78597, 7.56469, 2.68673, 7.9734], "texture": "#1"},
				"south": {"uv": [0, 0, 2, 6], "texture": "#1"},
				"west": {"uv": [2.70859, 7.60339, 2.76412, 7.99274], "texture": "#1"},
				"up": {"uv": [5.2237, 4.8948, 6.58525, 5.72421], "texture": "#1"},
				"down": {"uv": [6.48126, 6.2104, 8.48126, 8.00716], "texture": "#1"}
			}
		},
		{
			"from": [4.75, 14.375, -4.425],
			"to": [5.85, 16.15, 3.25],
			"rotation": {"angle": 0, "axis": "y", "origin": [5.5, 9.575, -1]},
			"faces": {
				"north": {"uv": [2.68924, 0.27086, 3.35429, 2.92382], "texture": "#1"},
				"east": {"uv": [4.5659, 0.96735, 6.69157, 1.82104], "rotation": 180, "texture": "#1"},
				"south": {"uv": [6.90689, 1.39299, 7.5526, 2.26602], "texture": "#1"},
				"west": {"uv": [4.39903, 0.76034, 6.71043, 2.41403], "texture": "#1"},
				"up": {"uv": [4.58525, 0.85127, 6.61418, 1.20677], "rotation": 90, "texture": "#1"},
				"down": {"uv": [0, 0, 2, 7.775], "texture": "#1"}
			}
		},
		{
			"from": [7.15, 14.375, -4.425],
			"to": [8.25, 16.15, 3.25],
			"rotation": {"angle": 0, "axis": "y", "origin": [7.9, 9.575, -1]},
			"faces": {
				"north": {"uv": [2.74728, 0.79323, 3.56711, 2.82709], "texture": "#1"},
				"east": {"uv": [6.59734, 2.2636, 4.50535, 0.89238], "texture": "#1"},
				"south": {"uv": [6.90689, 1.39299, 7.5526, 2.26602], "texture": "#1"},
				"west": {"uv": [4.55381, 0.87642, 6.67174, 2.25925], "texture": "#1"},
				"up": {"uv": [4.46917, 0.81258, 6.63352, 1.14413], "rotation": 90, "texture": "#1"},
				"down": {"uv": [2.76663, 0.75453, 3.54776, 2.84151], "texture": "#1"}
			}
		},
		{
			"from": [5.85, 14.375, -4.425],
			"to": [7.175, 16.15, -0.025],
			"rotation": {"angle": 0, "axis": "y", "origin": [6.65, 9.575, -1]},
			"faces": {
				"north": {"uv": [2.68924, 0.3289, 3.35429, 2.92382], "texture": "#1"},
				"east": {"uv": [6.71342, 2.41838, 4.38927, 0.7763], "texture": "#1"},
				"south": {"uv": [5.51391, 2.66989, 6.8948, 3.7364], "texture": "#1"},
				"west": {"uv": [4.39903, 0.76034, 6.71043, 2.41403], "texture": "#1"},
				"up": {"uv": [7.04232, 2.5925, 8.74235, 4.70859], "rotation": 90, "texture": "#1"},
				"down": {"uv": [0, 0, 2, 7.775], "texture": "#1"}
			}
		},
		{
			"from": [4.75, 14.375, 3.225],
			"to": [8.25, 14.975, 8.05],
			"rotation": {"angle": 0, "axis": "y", "origin": [5.5, 9.575, 2.6]},
			"faces": {
				"north": {"uv": [6.65538, 2.97944, 7.84281, 6.25151], "texture": "#1"},
				"east": {"uv": [8.22056, 1.91536, 6.51551, 2.3821], "texture": "#1"},
				"south": {"uv": [6.2104, 2.72793, 8.2104, 3.44619], "texture": "#1"},
				"west": {"uv": [6.52721, 1.90181, 8.24658, 2.39468], "texture": "#1"},
				"up": {"uv": [8.8029, 2.72793, 10.33857, 4.62143], "texture": "#1"},
				"down": {"uv": [6.19105, 2.74728, 8.19105, 3.47996], "texture": "#1"}
			}
		},
		{
			"from": [5.75, 14.375, 12.225],
			"to": [7.25, 14.975, 15.05],
			"rotation": {"angle": 0, "axis": "y", "origin": [5.5, 9.575, 11.6]},
			"faces": {
				"north": {"uv": [5.66143, 2.41838, 6.79081, 3.85248], "texture": "#1"},
				"east": {"uv": [8.16252, 2.74728, 6.45747, 3.21403], "texture": "#1"},
				"south": {"uv": [6.2104, 2.72793, 8.2104, 3.44619], "texture": "#1"},
				"west": {"uv": [6.44982, 2.69504, 8.1692, 3.18791], "texture": "#1"},
				"up": {"uv": [8.8029, 2.72793, 10.33857, 4.62143], "texture": "#1"},
				"down": {"uv": [6.19105, 2.74728, 8.19105, 3.47996], "texture": "#1"}
			}
		},
		{
			"from": [5.5, 14.375, 8.725],
			"to": [7.5, 14.975, 11.55],
			"rotation": {"angle": 0, "axis": "y", "origin": [5.5, 9.575, 8.1]},
			"faces": {
				"north": {"uv": [4.87545, 3.19226, 7.47521, 4.23942], "texture": "#1"},
				"east": {"uv": [10.11657, 2.53446, 8.41152, 3.00121], "texture": "#1"},
				"south": {"uv": [6.2104, 2.72793, 8.2104, 3.44619], "texture": "#1"},
				"west": {"uv": [6.74002, 2.81112, 8.4594, 3.30399], "texture": "#1"},
				"up": {"uv": [7.20919, 5.39782, 8.04837, 2.72542], "texture": "#1"},
				"down": {"uv": [6.19105, 2.74728, 8.19105, 3.47996], "texture": "#1"}
			}
		},
		{
			"from": [4.75, 15, 3.225],
			"to": [5.675, 15.6, 6.9],
			"rotation": {"angle": 0, "axis": "y", "origin": [5.5, 10.2, 2.6]},
			"faces": {
				"north": {"uv": [6.61669, 1.41233, 7.1296, 2.0524], "texture": "#1"},
				"east": {"uv": [6.61669, 1.41233, 7.77113, 1.74118], "texture": "#1"},
				"south": {"uv": [6.61669, 1.41233, 7.1296, 2.0524], "texture": "#1"},
				"west": {"uv": [6.62394, 1.3214, 7.8016, 1.81427], "texture": "#1"},
				"up": {"uv": [6.61669, 1.41233, 7.1296, 2.24175], "texture": "#1"},
				"down": {"uv": [6.61669, 1.41233, 7.1296, 2.24175], "texture": "#1"}
			}
		},
		{
			"from": [4.75, 15.55, 5.15],
			"to": [5.525, 16.15, 6.9],
			"rotation": {"angle": 0, "axis": "y", "origin": [5.5, 10.75, 2.6]},
			"faces": {
				"north": {"uv": [6.61669, 1.41233, 7.1296, 2.0524], "texture": "#1"},
				"east": {"uv": [6.61669, 1.41233, 7.77113, 1.74118], "texture": "#1"},
				"south": {"uv": [6.61669, 1.41233, 7.1296, 2.0524], "texture": "#1"},
				"west": {"uv": [6.62394, 1.3214, 7.8016, 1.81427], "texture": "#1"},
				"up": {"uv": [6.61669, 1.41233, 7.1296, 2.24175], "texture": "#1"},
				"down": {"uv": [6.61669, 1.41233, 7.1296, 2.24175], "texture": "#1"}
			}
		},
		{
			"from": [7.325, 15, 3.225],
			"to": [8.25, 15.6, 6.9],
			"rotation": {"angle": 0, "axis": "y", "origin": [8.075, 10.2, 2.6]},
			"faces": {
				"north": {"uv": [0, 0, 2, 6], "texture": "#1"},
				"east": {"uv": [7.79492, 1.39299, 6.61224, 1.763], "texture": "#1"},
				"south": {"uv": [6.5393, 1.35429, 7.68803, 1.74365], "texture": "#1"},
				"west": {"uv": [6.62394, 1.3214, 7.8016, 1.81427], "texture": "#1"},
				"up": {"uv": [6.44256, 1.35429, 7.76542, 1.6033], "texture": "#1"},
				"down": {"uv": [6.40387, 1.35429, 7.68803, 1.66134], "texture": "#1"}
			}
		},
		{
			"from": [7.325, 15.55, 5.15],
			"to": [8.1, 16.15, 6.9],
			"rotation": {"angle": 0, "axis": "y", "origin": [8.075, 10.75, 2.6]},
			"faces": {
				"north": {"uv": [6.61669, 1.41233, 7.1296, 2.0524], "texture": "#1"},
				"east": {"uv": [7.67884, 1.43168, 6.78637, 1.7243], "texture": "#1"},
				"south": {"uv": [6.61669, 1.41233, 7.1296, 2.0524], "texture": "#1"},
				"west": {"uv": [6.62394, 1.3214, 7.8016, 1.81427], "texture": "#1"},
				"up": {"uv": [6.61669, 1.41233, 6.91365, 1.83846], "texture": "#1"},
				"down": {"uv": [6.61669, 1.41233, 7.1296, 2.24175], "texture": "#1"}
			}
		},
		{
			"from": [5.75, 9.85, -15.85],
			"to": [7.25, 10.4, -3.775],
			"rotation": {"angle": 0, "axis": "y", "origin": [5.75, 11.4, -15.85]},
			"faces": {
				"north": {"uv": [12.76711, 7.6653, 12.88186, 8.03537], "texture": "#1"},
				"east": {"uv": [0.67715, 4.5659, 2.76907, 5.17394], "texture": "#1"},
				"south": {"uv": [0, 0, 1.5, 0.55], "texture": "#1"},
				"west": {"uv": [0.67715, 4.5659, 2.76907, 5.17394], "texture": "#1"},
				"up": {"uv": [0.66747, 5.70738, 1.73401, 7.5653], "rotation": 90, "texture": "#1"},
				"down": {"uv": [0.59976, 6.63216, 2.62793, 5.99616], "rotation": 270, "texture": "#1"}
			}
		},
		{
			"from": [5.75, 10.35, -15.6],
			"to": [7.25, 12.15, -3.775],
			"rotation": {"angle": 0, "axis": "y", "origin": [5.75, 11.9, -15.85]},
			"faces": {
				"north": {"uv": [7.63092, 2.25871, 7.63881, 2.2893], "texture": "#1"},
				"east": {"uv": [6.79873, 2.00254, 6.94272, 2.05279], "texture": "#1"},
				"south": {"uv": [6.75212, 1.62515, 6.85537, 1.67061], "texture": "#1"},
				"west": {"uv": [6.79873, 2.00254, 6.94272, 2.05279], "texture": "#1"},
				"up": {"uv": [6.79806, 2.09688, 6.92595, 2.18504], "texture": "#1"},
				"down": {"uv": [6.7934, 2.17332, 6.933, 2.12075], "rotation": 270, "texture": "#1"}
			}
		},
		{
			"from": [4.875, 10.3, -15.85],
			"to": [5.425, 11.8, -3.775],
			"rotation": {"angle": 22.5, "axis": "z", "origin": [6.425, 12.3, -15.85]},
			"faces": {
				"north": {"uv": [12.76711, 7.6653, 12.88186, 8.03537], "rotation": 270, "texture": "#1"},
				"east": {"uv": [0.66747, 5.70738, 1.73401, 7.5653], "rotation": 180, "texture": "#1"},
				"south": {"uv": [0, 0, 1.5, 0.55], "rotation": 90, "texture": "#1"},
				"west": {"uv": [2.8383, 4.66448, 0.65453, 4.19689], "rotation": 180, "texture": "#1"},
				"up": {"uv": [0.67715, 4.5659, 2.76907, 5.17394], "rotation": 90, "texture": "#1"},
				"down": {"uv": [0.67715, 4.5659, 2.76907, 5.17394], "rotation": 90, "texture": "#1"}
			}
		},
		{
			"from": [5.65, 10.55, -15.85],
			"to": [6.175, 12.05, -3.775],
			"rotation": {"angle": -22.5, "axis": "z", "origin": [7.175, 12.05, -15.85]},
			"faces": {
				"north": {"uv": [12.76711, 7.6653, 12.88186, 8.01037], "rotation": 270, "texture": "#1"},
				"east": {"uv": [0.66747, 5.70738, 1.73401, 7.5653], "rotation": 180, "texture": "#1"},
				"south": {"uv": [0, 0, 1.5, 0.525], "rotation": 90, "texture": "#1"},
				"west": {"uv": [3.42443, 4.7555, 0.54417, 5.66155], "rotation": 180, "texture": "#1"},
				"up": {"uv": [0.67715, 4.5659, 2.76907, 5.14894], "rotation": 90, "texture": "#1"},
				"down": {"uv": [0.67715, 4.5659, 2.76907, 5.14894], "rotation": 90, "texture": "#1"}
			}
		},
		{
			"from": [7.575, 10.7, -15.85],
			"to": [8.125, 12.2, -3.775],
			"rotation": {"angle": 22.5, "axis": "z", "origin": [6.575, 10.2, -15.85]},
			"faces": {
				"north": {"uv": [12.76711, 7.6653, 12.88186, 8.03537], "rotation": 90, "texture": "#1"},
				"east": {"uv": [0.59731, 6.57657, 2.74728, 6.78612], "rotation": 180, "texture": "#1"},
				"south": {"uv": [0, 0, 1.5, 0.53065], "rotation": 270, "texture": "#1"},
				"west": {"uv": [0.70617, 5.5526, 1.79205, 7.41052], "rotation": 180, "texture": "#1"},
				"up": {"uv": [0.67715, 4.5659, 2.76907, 5.17394], "rotation": 270, "texture": "#1"},
				"down": {"uv": [0.67715, 4.5659, 2.76907, 5.17394], "rotation": 270, "texture": "#1"}
			}
		},
		{
			"from": [6.825, 10.45, -15.85],
			"to": [7.35, 11.95, -3.775],
			"rotation": {"angle": -22.5, "axis": "z", "origin": [5.825, 10.45, -15.85]},
			"faces": {
				"north": {"uv": [12.76711, 7.6653, 12.88186, 8.01037], "rotation": 90, "texture": "#1"},
				"east": {"uv": [0.6747, 6.03485, 2.76663, 6.74743], "rotation": 180, "texture": "#1"},
				"south": {"uv": [0, 0, 1.5, 0.525], "rotation": 270, "texture": "#1"},
				"west": {"uv": [2.4692, 3.85006, 0.66747, 4.43108], "rotation": 180, "texture": "#1"},
				"up": {"uv": [0.67715, 4.5659, 2.76907, 5.14894], "rotation": 270, "texture": "#1"},
				"down": {"uv": [0.67715, 4.5659, 2.76907, 5.14894], "rotation": 270, "texture": "#1"}
			}
		},
		{
			"from": [5.75, 12.1, -15.85],
			"to": [7.25, 12.65, -3.775],
			"rotation": {"angle": 0, "axis": "z", "origin": [5.75, 11.4, -15.85]},
			"faces": {
				"north": {"uv": [12.76711, 7.6653, 12.88186, 8.03537], "texture": "#1"},
				"east": {"uv": [0.67715, 4.5659, 2.76907, 5.17394], "texture": "#1"},
				"south": {"uv": [0, 0, 1.5, 0.55], "texture": "#1"},
				"west": {"uv": [0.58041, 3.92745, 2.5756, 4.32267], "texture": "#1"},
				"up": {"uv": [0.57796, 4.00342, 2.61185, 3.6519], "rotation": 90, "texture": "#1"},
				"down": {"uv": [0.66747, 4.35308, 0.9341, 4.03147], "texture": "#1"}
			}
		},
		{
			"from": [4.575, 13.8, -10.425],
			"to": [8.475, 16.15, -9.275],
			"rotation": {"angle": 0, "axis": "y", "origin": [6.65, 9.575, -7]},
			"faces": {
				"north": {"uv": [5.18501, 4.87545, 6.52721, 6.88996], "rotation": 180, "texture": "#1"},
				"east": {"uv": [2.65054, 2.9214, 2.29979, 0.7763], "rotation": 180, "texture": "#1"},
				"south": {"uv": [5.51391, 2.66989, 6.8948, 3.7364], "texture": "#1"},
				"west": {"uv": [2.29021, 0.74099, 2.64755, 2.97509], "texture": "#1"},
				"up": {"uv": [7.04232, 2.5925, 8.74235, 4.70859], "rotation": 90, "texture": "#1"},
				"down": {"uv": [2.72793, 3.07618, 3.18017, 3.47996], "texture": "#1"}
			}
		},
		{
			"from": [4.6, 14.425, -9.275],
			"to": [8.5, 16.775, -6.85],
			"rotation": {"angle": 0, "axis": "y", "origin": [6.65, 10.2, -5.85]},
			"faces": {
				"north": {"uv": [6.8682, 4.81741, 7.82346, 6.23216], "texture": "#1"},
				"east": {"uv": [7.8162, 6.2104, 6.80765, 4.76179], "texture": "#1"},
				"south": {"uv": [5.51391, 2.66989, 6.8948, 3.7364], "texture": "#1"},
				"west": {"uv": [2.67715, 0.23797, 3.40209, 2.20121], "texture": "#1"},
				"up": {"uv": [7.04232, 2.5925, 8.74235, 4.70859], "rotation": 90, "texture": "#1"},
				"down": {"uv": [2.68924, 0.25151, 3.37364, 2.76412], "texture": "#1"}
			}
		},
		{
			"from": [4.775, 14.425, -6.85],
			"to": [8.275, 14.95, -4.425],
			"rotation": {"angle": 0, "axis": "y", "origin": [6.65, 10.2, -3.425]},
			"faces": {
				"north": {"uv": [0, 0, 2, 6], "texture": "#1"},
				"east": {"uv": [4.37243, 2.39903, 3.67343, 1.91778], "texture": "#1"},
				"south": {"uv": [5.51391, 2.66989, 6.8948, 3.7364], "texture": "#1"},
				"west": {"uv": [3.66385, 1.92116, 4.38878, 2.39468], "texture": "#1"},
				"up": {"uv": [7.04232, 2.5925, 8.74235, 4.70859], "rotation": 90, "texture": "#1"},
				"down": {"uv": [0, 0, 2, 7.775], "texture": "#1"}
			}
		},
		{
			"from": [4.8, 14.95, -6.85],
			"to": [8.3, 15.525, -5.65],
			"rotation": {"angle": 0, "axis": "y", "origin": [6.65, 10.725, -3.425]},
			"faces": {
				"north": {"uv": [0, 0, 2, 6], "texture": "#1"},
				"east": {"uv": [4.17896, 2.39903, 3.69278, 1.87908], "texture": "#1"},
				"south": {"uv": [5.51391, 2.66989, 6.8948, 3.7364], "texture": "#1"},
				"west": {"uv": [3.68319, 1.90181, 4.15662, 2.39468], "texture": "#1"},
				"up": {"uv": [7.04232, 2.5925, 8.74235, 4.70859], "rotation": 90, "texture": "#1"},
				"down": {"uv": [0, 0, 2, 7.775], "texture": "#1"}
			}
		},
		{
			"from": [5.6, 15.525, -6.85],
			"to": [7.425, 16.1, -6.275],
			"rotation": {"angle": 0, "axis": "y", "origin": [6.65, 11.3, -3.425]},
			"faces": {
				"north": {"uv": [0, 0, 2, 6], "texture": "#1"},
				"east": {"uv": [3.59855, 1.25756, 3.46061, 0.79565], "texture": "#1"},
				"south": {"uv": [5.51391, 2.66989, 6.8948, 3.7364], "texture": "#1"},
				"west": {"uv": [3.45103, 0.74099, 3.57621, 1.2532], "texture": "#1"},
				"up": {"uv": [7.04232, 2.5925, 8.74235, 4.70859], "rotation": 90, "texture": "#1"},
				"down": {"uv": [0, 0, 2, 7.775], "texture": "#1"}
			}
		},
		{
			"from": [5.35, 14.925, -4.85],
			"to": [7.675, 16.1, -4.275],
			"rotation": {"angle": 0, "axis": "y", "origin": [6.65, 11.3, -1.425]},
			"faces": {
				"north": {"uv": [2.68924, 0.77388, 3.35429, 2.92382], "texture": "#1"},
				"east": {"uv": [3.59855, 1.25756, 3.46061, 0.79565], "texture": "#1"},
				"south": {"uv": [5.51391, 2.66989, 6.8948, 3.7364], "texture": "#1"},
				"west": {"uv": [3.45103, 0.74099, 3.57621, 1.2532], "texture": "#1"},
				"up": {"uv": [7.04232, 2.5925, 8.74235, 4.70859], "rotation": 90, "texture": "#1"},
				"down": {"uv": [0, 0, 2, 7.775], "texture": "#1"}
			}
		},
		{
			"from": [4.725, 12.65, -9.275],
			"to": [8.225, 14.425, -4.425],
			"rotation": {"angle": 0, "axis": "y", "origin": [6.65, 7.85, -5.1]},
			"faces": {
				"north": {"uv": [3.289, 3.67594, 4.45707, 4.14268], "texture": "#1"},
				"east": {"uv": [2.66989, 4.62394, 4.60209, 2.13059], "rotation": 180, "texture": "#1"},
				"south": {"uv": [5.51391, 2.66989, 6.8948, 3.7364], "texture": "#1"},
				"west": {"uv": [2.67715, 2.13398, 4.58226, 4.65828], "texture": "#1"},
				"up": {"uv": [7.04232, 2.5925, 8.74235, 4.70859], "rotation": 90, "texture": "#1"},
				"down": {"uv": [5.26239, 4.83676, 6.46917, 5.68552], "texture": "#1"}
			}
		}
	],
	"gui_light": "front",
	"display": {
		"thirdperson_righthand": {
			"translation": [0, 0, -4.75],
			"scale": [0.4, 0.45, 0.4]
		},
		"thirdperson_lefthand": {
			"translation": [0, 0, -4.75],
			"scale": [0.4, 0.4, 0.4]
		},
		"firstperson_righthand": {
			"translation": [0, 1.75, 4.75],
			"scale": [0.4, 0.4, 0.4]
		},
		"firstperson_lefthand": {
			"rotation": [5, 0, 0],
			"translation": [-9.75, 3.75, 7.25],
			"scale": [0.4, 0.4, 0.4]
		},
		"ground": {
			"translation": [0, 2.5, 0],
			"scale": [0.4, 0.4, 0.4]
		},
		"gui": {
			"rotation": [90, 45, -90],
			"scale": [0.4, 0.4, 0.4]
		},
		"fixed": {
			"rotation": [90, 45, -90],
			"translation": [0, 0, -0.5],
			"scale": [0.4, 0.4, 0.4]
		}
	},
	"groups": [
		{
			"name": "Drum",
			"origin": [4.5, 0.5, 11],
			"color": 0,
			"children": [0, 1, 2, 3, 4, 5, 6, 7, 8]
		},
		{
			"name": "Stock",
			"origin": [5.475, 5.8, 20.35],
			"color": 0,
			"children": [9, 10, 11, 12, 13, 14, 15]
		},
		{
			"name": "Grip",
			"origin": [5.5, -1.75, 18.3],
			"color": 0,
			"children": [16, 17, 18, 19, 20, 21]
		},
		{
			"name": "Trigger",
			"origin": [5.5, 3.45, 17.2],
			"color": 0,
			"children": [22, 23, 24, 25]
		},
		{
			"name": "Body",
			"origin": [0, 0, 0],
			"color": 0,
			"children": [26, 27, 28, 29, 30, 31, 32, 33, 34, 35, 36, 37, 38, 39, 40, 41, 42, 43, 44, 45]
		},
		{
			"name": "Gun",
			"origin": [5.75, 11.4, -15.85],
			"color": 0,
			"children": [46, 47, 48, 49, 50, 51, 52]
		},
		53,
		54,
		55,
		56,
		57,
		58,
		59
	]
}