{
	"credit": "Made with Blockbench",
	"texture_size": [64, 64],
	"textures": {
		"1": "items/flarered",
		"particle": "items/flarered",
		"2": "items/flareblack"
	},
	"elements": [
		{
			"from": [3.75, 1, 2.75],
			"to": [7.25, 1.25, 3.75],
			"faces": {
				"north": {"uv": [0, 0, 0.875, 0.0625], "texture": "#1"},
				"east": {"uv": [0, 0, 0.25, 0.0625], "texture": "#1"},
				"south": {"uv": [0, 0, 0.875, 0.0625], "texture": "#1"},
				"west": {"uv": [0, 0, 0.25, 0.0625], "texture": "#1"},
				"up": {"uv": [0, 0, 0.875, 0.25], "texture": "#1"},
				"down": {"uv": [0, 0, 0.875, 0.25], "texture": "#1"}
			}
		},
		{
			"from": [3.75, -0.25, 2.75],
			"to": [7.25, 0, 3.75],
			"faces": {
				"north": {"uv": [0, 0, 0.875, 0.0625], "texture": "#1"},
				"east": {"uv": [0, 0, 0.25, 0.0625], "texture": "#1"},
				"south": {"uv": [0, 0, 0.875, 0.0625], "texture": "#1"},
				"west": {"uv": [0, 0, 0.25, 0.0625], "texture": "#1"},
				"up": {"uv": [0, 0, 0.875, 0.25], "texture": "#1"},
				"down": {"uv": [0, 0, 0.875, 0.25], "texture": "#1"}
			}
		},
		{
			"from": [3.75, 0, 3.75],
			"to": [7.25, 1, 4],
			"faces": {
				"north": {"uv": [0, 0, 0.875, 0.25], "texture": "#1"},
				"east": {"uv": [0, 0, 0.0625, 0.25], "texture": "#1"},
				"south": {"uv": [0, 0, 0.875, 0.25], "texture": "#1"},
				"west": {"uv": [0, 0, 0.0625, 0.25], "texture": "#1"},
				"up": {"uv": [0, 0, 0.875, 0.0625], "texture": "#1"},
				"down": {"uv": [0, 0, 0.875, 0.0625], "texture": "#1"}
			}
		},
		{
			"from": [3.75, 0, 2.5],
			"to": [7.25, 1, 2.75],
			"faces": {
				"north": {"uv": [0, 0, 0.875, 0.25], "texture": "#1"},
				"east": {"uv": [0, 0, 0.0625, 0.25], "texture": "#1"},
				"south": {"uv": [0, 0, 0.875, 0.25], "texture": "#1"},
				"west": {"uv": [0, 0, 0.0625, 0.25], "texture": "#1"},
				"up": {"uv": [0, 0, 0.875, 0.0625], "texture": "#1"},
				"down": {"uv": [0, 0, 0.875, 0.0625], "texture": "#1"}
			}
		},
		{
			"from": [4.75, 0.25, 4],
			"to": [8.25, 0.75, 4.75],
			"faces": {
				"north": {"uv": [0, 0, 0.875, 0.125], "texture": "#1"},
				"east": {"uv": [0, 0, 0.1875, 0.125], "texture": "#1"},
				"south": {"uv": [0, 0, 0.875, 0.125], "texture": "#1"},
				"west": {"uv": [0, 0, 0.1875, 0.125], "texture": "#1"},
				"up": {"uv": [0, 0, 0.875, 0.1875], "texture": "#1"},
				"down": {"uv": [0, 0, 0.875, 0.1875], "texture": "#1"}
			}
		},
		{
			"from": [5, 0.25, 4.75],
			"to": [8.25, 0.75, 5],
			"faces": {
				"north": {"uv": [0, 0, 0.8125, 0.125], "texture": "#1"},
				"east": {"uv": [0, 0, 0.0625, 0.125], "texture": "#1"},
				"south": {"uv": [0, 0, 0.8125, 0.125], "texture": "#1"},
				"west": {"uv": [0, 0, 0.0625, 0.125], "texture": "#1"},
				"up": {"uv": [0, 0, 0.8125, 0.0625], "texture": "#1"},
				"down": {"uv": [0, 0, 0.8125, 0.0625], "texture": "#1"}
			}
		},
		{
			"from": [7.25, 0.25, 2.75],
			"to": [8.25, 0.75, 3.75],
			"faces": {
				"north": {"uv": [0, 0, 0.25, 0.125], "texture": "#1"},
				"east": {"uv": [0, 0, 0.25, 0.125], "texture": "#1"},
				"south": {"uv": [0, 0, 0.25, 0.125], "texture": "#1"},
				"west": {"uv": [0, 0, 0.25, 0.125], "texture": "#1"},
				"up": {"uv": [0, 0, 0.25, 0.25], "texture": "#1"},
				"down": {"uv": [0, 0, 0.25, 0.25], "texture": "#1"}
			}
		},
		{
			"from": [7.25, 0.75, 2.75],
			"to": [7.5, 1, 3.75],
			"faces": {
				"north": {"uv": [0, 0, 0.0625, 0.0625], "texture": "#1"},
				"east": {"uv": [0, 0, 0.25, 0.0625], "texture": "#1"},
				"south": {"uv": [0, 0, 0.0625, 0.0625], "texture": "#1"},
				"west": {"uv": [0, 0, 0.25, 0.0625], "texture": "#1"},
				"up": {"uv": [0, 0, 0.0625, 0.25], "texture": "#1"},
				"down": {"uv": [0, 0, 0.0625, 0.25], "texture": "#1"}
			}
		},
		{
			"from": [7.25, 0, 2.75],
			"to": [7.5, 0.25, 3.75],
			"faces": {
				"north": {"uv": [0, 0, 0.0625, 0.0625], "texture": "#1"},
				"east": {"uv": [0, 0, 0.25, 0.0625], "texture": "#1"},
				"south": {"uv": [0, 0, 0.0625, 0.0625], "texture": "#1"},
				"west": {"uv": [0, 0, 0.25, 0.0625], "texture": "#1"},
				"up": {"uv": [0, 0, 0.0625, 0.25], "texture": "#1"},
				"down": {"uv": [0, 0, 0.0625, 0.25], "texture": "#1"}
			}
		},
		{
			"from": [8.25, 0.25, 4],
			"to": [10.25, 0.75, 5.5],
			"faces": {
				"north": {"uv": [0, 0, 0.5, 0.125], "texture": "#2"},
				"east": {"uv": [0, 0, 0.375, 0.125], "texture": "#2"},
				"south": {"uv": [0, 0, 0.5, 0.125], "texture": "#2"},
				"west": {"uv": [0, 0, 0.375, 0.125], "texture": "#2"},
				"up": {"uv": [0, 0, 0.5, 0.375], "texture": "#2"},
				"down": {"uv": [0, 0, 0.5, 0.375], "texture": "#2"}
			}
		},
		{
			"from": [10.25, 0.25, 4.25],
			"to": [10.5, 0.75, 5.5],
			"faces": {
				"north": {"uv": [0, 0, 0.0625, 0.125], "texture": "#2"},
				"east": {"uv": [0, 0, 0.3125, 0.125], "texture": "#2"},
				"south": {"uv": [0, 0, 0.0625, 0.125], "texture": "#2"},
				"west": {"uv": [0, 0, 0.3125, 0.125], "texture": "#2"},
				"up": {"uv": [0, 0, 0.0625, 0.3125], "texture": "#2"},
				"down": {"uv": [0, 0, 0.0625, 0.3125], "texture": "#2"}
			}
		},
		{
			"from": [10.5, 0.25, 4.5],
			"to": [10.75, 0.75, 5.5],
			"faces": {
				"north": {"uv": [0, 0, 0.0625, 0.125], "texture": "#2"},
				"east": {"uv": [0, 0, 0.25, 0.125], "texture": "#2"},
				"south": {"uv": [0, 0, 0.0625, 0.125], "texture": "#2"},
				"west": {"uv": [0, 0, 0.25, 0.125], "texture": "#2"},
				"up": {"uv": [0, 0, 0.0625, 0.25], "texture": "#2"},
				"down": {"uv": [0, 0, 0.0625, 0.25], "texture": "#2"}
			}
		},
		{
			"from": [10.75, 0.25, 4.75],
			"to": [11, 0.75, 5.5],
			"faces": {
				"north": {"uv": [0, 0, 0.0625, 0.125], "texture": "#2"},
				"east": {"uv": [0, 0, 0.1875, 0.125], "texture": "#2"},
				"south": {"uv": [0, 0, 0.0625, 0.125], "texture": "#2"},
				"west": {"uv": [0, 0, 0.1875, 0.125], "texture": "#2"},
				"up": {"uv": [0, 0, 0.0625, 0.1875], "texture": "#2"},
				"down": {"uv": [0, 0, 0.0625, 0.1875], "texture": "#2"}
			}
		},
		{
			"from": [10, 0.25, 7.5],
			"to": [11.25, 0.75, 7.75],
			"faces": {
				"north": {"uv": [0, 0, 0.3125, 0.125], "texture": "#2"},
				"east": {"uv": [0, 0, 0.0625, 0.125], "texture": "#2"},
				"south": {"uv": [0, 0, 0.3125, 0.125], "texture": "#2"},
				"west": {"uv": [0, 0, 0.0625, 0.125], "texture": "#2"},
				"up": {"uv": [0, 0, 0.3125, 0.0625], "texture": "#2"},
				"down": {"uv": [0, 0, 0.3125, 0.0625], "texture": "#2"}
			}
		},
		{
			"from": [10.25, 0.25, 7.75],
			"to": [11, 0.75, 8],
			"faces": {
				"north": {"uv": [0, 0, 0.1875, 0.125], "texture": "#2"},
				"east": {"uv": [0, 0, 0.0625, 0.125], "texture": "#2"},
				"south": {"uv": [0, 0, 0.1875, 0.125], "texture": "#2"},
				"west": {"uv": [0, 0, 0.0625, 0.125], "texture": "#2"},
				"up": {"uv": [0, 0, 0.1875, 0.0625], "texture": "#2"},
				"down": {"uv": [0, 0, 0.1875, 0.0625], "texture": "#2"}
			}
		},
		{
			"from": [9.75, 0.25, 5.75],
			"to": [10, 0.75, 6],
			"faces": {
				"north": {"uv": [0, 0, 0.0625, 0.125], "texture": "#2"},
				"east": {"uv": [0, 0, 0.0625, 0.125], "texture": "#2"},
				"south": {"uv": [0, 0, 0.0625, 0.125], "texture": "#2"},
				"west": {"uv": [0, 0, 0.0625, 0.125], "texture": "#2"},
				"up": {"uv": [0, 0, 0.0625, 0.0625], "texture": "#2"},
				"down": {"uv": [0, 0, 0.0625, 0.0625], "texture": "#2"}
			}
		},
		{
			"from": [8.75, 0.25, 2.5],
			"to": [9, 0.75, 2.75],
			"faces": {
				"north": {"uv": [0, 0, 0.0625, 0.125], "texture": "#1"},
				"east": {"uv": [0, 0, 0.0625, 0.125], "texture": "#1"},
				"south": {"uv": [0, 0, 0.0625, 0.125], "texture": "#1"},
				"west": {"uv": [0, 0, 0.0625, 0.125], "texture": "#1"},
				"up": {"uv": [0, 0, 0.0625, 0.0625], "texture": "#1"},
				"down": {"uv": [0, 0, 0.0625, 0.0625], "texture": "#1"}
			}
		},
		{
			"from": [8.5, 0.25, 2.67],
			"to": [8.75, 0.75, 2.92],
			"faces": {
				"north": {"uv": [0, 0, 0.0625, 0.125], "texture": "#1"},
				"east": {"uv": [0, 0, 0.0625, 0.125], "texture": "#1"},
				"south": {"uv": [0, 0, 0.0625, 0.125], "texture": "#1"},
				"west": {"uv": [0, 0, 0.0625, 0.125], "texture": "#1"},
				"up": {"uv": [0, 0, 0.0625, 0.0625], "texture": "#1"},
				"down": {"uv": [0, 0, 0.0625, 0.0625], "texture": "#1"}
			}
		},
		{
			"from": [8.25, 0.25, 2.75],
			"to": [8.5, 0.75, 3],
			"faces": {
				"north": {"uv": [0, 0, 0.0625, 0.125], "texture": "#1"},
				"east": {"uv": [0, 0, 0.0625, 0.125], "texture": "#1"},
				"south": {"uv": [0, 0, 0.0625, 0.125], "texture": "#1"},
				"west": {"uv": [0, 0, 0.0625, 0.125], "texture": "#1"},
				"up": {"uv": [0, 0, 0.0625, 0.0625], "texture": "#1"},
				"down": {"uv": [0, 0, 0.0625, 0.0625], "texture": "#1"}
			}
		},
		{
			"from": [9, 0.25, 5.5],
			"to": [9.75, 0.75, 5.75],
			"faces": {
				"north": {"uv": [0, 0, 0.1875, 0.125], "texture": "#2"},
				"east": {"uv": [0, 0, 0.0625, 0.125], "texture": "#2"},
				"south": {"uv": [0, 0, 0.1875, 0.125], "texture": "#2"},
				"west": {"uv": [0, 0, 0.0625, 0.125], "texture": "#2"},
				"up": {"uv": [0, 0, 0.1875, 0.0625], "texture": "#2"},
				"down": {"uv": [0, 0, 0.1875, 0.0625], "texture": "#2"}
			}
		},
		{
			"from": [6.5, 0.25, 5],
			"to": [6.75, 0.75, 6],
			"faces": {
				"north": {"uv": [0, 0, 0.0625, 0.125], "texture": "#1"},
				"east": {"uv": [0, 0, 0.25, 0.125], "texture": "#1"},
				"south": {"uv": [0, 0, 0.0625, 0.125], "texture": "#1"},
				"west": {"uv": [0, 0, 0.25, 0.125], "texture": "#1"},
				"up": {"uv": [0, 0, 0.0625, 0.25], "texture": "#1"},
				"down": {"uv": [0, 0, 0.0625, 0.25], "texture": "#1"}
			}
		},
		{
			"from": [6.75, 0.25, 5.75],
			"to": [7, 0.75, 6.25],
			"faces": {
				"north": {"uv": [0, 0, 0.0625, 0.125], "texture": "#1"},
				"east": {"uv": [0, 0, 0.125, 0.125], "texture": "#1"},
				"south": {"uv": [0, 0, 0.0625, 0.125], "texture": "#1"},
				"west": {"uv": [0, 0, 0.125, 0.125], "texture": "#1"},
				"up": {"uv": [0, 0, 0.0625, 0.125], "texture": "#1"},
				"down": {"uv": [0, 0, 0.0625, 0.125], "texture": "#1"}
			}
		},
		{
			"from": [8.25, 0.25, 5.75],
			"to": [8.5, 0.75, 6.25],
			"faces": {
				"north": {"uv": [0, 0, 0.0625, 0.125], "texture": "#1"},
				"east": {"uv": [0, 0, 0.125, 0.125], "texture": "#1"},
				"south": {"uv": [0, 0, 0.0625, 0.125], "texture": "#1"},
				"west": {"uv": [0, 0, 0.125, 0.125], "texture": "#1"},
				"up": {"uv": [0, 0, 0.0625, 0.125], "texture": "#1"},
				"down": {"uv": [0, 0, 0.0625, 0.125], "texture": "#1"}
			}
		},
		{
			"from": [8.5, 0.25, 5.5],
			"to": [8.75, 0.75, 6],
			"faces": {
				"north": {"uv": [0, 0, 0.0625, 0.125], "texture": "#1"},
				"east": {"uv": [0, 0, 0.125, 0.125], "texture": "#1"},
				"south": {"uv": [0, 0, 0.0625, 0.125], "texture": "#1"},
				"west": {"uv": [0, 0, 0.125, 0.125], "texture": "#1"},
				"up": {"uv": [0, 0, 0.0625, 0.125], "texture": "#1"},
				"down": {"uv": [0, 0, 0.0625, 0.125], "texture": "#1"}
			}
		},
		{
			"from": [8.25, 0.25, 3.25],
			"to": [8.5, 0.75, 3.75],
			"faces": {
				"north": {"uv": [0, 0, 0.0625, 0.125], "texture": "#1"},
				"east": {"uv": [0, 0, 0.125, 0.125], "texture": "#1"},
				"south": {"uv": [0, 0, 0.0625, 0.125], "texture": "#1"},
				"west": {"uv": [0, 0, 0.125, 0.125], "texture": "#1"},
				"up": {"uv": [0, 0, 0.0625, 0.125], "texture": "#1"},
				"down": {"uv": [0, 0, 0.0625, 0.125], "texture": "#1"}
			}
		},
		{
			"from": [8.5, 0.25, 3.5],
			"to": [8.75, 0.75, 3.75],
			"faces": {
				"north": {"uv": [0, 0, 0.0625, 0.125], "texture": "#1"},
				"east": {"uv": [0, 0, 0.0625, 0.125], "texture": "#1"},
				"south": {"uv": [0, 0, 0.0625, 0.125], "texture": "#1"},
				"west": {"uv": [0, 0, 0.0625, 0.125], "texture": "#1"},
				"up": {"uv": [0, 0, 0.0625, 0.0625], "texture": "#1"},
				"down": {"uv": [0, 0, 0.0625, 0.0625], "texture": "#1"}
			}
		},
		{
			"from": [7, 0.25, 6],
			"to": [8.25, 0.75, 6.25],
			"faces": {
				"north": {"uv": [0, 0, 0.3125, 0.125], "texture": "#1"},
				"east": {"uv": [0, 0, 0.0625, 0.125], "texture": "#1"},
				"south": {"uv": [0, 0, 0.3125, 0.125], "texture": "#1"},
				"west": {"uv": [0, 0, 0.0625, 0.125], "texture": "#1"},
				"up": {"uv": [0, 0, 0.3125, 0.0625], "texture": "#1"},
				"down": {"uv": [0, 0, 0.3125, 0.0625], "texture": "#1"}
			}
		},
		{
			"from": [7.25, 0.25, 3.75],
			"to": [9.75, 0.75, 4],
			"faces": {
				"north": {"uv": [0, 0, 0.625, 0.125], "texture": "#1"},
				"east": {"uv": [0, 0, 0.0625, 0.125], "texture": "#1"},
				"south": {"uv": [0, 0, 0.625, 0.125], "texture": "#1"},
				"west": {"uv": [0, 0, 0.0625, 0.125], "texture": "#1"},
				"up": {"uv": [0, 0, 0.625, 0.0625], "texture": "#1"},
				"down": {"uv": [0, 0, 0.625, 0.0625], "texture": "#1"}
			}
		},
		{
			"from": [9.75, 0.25, 5.5],
			"to": [10, 0.75, 6.5],
			"faces": {
				"north": {"uv": [0, 0, 0.0625, 0.125], "texture": "#2"},
				"east": {"uv": [0, 0, 0.25, 0.125], "texture": "#2"},
				"south": {"uv": [0, 0, 0.0625, 0.125], "texture": "#2"},
				"west": {"uv": [0, 0, 0.25, 0.125], "texture": "#2"},
				"up": {"uv": [0, 0, 0.0625, 0.25], "texture": "#2"},
				"down": {"uv": [0, 0, 0.0625, 0.25], "texture": "#2"}
			}
		},
		{
			"from": [11.5, 0.25, 6],
			"to": [11.75, 0.75, 7],
			"faces": {
				"north": {"uv": [0, 0, 0.0625, 0.125], "texture": "#2"},
				"east": {"uv": [0, 0, 0.25, 0.125], "texture": "#2"},
				"south": {"uv": [0, 0, 0.0625, 0.125], "texture": "#2"},
				"west": {"uv": [0, 0, 0.25, 0.125], "texture": "#2"},
				"up": {"uv": [0, 0, 0.0625, 0.25], "texture": "#2"},
				"down": {"uv": [0, 0, 0.0625, 0.25], "texture": "#2"}
			}
		},
		{
			"from": [11, 0.25, 5],
			"to": [11.25, 0.75, 5.5],
			"faces": {
				"north": {"uv": [0, 0, 0.0625, 0.125], "texture": "#2"},
				"east": {"uv": [0, 0, 0.125, 0.125], "texture": "#2"},
				"south": {"uv": [0, 0, 0.0625, 0.125], "texture": "#2"},
				"west": {"uv": [0, 0, 0.125, 0.125], "texture": "#2"},
				"up": {"uv": [0, 0, 0.0625, 0.125], "texture": "#2"},
				"down": {"uv": [0, 0, 0.0625, 0.125], "texture": "#2"}
			}
		},
		{
			"from": [10, 0.25, 5.5],
			"to": [11.5, 0.75, 7.5],
			"faces": {
				"north": {"uv": [0, 0, 0.375, 0.125], "texture": "#2"},
				"east": {"uv": [0, 0, 0.5, 0.125], "texture": "#2"},
				"south": {"uv": [0, 0, 0.375, 0.125], "texture": "#2"},
				"west": {"uv": [0, 0, 0.5, 0.125], "texture": "#2"},
				"up": {"uv": [0, 0, 0.375, 0.5], "texture": "#2"},
				"down": {"uv": [0, 0, 0.375, 0.5], "texture": "#2"}
			}
		}
	],
	"gui_light": "front",
	"display": {
		"thirdperson_righthand": {
			"rotation": [95, 0, 90],
			"translation": [-8.25, -2.25, 0]
		},
		"thirdperson_lefthand": {
			"rotation": [90, 0, -90],
			"translation": [7.75, -2.5, 0.25]
		},
		"firstperson_righthand": {
			"rotation": [90, 0, 90],
			"translation": [-3, -2.75, 0]
		},
		"firstperson_lefthand": {
			"rotation": [99.75, 0, -90],
			"translation": [-1.5, 0.25, 2.5]
		},
		"ground": {
			"rotation": [90, 0, 0],
			"translation": [0, -2.75, 7.75]
		},
		"gui": {
			"rotation": [90, 21, -161],
			"translation": [5.25, -2.5, 0],
			"scale": [1.5, 1.5, 1.54]
		},
		"fixed": {
			"rotation": [90, 0, 0],
			"translation": [-0.75, -5.75, 13.75],
			"scale": [2, 2, 2]
		}
	},
	"groups": [
		{
			"name": "OIP",
			"origin": [8, 8, 8],
			"color": 0,
			"children": [0, 1, 2, 3, 4, 5, 6, 7, 8, 9, 10, 11, 12, 13, 14, 15, 16, 17, 18, 19, 20, 21, 22, 23, 24, 25, 26, 27, 28, 29, 30, 31]
		}
	]
}