{
	"format_version": "1.21.11",
	"credit": "Made with Blockbench",
	"textures": {
		"0": "3d/ar_15_2",
		"1": "3d/crossbow_3",
		"particle": "3d/ar_15_2",
		"308_hunting_rifle_1": "3d/308_hunting_rifle_1",
		"308_hunting_rifle_2": "3d/308_hunting_rifle_2",
		"308_hunting_rifle_3": "3d/308_hunting_rifle_3",
		"308_hunting_rifle_4": "3d/308_hunting_rifle_4"
	},
	"elements": [
		{
			"name": "1",
			"from": [7.2, 8.6, -4],
			"to": [8.8, 10.2, 15.6],
			"faces": {
				"north": {"uv": [7, 7, 9, 9], "texture": "#308_hunting_rifle_1"},
				"east": {"uv": [4, 7, 16, 9], "texture": "#308_hunting_rifle_1"},
				"south": {"uv": [7, 7, 9, 9], "texture": "#308_hunting_rifle_1"},
				"west": {"uv": [0, 7, 12, 9], "texture": "#308_hunting_rifle_1"},
				"up": {"uv": [7, 0, 9, 12], "texture": "#308_hunting_rifle_1"},
				"down": {"uv": [9, 12, 7, 0], "texture": "#308_hunting_rifle_1"}
			}
		},
		{
			"name": "1",
			"from": [7.2, 7.8, -4],
			"to": [8, 8.6, 15.2],
			"rotation": {"angle": 22.5, "axis": "z", "origin": [7.2, 8.6, -4]},
			"faces": {
				"north": {"uv": [8, 8, 9, 10], "texture": "#308_hunting_rifle_1"},
				"east": {"uv": [0, 8, 16, 10], "texture": "#308_hunting_rifle_1"},
				"south": {"uv": [7, 8, 8, 10], "texture": "#308_hunting_rifle_1"},
				"west": {"uv": [0, 8, 16, 10], "texture": "#308_hunting_rifle_1"},
				"up": {"uv": [7, 0, 8, 16], "texture": "#308_hunting_rifle_1"},
				"down": {"uv": [9, 16, 8, 0], "texture": "#308_hunting_rifle_1"}
			}
		},
		{
			"name": "1",
			"from": [8.05, 8.1, -4],
			"to": [8.85, 8.9, 15.2],
			"rotation": {"angle": -22.5, "axis": "z", "origin": [8.05, 8.9, -4]},
			"faces": {
				"north": {"uv": [8, 8, 9, 10], "texture": "#308_hunting_rifle_1"},
				"east": {"uv": [0, 8, 16, 10], "texture": "#308_hunting_rifle_1"},
				"south": {"uv": [7, 8, 8, 10], "texture": "#308_hunting_rifle_1"},
				"west": {"uv": [0, 8, 16, 10], "texture": "#308_hunting_rifle_1"},
				"up": {"uv": [7, 0, 8, 16], "texture": "#308_hunting_rifle_1"},
				"down": {"uv": [9, 16, 8, 0], "texture": "#308_hunting_rifle_1"}
			}
		},
		{
			"name": "1",
			"from": [7.55, 7.85, -4],
			"to": [8.45, 8.65, 15.2],
			"faces": {
				"north": {"uv": [8, 8, 9, 10], "texture": "#308_hunting_rifle_1"},
				"east": {"uv": [0, 8, 16, 10], "texture": "#308_hunting_rifle_1"},
				"south": {"uv": [7, 8, 8, 10], "texture": "#308_hunting_rifle_1"},
				"west": {"uv": [0, 8, 16, 10], "texture": "#308_hunting_rifle_1"},
				"up": {"uv": [7, 0, 8, 16], "texture": "#308_hunting_rifle_1"},
				"down": {"uv": [9, 16, 8, 0], "texture": "#308_hunting_rifle_1"}
			}
		},
		{
			"name": "2",
			"from": [7.8, 10.6, -14],
			"to": [8.2, 11, -12.8],
			"rotation": {"angle": 22.5, "axis": "x", "origin": [7.8, 11, -14]},
			"faces": {
				"north": {"uv": [7.5, 4.5, 8.5, 5], "texture": "#308_hunting_rifle_2"},
				"east": {"uv": [16, 4.5, 16, 5], "texture": "#308_hunting_rifle_2"},
				"south": {"uv": [7.5, 4.5, 8.5, 5], "texture": "#308_hunting_rifle_2"},
				"west": {"uv": [0, 4.5, 0, 5], "texture": "#308_hunting_rifle_2"},
				"up": {"uv": [7.5, 0, 8.5, 0], "texture": "#308_hunting_rifle_2"},
				"down": {"uv": [8.5, 0, 7.5, 0], "texture": "#308_hunting_rifle_2"}
			}
		},
		{
			"name": "2",
			"from": [7.8, 10.35, -15.2],
			"to": [8.2, 10.75, -14],
			"rotation": {"angle": -22.5, "axis": "x", "origin": [7.8, 10.75, -15.2]},
			"faces": {
				"north": {"uv": [7.5, 5.5, 8.5, 6], "texture": "#308_hunting_rifle_2"},
				"east": {"uv": [16, 5.5, 16, 6], "texture": "#308_hunting_rifle_2"},
				"south": {"uv": [7.5, 5.5, 8.5, 6], "texture": "#308_hunting_rifle_2"},
				"west": {"uv": [0, 5.5, 0, 6], "texture": "#308_hunting_rifle_2"},
				"up": {"uv": [7.5, 0, 8.5, 0], "texture": "#308_hunting_rifle_2"},
				"down": {"uv": [8.5, 0, 7.5, 0], "texture": "#308_hunting_rifle_2"}
			}
		},
		{
			"name": "2",
			"from": [7.9, 10.85, -14.65],
			"to": [8.1, 11.25, -13.85],
			"faces": {
				"north": {"uv": [7.5, 4.5, 8.5, 5], "texture": "#308_hunting_rifle_2"},
				"east": {"uv": [16, 4.5, 16, 5], "texture": "#308_hunting_rifle_2"},
				"south": {"uv": [7.5, 4.5, 8.5, 5], "texture": "#308_hunting_rifle_2"},
				"west": {"uv": [0, 4.5, 0, 5], "texture": "#308_hunting_rifle_2"},
				"up": {"uv": [7.5, 0, 8.5, 0], "texture": "#308_hunting_rifle_2"},
				"down": {"uv": [8.5, 0, 7.5, 0], "texture": "#308_hunting_rifle_2"}
			}
		},
		{
			"name": "2",
			"from": [7.6, 9.6, -15.2],
			"to": [8.4, 9.8, 4.8],
			"faces": {
				"north": {"uv": [7.5, 7.5, 8.5, 7.75], "texture": "#308_hunting_rifle_2"},
				"east": {"uv": [9, 7.5, 16, 7.75], "texture": "#308_hunting_rifle_2"},
				"south": {"uv": [7.5, 7.5, 8.5, 7.75], "texture": "#308_hunting_rifle_2"},
				"west": {"uv": [0, 7.5, 7, 7.75], "texture": "#308_hunting_rifle_2"},
				"up": {"uv": [7.5, 0, 8.5, 7], "texture": "#308_hunting_rifle_2"},
				"down": {"uv": [8.5, 7, 7.5, 0], "texture": "#308_hunting_rifle_2"}
			}
		},
		{
			"name": "2",
			"from": [7.6, 10.6, -15.2],
			"to": [8.4, 10.8, 8.8],
			"faces": {
				"north": {"uv": [7.5, 6.25, 8.5, 6.5], "texture": "#308_hunting_rifle_2"},
				"east": {"uv": [11.9375, 6.25, 16, 6.5], "texture": "#308_hunting_rifle_2"},
				"south": {"uv": [7.5, 6.25, 8.5, 6.5], "texture": "#308_hunting_rifle_2"},
				"west": {"uv": [0, 6.25, 4.0625, 6.5], "texture": "#308_hunting_rifle_2"},
				"up": {"uv": [7.5, 0, 8.5, 4.0625], "texture": "#308_hunting_rifle_2"},
				"down": {"uv": [8.5, 4.0625, 7.5, 0], "texture": "#308_hunting_rifle_2"}
			}
		},
		{
			"name": "2",
			"from": [8.4, 9.8, -15.2],
			"to": [8.6, 10.6, 8.8],
			"faces": {
				"north": {"uv": [7.25, 6.5, 7.5, 7.5], "texture": "#308_hunting_rifle_2"},
				"east": {"uv": [12, 6.5, 16, 7.5], "texture": "#308_hunting_rifle_2"},
				"south": {"uv": [8.5, 6.5, 8.75, 7.5], "texture": "#308_hunting_rifle_2"},
				"west": {"uv": [0, 6.5, 4, 7.5], "texture": "#308_hunting_rifle_2"},
				"up": {"uv": [8.5, 0, 8.75, 4], "texture": "#308_hunting_rifle_2"},
				"down": {"uv": [7.5, 4, 7.25, 0], "texture": "#308_hunting_rifle_2"}
			}
		},
		{
			"name": "2",
			"from": [7.4, 9.8, -15.2],
			"to": [7.6, 10.6, 8.8],
			"faces": {
				"north": {"uv": [8.5, 6.5, 8.75, 7.5], "texture": "#308_hunting_rifle_2"},
				"east": {"uv": [12, 6.5, 16, 7.5], "texture": "#308_hunting_rifle_2"},
				"south": {"uv": [7.25, 6.5, 7.5, 7.5], "texture": "#308_hunting_rifle_2"},
				"west": {"uv": [0, 6.5, 4, 7.5], "texture": "#308_hunting_rifle_2"},
				"up": {"uv": [7.25, 0, 7.5, 4], "texture": "#308_hunting_rifle_2"},
				"down": {"uv": [8.75, 4, 8.5, 0], "texture": "#308_hunting_rifle_2"}
			}
		},
		{
			"name": "3",
			"from": [7.3, 9.8, 8.8],
			"to": [8.7, 11, 15.2],
			"faces": {
				"north": {"uv": [7.125, 6, 8.875, 7.5], "texture": "#308_hunting_rifle_3"},
				"east": {"uv": [4, 6, 12, 7.5], "texture": "#308_hunting_rifle_3"},
				"south": {"uv": [7.125, 6, 8.875, 7.5], "texture": "#308_hunting_rifle_3"},
				"west": {"uv": [4, 6, 12, 7.5], "texture": "#308_hunting_rifle_3"},
				"up": {"uv": [7.125, 4, 8.875, 12], "texture": "#308_hunting_rifle_3"},
				"down": {"uv": [8.875, 12, 7.125, 4], "texture": "#308_hunting_rifle_3"}
			}
		},
		{
			"name": "3",
			"from": [7.4, 11, 8.8],
			"to": [8.6, 11.8, 9.2],
			"faces": {
				"north": {"uv": [7.25, 5, 8.75, 6], "texture": "#308_hunting_rifle_3"},
				"east": {"uv": [11.5, 5, 12, 6], "texture": "#308_hunting_rifle_3"},
				"south": {"uv": [7.25, 5, 8.75, 6], "texture": "#308_hunting_rifle_3"},
				"west": {"uv": [4, 5, 4.5, 6], "texture": "#308_hunting_rifle_3"},
				"up": {"uv": [7.25, 4, 8.75, 4.5], "texture": "#308_hunting_rifle_3"},
				"down": {"uv": [8.75, 4.5, 7.25, 4], "texture": "#308_hunting_rifle_3"}
			}
		},
		{
			"name": "3",
			"from": [7.4, 11, 14.8],
			"to": [8.6, 11.8, 15.2],
			"faces": {
				"north": {"uv": [7.25, 5, 8.75, 6], "texture": "#308_hunting_rifle_3"},
				"east": {"uv": [4, 5, 4.5, 6], "texture": "#308_hunting_rifle_3"},
				"south": {"uv": [7.25, 5, 8.75, 6], "texture": "#308_hunting_rifle_3"},
				"west": {"uv": [11.5, 5, 12, 6], "texture": "#308_hunting_rifle_3"},
				"up": {"uv": [7.25, 11.5, 8.75, 12], "texture": "#308_hunting_rifle_3"},
				"down": {"uv": [8.75, 12, 7.25, 11.5], "texture": "#308_hunting_rifle_3"}
			}
		},
		{
			"name": "3",
			"from": [7.4, 11.4, 9.2],
			"to": [8.6, 11.8, 14.8],
			"faces": {
				"north": {"uv": [7.25, 5, 8.75, 5.5], "texture": "#308_hunting_rifle_3"},
				"east": {"uv": [4.5, 5, 11.5, 5.5], "texture": "#308_hunting_rifle_3"},
				"south": {"uv": [7.25, 5, 8.75, 5.5], "texture": "#308_hunting_rifle_3"},
				"west": {"uv": [4.5, 5, 11.5, 5.5], "texture": "#308_hunting_rifle_3"},
				"up": {"uv": [7.25, 4.5, 8.75, 11.5], "texture": "#308_hunting_rifle_3"},
				"down": {"uv": [8.75, 11.5, 7.25, 4.5], "texture": "#308_hunting_rifle_3"}
			}
		},
		{
			"name": "3",
			"from": [7.4, 11.8, 9.6],
			"to": [8.6, 12.2, 10],
			"faces": {
				"north": {"uv": [7.25, 4.5, 8.75, 5], "texture": "#308_hunting_rifle_3"},
				"east": {"uv": [10.5, 4.5, 11, 5], "texture": "#308_hunting_rifle_3"},
				"south": {"uv": [7.25, 4.5, 8.75, 5], "texture": "#308_hunting_rifle_3"},
				"west": {"uv": [5, 4.5, 5.5, 5], "texture": "#308_hunting_rifle_3"},
				"up": {"uv": [7.25, 5, 8.75, 5.5], "texture": "#308_hunting_rifle_3"},
				"down": {"uv": [8.75, 5.5, 7.25, 5], "texture": "#308_hunting_rifle_3"}
			}
		},
		{
			"name": "3",
			"from": [7.4, 11.8, 8.8],
			"to": [8.6, 12.2, 9.2],
			"faces": {
				"north": {"uv": [7.25, 4.5, 8.75, 5], "texture": "#308_hunting_rifle_3"},
				"east": {"uv": [11.5, 4.5, 12, 5], "texture": "#308_hunting_rifle_3"},
				"south": {"uv": [7.25, 4.5, 8.75, 5], "texture": "#308_hunting_rifle_3"},
				"west": {"uv": [4, 4.5, 4.5, 5], "texture": "#308_hunting_rifle_3"},
				"up": {"uv": [7.25, 4, 8.75, 4.5], "texture": "#308_hunting_rifle_3"},
				"down": {"uv": [8.75, 4.5, 7.25, 4], "texture": "#308_hunting_rifle_3"}
			}
		},
		{
			"name": "3",
			"from": [7.4, 11.8, 10.4],
			"to": [8.6, 12.2, 10.8],
			"faces": {
				"north": {"uv": [7.25, 4.5, 8.75, 5], "texture": "#308_hunting_rifle_3"},
				"east": {"uv": [9.5, 4.5, 10, 5], "texture": "#308_hunting_rifle_3"},
				"south": {"uv": [7.25, 4.5, 8.75, 5], "texture": "#308_hunting_rifle_3"},
				"west": {"uv": [6, 4.5, 6.5, 5], "texture": "#308_hunting_rifle_3"},
				"up": {"uv": [7.25, 6, 8.75, 6.5], "texture": "#308_hunting_rifle_3"},
				"down": {"uv": [8.75, 6.5, 7.25, 6], "texture": "#308_hunting_rifle_3"}
			}
		},
		{
			"name": "3",
			"from": [7.4, 11.8, 11.2],
			"to": [8.6, 12.2, 11.6],
			"faces": {
				"north": {"uv": [7.25, 4.5, 8.75, 5], "texture": "#308_hunting_rifle_3"},
				"east": {"uv": [8.5, 4.5, 9, 5], "texture": "#308_hunting_rifle_3"},
				"south": {"uv": [7.25, 4.5, 8.75, 5], "texture": "#308_hunting_rifle_3"},
				"west": {"uv": [7, 4.5, 7.5, 5], "texture": "#308_hunting_rifle_3"},
				"up": {"uv": [7.25, 7, 8.75, 7.5], "texture": "#308_hunting_rifle_3"},
				"down": {"uv": [8.75, 7.5, 7.25, 7], "texture": "#308_hunting_rifle_3"}
			}
		},
		{
			"name": "3",
			"from": [7.4, 11.8, 12],
			"to": [8.6, 12.2, 12.4],
			"faces": {
				"north": {"uv": [7.25, 4.5, 8.75, 5], "texture": "#308_hunting_rifle_3"},
				"east": {"uv": [7.5, 4.5, 8, 5], "texture": "#308_hunting_rifle_3"},
				"south": {"uv": [7.25, 4.5, 8.75, 5], "texture": "#308_hunting_rifle_3"},
				"west": {"uv": [8, 4.5, 8.5, 5], "texture": "#308_hunting_rifle_3"},
				"up": {"uv": [7.25, 8, 8.75, 8.5], "texture": "#308_hunting_rifle_3"},
				"down": {"uv": [8.75, 8.5, 7.25, 8], "texture": "#308_hunting_rifle_3"}
			}
		},
		{
			"name": "3",
			"from": [7.4, 11.8, 12.8],
			"to": [8.6, 12.2, 13.2],
			"faces": {
				"north": {"uv": [7.25, 4.5, 8.75, 5], "texture": "#308_hunting_rifle_3"},
				"east": {"uv": [6.5, 4.5, 7, 5], "texture": "#308_hunting_rifle_3"},
				"south": {"uv": [7.25, 4.5, 8.75, 5], "texture": "#308_hunting_rifle_3"},
				"west": {"uv": [9, 4.5, 9.5, 5], "texture": "#308_hunting_rifle_3"},
				"up": {"uv": [7.25, 9, 8.75, 9.5], "texture": "#308_hunting_rifle_3"},
				"down": {"uv": [8.75, 9.5, 7.25, 9], "texture": "#308_hunting_rifle_3"}
			}
		},
		{
			"name": "3",
			"from": [7.4, 11.8, 13.6],
			"to": [8.6, 12.2, 14],
			"faces": {
				"north": {"uv": [7.25, 4.5, 8.75, 5], "texture": "#308_hunting_rifle_3"},
				"east": {"uv": [5.5, 4.5, 6, 5], "texture": "#308_hunting_rifle_3"},
				"south": {"uv": [7.25, 4.5, 8.75, 5], "texture": "#308_hunting_rifle_3"},
				"west": {"uv": [10, 4.5, 10.5, 5], "texture": "#308_hunting_rifle_3"},
				"up": {"uv": [7.25, 10, 8.75, 10.5], "texture": "#308_hunting_rifle_3"},
				"down": {"uv": [8.75, 10.5, 7.25, 10], "texture": "#308_hunting_rifle_3"}
			}
		},
		{
			"name": "3",
			"from": [7.4, 11.8, 14.4],
			"to": [8.6, 12.2, 14.8],
			"faces": {
				"north": {"uv": [7.25, 4.5, 8.75, 5], "texture": "#308_hunting_rifle_3"},
				"east": {"uv": [4.5, 4.5, 5, 5], "texture": "#308_hunting_rifle_3"},
				"south": {"uv": [7.25, 4.5, 8.75, 5], "texture": "#308_hunting_rifle_3"},
				"west": {"uv": [11, 4.5, 11.5, 5], "texture": "#308_hunting_rifle_3"},
				"up": {"uv": [7.25, 11, 8.75, 11.5], "texture": "#308_hunting_rifle_3"},
				"down": {"uv": [8.75, 11.5, 7.25, 11], "texture": "#308_hunting_rifle_3"}
			}
		},
		{
			"name": "2",
			"from": [7.6, 9.8, 15.2],
			"to": [8.4, 10.6, 16.4],
			"faces": {
				"north": {"uv": [7.5, 6.5, 8.5, 7.5], "texture": "#308_hunting_rifle_2"},
				"east": {"uv": [3, 6.5, 4, 7.5], "texture": "#308_hunting_rifle_2"},
				"south": {"uv": [7.5, 6.5, 8.5, 7.5], "texture": "#308_hunting_rifle_2"},
				"west": {"uv": [12, 6.5, 13, 7.5], "texture": "#308_hunting_rifle_2"},
				"up": {"uv": [7.5, 12, 8.5, 13], "texture": "#308_hunting_rifle_2"},
				"down": {"uv": [8.5, 13, 7.5, 12], "texture": "#308_hunting_rifle_2"}
			}
		},
		{
			"name": "3",
			"from": [7.2, 11.4, 9.2],
			"to": [8.8, 12.6, 9.6],
			"faces": {
				"north": {"uv": [7, 4, 9, 5.5], "texture": "#308_hunting_rifle_3"},
				"east": {"uv": [11, 4, 11.5, 5.5], "texture": "#308_hunting_rifle_3"},
				"south": {"uv": [7, 4, 9, 5.5], "texture": "#308_hunting_rifle_3"},
				"west": {"uv": [4.5, 4, 5, 5.5], "texture": "#308_hunting_rifle_3"},
				"up": {"uv": [7, 4.5, 9, 5], "texture": "#308_hunting_rifle_3"},
				"down": {"uv": [9, 5, 7, 4.5], "texture": "#308_hunting_rifle_3"}
			}
		},
		{
			"name": "3",
			"from": [7.2, 11.4, 13.2],
			"to": [8.8, 12.6, 13.6],
			"faces": {
				"north": {"uv": [7, 4, 9, 5.5], "texture": "#308_hunting_rifle_3"},
				"east": {"uv": [6, 4, 6.5, 5.5], "texture": "#308_hunting_rifle_3"},
				"south": {"uv": [7, 4, 9, 5.5], "texture": "#308_hunting_rifle_3"},
				"west": {"uv": [9.5, 4, 10, 5.5], "texture": "#308_hunting_rifle_3"},
				"up": {"uv": [7, 9.5, 9, 10], "texture": "#308_hunting_rifle_3"},
				"down": {"uv": [9, 10, 7, 9.5], "texture": "#308_hunting_rifle_3"}
			}
		},
		{
			"name": "3",
			"from": [7.4, 12.6, 8],
			"to": [8.6, 14.2, 14.4],
			"faces": {
				"north": {"uv": [8, 2, 9, 3], "texture": "#308_hunting_rifle_3"},
				"east": {"uv": [4.5, 2, 13, 3], "texture": "#308_hunting_rifle_3"},
				"south": {"uv": [7, 2, 8, 3], "texture": "#308_hunting_rifle_3"},
				"west": {"uv": [3, 2, 11.5, 3], "texture": "#308_hunting_rifle_3"},
				"up": {"uv": [7, 3, 8, 11.5], "texture": "#308_hunting_rifle_3"},
				"down": {"uv": [9, 11.5, 8, 3], "texture": "#308_hunting_rifle_3"}
			}
		},
		{
			"name": "3",
			"from": [7.2, 12.8, 8],
			"to": [8.8, 14, 14.4],
			"faces": {
				"north": {"uv": [8, 2, 9, 3], "texture": "#308_hunting_rifle_3"},
				"east": {"uv": [4.5, 2, 13, 3], "texture": "#308_hunting_rifle_3"},
				"south": {"uv": [7, 2, 8, 3], "texture": "#308_hunting_rifle_3"},
				"west": {"uv": [3, 2, 11.5, 3], "texture": "#308_hunting_rifle_3"},
				"up": {"uv": [7, 3, 8, 11.5], "texture": "#308_hunting_rifle_3"},
				"down": {"uv": [9, 11.5, 8, 3], "texture": "#308_hunting_rifle_3"}
			}
		},
		{
			"name": "3",
			"from": [7.4, 13.8, 6.4],
			"to": [8.6, 15, 8.8],
			"rotation": {"angle": 22.5, "axis": "x", "origin": [7.4, 15, 6.4]},
			"faces": {
				"north": {"uv": [8, 2, 9, 3], "texture": "#308_hunting_rifle_3"},
				"east": {"uv": [4.5, 2, 13, 3], "texture": "#308_hunting_rifle_3"},
				"south": {"uv": [7, 2, 8, 3], "texture": "#308_hunting_rifle_3"},
				"west": {"uv": [3, 2, 11.5, 3], "texture": "#308_hunting_rifle_3"},
				"up": {"uv": [7, 3, 8, 11.5], "texture": "#308_hunting_rifle_3"},
				"down": {"uv": [9, 11.5, 8, 3], "texture": "#308_hunting_rifle_3"}
			}
		},
		{
			"name": "3",
			"from": [7.4, 11.726, 5.95],
			"to": [8.6, 12.926, 8.35],
			"rotation": {"angle": -22.5, "axis": "x", "origin": [7.4, 12.926, 5.95]},
			"faces": {
				"north": {"uv": [8, 2, 9, 3], "texture": "#308_hunting_rifle_3"},
				"east": {"uv": [4.5, 2, 13, 3], "texture": "#308_hunting_rifle_3"},
				"south": {"uv": [7, 2, 8, 3], "texture": "#308_hunting_rifle_3"},
				"west": {"uv": [3, 2, 11.5, 3], "texture": "#308_hunting_rifle_3"},
				"up": {"uv": [7, 3, 8, 11.5], "texture": "#308_hunting_rifle_3"},
				"down": {"uv": [9, 11.5, 8, 3], "texture": "#308_hunting_rifle_3"}
			}
		},
		{
			"name": "3",
			"from": [6.4, 12.8, 6.4],
			"to": [8, 14, 8.8],
			"rotation": {"angle": 22.5, "axis": "y", "origin": [6.4, 12.8, 6.4]},
			"faces": {
				"north": {"uv": [8, 2, 9, 3], "texture": "#308_hunting_rifle_3"},
				"east": {"uv": [4.5, 2, 13, 3], "texture": "#308_hunting_rifle_3"},
				"south": {"uv": [7, 2, 8, 3], "texture": "#308_hunting_rifle_3"},
				"west": {"uv": [3, 2, 11.5, 3], "texture": "#308_hunting_rifle_3"},
				"up": {"uv": [7, 3, 8, 11.5], "texture": "#308_hunting_rifle_3"},
				"down": {"uv": [9, 11.5, 8, 3], "texture": "#308_hunting_rifle_3"}
			}
		},
		{
			"name": "3",
			"from": [8.1, 12.8, 5.8],
			"to": [9.7, 14, 8.2],
			"rotation": {"angle": -22.5, "axis": "y", "origin": [8.1, 12.8, 5.8]},
			"faces": {
				"north": {"uv": [8, 2, 9, 3], "texture": "#308_hunting_rifle_3"},
				"east": {"uv": [4.5, 2, 13, 3], "texture": "#308_hunting_rifle_3"},
				"south": {"uv": [7, 2, 8, 3], "texture": "#308_hunting_rifle_3"},
				"west": {"uv": [3, 2, 11.5, 3], "texture": "#308_hunting_rifle_3"},
				"up": {"uv": [7, 3, 8, 11.5], "texture": "#308_hunting_rifle_3"},
				"down": {"uv": [9, 11.5, 8, 3], "texture": "#308_hunting_rifle_3"}
			}
		},
		{
			"name": "3",
			"from": [6.8, 12.2, 6],
			"to": [9.2, 14.6, 6.4],
			"faces": {
				"north": {"uv": [8, 2, 9, 3], "texture": "#308_hunting_rifle_3"},
				"east": {"uv": [4.5, 2, 13, 3], "texture": "#308_hunting_rifle_3"},
				"south": {"uv": [7, 2, 8, 3], "texture": "#308_hunting_rifle_3"},
				"west": {"uv": [3, 2, 11.5, 3], "texture": "#308_hunting_rifle_3"},
				"up": {"uv": [7, 3, 8, 11.5], "texture": "#308_hunting_rifle_3"},
				"down": {"uv": [9, 11.5, 8, 3], "texture": "#308_hunting_rifle_3"}
			}
		},
		{
			"name": "3",
			"from": [8, 14.2, 10.65],
			"to": [8.8, 15, 11.45],
			"rotation": {"angle": -45, "axis": "y", "origin": [8, 14.2, 10.65]},
			"faces": {
				"north": {"uv": [8, 2, 9, 3], "texture": "#308_hunting_rifle_3"},
				"east": {"uv": [4.5, 2, 13, 3], "texture": "#308_hunting_rifle_3"},
				"south": {"uv": [7, 2, 8, 3], "texture": "#308_hunting_rifle_3"},
				"west": {"uv": [3, 2, 11.5, 3], "texture": "#308_hunting_rifle_3"},
				"up": {"uv": [7, 3, 8, 11.5], "texture": "#308_hunting_rifle_3"},
				"down": {"uv": [9, 11.5, 8, 3], "texture": "#308_hunting_rifle_3"}
			}
		},
		{
			"name": "1",
			"from": [7.2, 8.6, 15.6],
			"to": [8.8, 10.2, 20],
			"rotation": {"angle": 22.5, "axis": "x", "origin": [7.2, 10.2, 15.6]},
			"faces": {
				"north": {"uv": [7, 7, 9, 9], "texture": "#308_hunting_rifle_1"},
				"east": {"uv": [4, 7, 16, 9], "texture": "#308_hunting_rifle_1"},
				"south": {"uv": [7, 7, 9, 9], "texture": "#308_hunting_rifle_1"},
				"west": {"uv": [0, 7, 12, 9], "texture": "#308_hunting_rifle_1"},
				"up": {"uv": [7, 0, 9, 12], "texture": "#308_hunting_rifle_1"},
				"down": {"uv": [9, 12, 7, 0], "texture": "#308_hunting_rifle_1"}
			}
		},
		{
			"name": "1",
			"from": [7.2, 5.8, 17.2],
			"to": [8.8, 9, 20],
			"faces": {
				"north": {"uv": [7, 7, 9, 9], "texture": "#308_hunting_rifle_1"},
				"east": {"uv": [4, 7, 16, 9], "texture": "#308_hunting_rifle_1"},
				"south": {"uv": [7, 7, 9, 9], "texture": "#308_hunting_rifle_1"},
				"west": {"uv": [0, 7, 12, 9], "texture": "#308_hunting_rifle_1"},
				"up": {"uv": [7, 0, 9, 12], "texture": "#308_hunting_rifle_1"},
				"down": {"uv": [9, 12, 7, 0], "texture": "#308_hunting_rifle_1"}
			}
		},
		{
			"name": "1",
			"from": [7.2, 5.8, 16],
			"to": [8.8, 8.6, 16.8],
			"rotation": {"angle": -22.5, "axis": "x", "origin": [7.2, 8.6, 16]},
			"faces": {
				"north": {"uv": [7, 7, 9, 9], "texture": "#308_hunting_rifle_1"},
				"east": {"uv": [4, 7, 16, 9], "texture": "#308_hunting_rifle_1"},
				"south": {"uv": [7, 7, 9, 9], "texture": "#308_hunting_rifle_1"},
				"west": {"uv": [0, 7, 12, 9], "texture": "#308_hunting_rifle_1"},
				"up": {"uv": [7, 0, 9, 12], "texture": "#308_hunting_rifle_1"},
				"down": {"uv": [9, 12, 7, 0], "texture": "#308_hunting_rifle_1"}
			}
		},
		{
			"name": "1",
			"from": [7.2, 5, 16.4],
			"to": [8.8, 5.8, 18.4],
			"rotation": {"angle": -22.5, "axis": "x", "origin": [7.2, 5.8, 16.4]},
			"faces": {
				"north": {"uv": [7, 7, 9, 9], "texture": "#308_hunting_rifle_1"},
				"east": {"uv": [4, 7, 16, 9], "texture": "#308_hunting_rifle_1"},
				"south": {"uv": [7, 7, 9, 9], "texture": "#308_hunting_rifle_1"},
				"west": {"uv": [0, 7, 12, 9], "texture": "#308_hunting_rifle_1"},
				"up": {"uv": [7, 0, 9, 12], "texture": "#308_hunting_rifle_1"},
				"down": {"uv": [9, 12, 7, 0], "texture": "#308_hunting_rifle_1"}
			}
		},
		{
			"name": "1",
			"from": [7.2, 7.8, 18.4],
			"to": [8.8, 9, 19.6],
			"rotation": {"angle": -45, "axis": "x", "origin": [7.2, 9, 18.4]},
			"faces": {
				"north": {"uv": [7, 7, 9, 9], "texture": "#308_hunting_rifle_1"},
				"east": {"uv": [4, 7, 16, 9], "texture": "#308_hunting_rifle_1"},
				"south": {"uv": [7, 7, 9, 9], "texture": "#308_hunting_rifle_1"},
				"west": {"uv": [0, 7, 12, 9], "texture": "#308_hunting_rifle_1"},
				"up": {"uv": [7, 0, 9, 12], "texture": "#308_hunting_rifle_1"},
				"down": {"uv": [9, 12, 7, 0], "texture": "#308_hunting_rifle_1"}
			}
		},
		{
			"name": "1",
			"from": [7.2, 6.066, 17.15],
			"to": [8.8, 6.866, 30.55],
			"rotation": {"angle": 22.5, "axis": "x", "origin": [7.2, 6.866, 17.15]},
			"faces": {
				"north": {"uv": [7, 7, 9, 9], "texture": "#308_hunting_rifle_1"},
				"east": {"uv": [4, 7, 16, 9], "texture": "#308_hunting_rifle_1"},
				"south": {"uv": [7, 7, 9, 9], "texture": "#308_hunting_rifle_1"},
				"west": {"uv": [0, 7, 12, 9], "texture": "#308_hunting_rifle_1"},
				"up": {"uv": [7, 0, 9, 12], "texture": "#308_hunting_rifle_1"},
				"down": {"uv": [9, 12, 7, 0], "texture": "#308_hunting_rifle_1"}
			}
		},
		{
			"name": "3",
			"from": [7.2, 1, 29.2],
			"to": [8.8, 9, 30],
			"faces": {
				"north": {"uv": [7, 7, 9, 9], "texture": "#308_hunting_rifle_3"},
				"east": {"uv": [4, 7, 16, 9], "texture": "#308_hunting_rifle_3"},
				"south": {"uv": [7, 7, 9, 9], "texture": "#308_hunting_rifle_3"},
				"west": {"uv": [0, 7, 12, 9], "texture": "#308_hunting_rifle_3"},
				"up": {"uv": [7, 0, 9, 12], "texture": "#308_hunting_rifle_3"},
				"down": {"uv": [9, 12, 7, 0], "texture": "#308_hunting_rifle_3"}
			}
		},
		{
			"name": "1",
			"from": [7.2, 3, 24.4],
			"to": [8.8, 3.8, 29.2],
			"faces": {
				"north": {"uv": [7, 7, 9, 9], "texture": "#308_hunting_rifle_1"},
				"east": {"uv": [4, 7, 16, 9], "texture": "#308_hunting_rifle_1"},
				"south": {"uv": [7, 7, 9, 9], "texture": "#308_hunting_rifle_1"},
				"west": {"uv": [0, 7, 12, 9], "texture": "#308_hunting_rifle_1"},
				"up": {"uv": [7, 0, 9, 12], "texture": "#308_hunting_rifle_1"},
				"down": {"uv": [9, 12, 7, 0], "texture": "#308_hunting_rifle_1"}
			}
		},
		{
			"name": "1",
			"from": [7.2, 2.2, 26.4],
			"to": [8.8, 3, 29.2],
			"faces": {
				"north": {"uv": [7, 7, 9, 9], "texture": "#308_hunting_rifle_1"},
				"east": {"uv": [4, 7, 16, 9], "texture": "#308_hunting_rifle_1"},
				"south": {"uv": [7, 7, 9, 9], "texture": "#308_hunting_rifle_1"},
				"west": {"uv": [0, 7, 12, 9], "texture": "#308_hunting_rifle_1"},
				"up": {"uv": [7, 0, 9, 12], "texture": "#308_hunting_rifle_1"},
				"down": {"uv": [9, 12, 7, 0], "texture": "#308_hunting_rifle_1"}
			}
		},
		{
			"name": "1",
			"from": [7.2, 1.8, 28.4],
			"to": [8.8, 2.6, 29.2],
			"faces": {
				"north": {"uv": [7, 7, 9, 9], "texture": "#308_hunting_rifle_1"},
				"east": {"uv": [4, 7, 16, 9], "texture": "#308_hunting_rifle_1"},
				"south": {"uv": [7, 7, 9, 9], "texture": "#308_hunting_rifle_1"},
				"west": {"uv": [0, 7, 12, 9], "texture": "#308_hunting_rifle_1"},
				"up": {"uv": [7, 0, 9, 12], "texture": "#308_hunting_rifle_1"},
				"down": {"uv": [9, 12, 7, 0], "texture": "#308_hunting_rifle_1"}
			}
		},
		{
			"name": "2",
			"from": [7.4, 6.6, 9.2],
			"to": [8.6, 8.2, 12.4],
			"faces": {
				"north": {"uv": [7.5, 6.5, 8.5, 7.5], "texture": "#308_hunting_rifle_2"},
				"east": {"uv": [3, 6.5, 4, 7.5], "texture": "#308_hunting_rifle_2"},
				"south": {"uv": [7.5, 6.5, 8.5, 7.5], "texture": "#308_hunting_rifle_2"},
				"west": {"uv": [12, 6.5, 13, 7.5], "texture": "#308_hunting_rifle_2"},
				"up": {"uv": [7.5, 12, 8.5, 13], "texture": "#308_hunting_rifle_2"},
				"down": {"uv": [8.5, 13, 7.5, 12], "texture": "#308_hunting_rifle_2"}
			}
		},
		{
			"name": "2",
			"from": [7.4, 5.8, 9.2],
			"to": [8.6, 6.6, 10],
			"rotation": {"angle": -45, "axis": "x", "origin": [7.4, 6.6, 9.2]},
			"faces": {
				"north": {"uv": [7.5, 6.5, 8.5, 7.5], "texture": "#308_hunting_rifle_2"},
				"east": {"uv": [3, 6.5, 4, 7.5], "texture": "#308_hunting_rifle_2"},
				"south": {"uv": [7.5, 6.5, 8.5, 7.5], "texture": "#308_hunting_rifle_2"},
				"west": {"uv": [12, 6.5, 13, 7.5], "texture": "#308_hunting_rifle_2"},
				"up": {"uv": [7.5, 12, 8.5, 13], "texture": "#308_hunting_rifle_2"},
				"down": {"uv": [8.5, 13, 7.5, 12], "texture": "#308_hunting_rifle_2"}
			}
		},
		{
			"name": "2",
			"from": [7.4, 6.05, 9.75],
			"to": [8.6, 6.85, 12.4],
			"faces": {
				"north": {"uv": [7.5, 6.5, 8.5, 7.5], "texture": "#308_hunting_rifle_2"},
				"east": {"uv": [3, 6.5, 4, 7.5], "texture": "#308_hunting_rifle_2"},
				"south": {"uv": [7.5, 6.5, 8.5, 7.5], "texture": "#308_hunting_rifle_2"},
				"west": {"uv": [12, 6.5, 13, 7.5], "texture": "#308_hunting_rifle_2"},
				"up": {"uv": [7.5, 12, 8.5, 13], "texture": "#308_hunting_rifle_2"},
				"down": {"uv": [8.5, 13, 7.5, 12], "texture": "#308_hunting_rifle_2"}
			}
		},
		{
			"name": "2",
			"from": [7.6, 6.2, 12.4],
			"to": [8.4, 8.2, 12.8],
			"faces": {
				"north": {"uv": [7.5, 6.5, 8.5, 7.5], "texture": "#308_hunting_rifle_2"},
				"east": {"uv": [3, 6.5, 4, 7.5], "texture": "#308_hunting_rifle_2"},
				"south": {"uv": [7.5, 6.5, 8.5, 7.5], "texture": "#308_hunting_rifle_2"},
				"west": {"uv": [12, 6.5, 13, 7.5], "texture": "#308_hunting_rifle_2"},
				"up": {"uv": [7.5, 12, 8.5, 13], "texture": "#308_hunting_rifle_2"},
				"down": {"uv": [8.5, 13, 7.5, 12], "texture": "#308_hunting_rifle_2"}
			}
		},
		{
			"name": "2",
			"from": [7.6, 6.2, 12.8],
			"to": [8.4, 6.6, 14.8],
			"faces": {
				"north": {"uv": [7.5, 6.5, 8.5, 7.5], "texture": "#308_hunting_rifle_2"},
				"east": {"uv": [3, 6.5, 4, 7.5], "texture": "#308_hunting_rifle_2"},
				"south": {"uv": [7.5, 6.5, 8.5, 7.5], "texture": "#308_hunting_rifle_2"},
				"west": {"uv": [12, 6.5, 13, 7.5], "texture": "#308_hunting_rifle_2"},
				"up": {"uv": [7.5, 12, 8.5, 13], "texture": "#308_hunting_rifle_2"},
				"down": {"uv": [8.5, 13, 7.5, 12], "texture": "#308_hunting_rifle_2"}
			}
		},
		{
			"name": "2",
			"from": [7.6, 6.6, 14.8],
			"to": [8.4, 8.2, 15.2],
			"faces": {
				"north": {"uv": [7.5, 6.5, 8.5, 7.5], "texture": "#308_hunting_rifle_2"},
				"east": {"uv": [3, 6.5, 4, 7.5], "texture": "#308_hunting_rifle_2"},
				"south": {"uv": [7.5, 6.5, 8.5, 7.5], "texture": "#308_hunting_rifle_2"},
				"west": {"uv": [12, 6.5, 13, 7.5], "texture": "#308_hunting_rifle_2"},
				"up": {"uv": [7.5, 12, 8.5, 13], "texture": "#308_hunting_rifle_2"},
				"down": {"uv": [8.5, 13, 7.5, 12], "texture": "#308_hunting_rifle_2"}
			}
		},
		{
			"name": "2",
			"from": [7.6, 6.076, 14.526],
			"to": [8.4, 6.476, 15.076],
			"rotation": {"angle": -45, "axis": "x", "origin": [7.6, 6.476, 14.526]},
			"faces": {
				"north": {"uv": [7.5, 6.5, 8.5, 7.5], "texture": "#308_hunting_rifle_2"},
				"east": {"uv": [3, 6.5, 4, 7.5], "texture": "#308_hunting_rifle_2"},
				"south": {"uv": [7.5, 6.5, 8.5, 7.5], "texture": "#308_hunting_rifle_2"},
				"west": {"uv": [12, 6.5, 13, 7.5], "texture": "#308_hunting_rifle_2"},
				"up": {"uv": [7.5, 12, 8.5, 13], "texture": "#308_hunting_rifle_2"},
				"down": {"uv": [8.5, 13, 7.5, 12], "texture": "#308_hunting_rifle_2"}
			}
		},
		{
			"name": "2",
			"from": [7.6, 7.4, 14],
			"to": [8.4, 8.2, 14.4],
			"faces": {
				"north": {"uv": [7.5, 6.5, 8.5, 7.5], "texture": "#308_hunting_rifle_2"},
				"east": {"uv": [3, 6.5, 4, 7.5], "texture": "#308_hunting_rifle_2"},
				"south": {"uv": [7.5, 6.5, 8.5, 7.5], "texture": "#308_hunting_rifle_2"},
				"west": {"uv": [12, 6.5, 13, 7.5], "texture": "#308_hunting_rifle_2"},
				"up": {"uv": [7.5, 12, 8.5, 13], "texture": "#308_hunting_rifle_2"},
				"down": {"uv": [8.5, 13, 7.5, 12], "texture": "#308_hunting_rifle_2"}
			}
		},
		{
			"name": "2",
			"from": [7.6, 6.792, 14.042],
			"to": [8.4, 7.592, 14.442],
			"rotation": {"angle": 22.5, "axis": "x", "origin": [7.6, 7.592, 14.042]},
			"faces": {
				"north": {"uv": [7.5, 6.5, 8.5, 7.5], "texture": "#308_hunting_rifle_2"},
				"east": {"uv": [3, 6.5, 4, 7.5], "texture": "#308_hunting_rifle_2"},
				"south": {"uv": [7.5, 6.5, 8.5, 7.5], "texture": "#308_hunting_rifle_2"},
				"west": {"uv": [12, 6.5, 13, 7.5], "texture": "#308_hunting_rifle_2"},
				"up": {"uv": [7.5, 12, 8.5, 13], "texture": "#308_hunting_rifle_2"},
				"down": {"uv": [8.5, 13, 7.5, 12], "texture": "#308_hunting_rifle_2"}
			}
		},
		{
			"name": "3",
			"from": [6.8, 12.6, 14.4],
			"to": [9.2, 14.2, 16],
			"faces": {
				"north": {"uv": [8, 2, 9, 3], "texture": "#308_hunting_rifle_3"},
				"east": {"uv": [4.5, 2, 13, 3], "texture": "#308_hunting_rifle_3"},
				"south": {"uv": [7, 2, 8, 3], "texture": "#308_hunting_rifle_3"},
				"west": {"uv": [3, 2, 11.5, 3], "texture": "#308_hunting_rifle_3"},
				"up": {"uv": [7, 3, 8, 11.5], "texture": "#308_hunting_rifle_3"},
				"down": {"uv": [9, 11.5, 8, 3], "texture": "#308_hunting_rifle_3"}
			}
		},
		{
			"name": "3",
			"from": [7.2, 12.2, 14.4],
			"to": [8.8, 14.6, 16],
			"faces": {
				"north": {"uv": [8, 2, 9, 3], "texture": "#308_hunting_rifle_3"},
				"east": {"uv": [4.5, 2, 13, 3], "texture": "#308_hunting_rifle_3"},
				"south": {"uv": [7, 2, 8, 3], "texture": "#308_hunting_rifle_3"},
				"west": {"uv": [3, 2, 11.5, 3], "texture": "#308_hunting_rifle_3"},
				"up": {"uv": [7, 3, 8, 11.5], "texture": "#308_hunting_rifle_3"},
				"down": {"uv": [9, 11.5, 8, 3], "texture": "#308_hunting_rifle_3"}
			}
		},
		{
			"name": "3",
			"from": [7.2, 14.6, 16],
			"to": [8.8, 15, 20.8],
			"faces": {
				"north": {"uv": [8, 2, 9, 3], "texture": "#308_hunting_rifle_3"},
				"east": {"uv": [4.5, 2, 13, 3], "texture": "#308_hunting_rifle_3"},
				"south": {"uv": [7, 2, 8, 3], "texture": "#308_hunting_rifle_3"},
				"west": {"uv": [3, 2, 11.5, 3], "texture": "#308_hunting_rifle_3"},
				"up": {"uv": [7, 3, 8, 11.5], "texture": "#308_hunting_rifle_3"},
				"down": {"uv": [9, 11.5, 8, 3], "texture": "#308_hunting_rifle_3"}
			}
		},
		{
			"name": "3",
			"from": [7.2, 11.8, 16],
			"to": [8.8, 12.2, 20.8],
			"faces": {
				"north": {"uv": [8, 2, 9, 3], "texture": "#308_hunting_rifle_3"},
				"east": {"uv": [4.5, 2, 13, 3], "texture": "#308_hunting_rifle_3"},
				"south": {"uv": [7, 2, 8, 3], "texture": "#308_hunting_rifle_3"},
				"west": {"uv": [3, 2, 11.5, 3], "texture": "#308_hunting_rifle_3"},
				"up": {"uv": [7, 3, 8, 11.5], "texture": "#308_hunting_rifle_3"},
				"down": {"uv": [9, 11.5, 8, 3], "texture": "#308_hunting_rifle_3"}
			}
		},
		{
			"name": "3",
			"from": [6.4, 12.6, 16],
			"to": [6.8, 14.2, 20.8],
			"faces": {
				"north": {"uv": [8, 2, 9, 3], "texture": "#308_hunting_rifle_3"},
				"east": {"uv": [4.5, 2, 13, 3], "texture": "#308_hunting_rifle_3"},
				"south": {"uv": [7, 2, 8, 3], "texture": "#308_hunting_rifle_3"},
				"west": {"uv": [3, 2, 11.5, 3], "texture": "#308_hunting_rifle_3"},
				"up": {"uv": [7, 3, 8, 11.5], "texture": "#308_hunting_rifle_3"},
				"down": {"uv": [9, 11.5, 8, 3], "texture": "#308_hunting_rifle_3"}
			}
		},
		{
			"name": "3",
			"from": [9.2, 12.6, 16],
			"to": [9.6, 14.2, 20.8],
			"faces": {
				"north": {"uv": [8, 2, 9, 3], "texture": "#308_hunting_rifle_3"},
				"east": {"uv": [4.5, 2, 13, 3], "texture": "#308_hunting_rifle_3"},
				"south": {"uv": [7, 2, 8, 3], "texture": "#308_hunting_rifle_3"},
				"west": {"uv": [3, 2, 11.5, 3], "texture": "#308_hunting_rifle_3"},
				"up": {"uv": [7, 3, 8, 11.5], "texture": "#308_hunting_rifle_3"},
				"down": {"uv": [9, 11.5, 8, 3], "texture": "#308_hunting_rifle_3"}
			}
		},
		{
			"name": "4",
			"from": [7.2, 12.2, 19.6],
			"to": [8.8, 14.6, 20],
			"faces": {
				"north": {"uv": [8, 2, 9, 3], "texture": "#308_hunting_rifle_4"},
				"east": {"uv": [4.5, 2, 13, 3], "texture": "#308_hunting_rifle_4"},
				"south": {"uv": [7, 2, 8, 3], "texture": "#308_hunting_rifle_4"},
				"west": {"uv": [3, 2, 11.5, 3], "texture": "#308_hunting_rifle_4"},
				"up": {"uv": [7, 3, 8, 11.5], "texture": "#308_hunting_rifle_4"},
				"down": {"uv": [9, 11.5, 8, 3], "texture": "#308_hunting_rifle_4"}
			}
		},
		{
			"name": "3",
			"from": [6.4, 13.8, 16],
			"to": [7.55, 14.2, 20.8],
			"rotation": {"angle": 45, "axis": "z", "origin": [6.4, 14.2, 16]},
			"faces": {
				"north": {"uv": [8, 2, 9, 3], "texture": "#308_hunting_rifle_3"},
				"east": {"uv": [4.5, 2, 13, 3], "texture": "#308_hunting_rifle_3"},
				"south": {"uv": [7, 2, 8, 3], "texture": "#308_hunting_rifle_3"},
				"west": {"uv": [3, 2, 11.5, 3], "texture": "#308_hunting_rifle_3"},
				"up": {"uv": [7, 3, 8, 11.5], "texture": "#308_hunting_rifle_3"},
				"down": {"uv": [9, 11.5, 8, 3], "texture": "#308_hunting_rifle_3"}
			}
		},
		{
			"name": "4",
			"from": [6.8, 12.6, 19.6],
			"to": [9.2, 14.2, 20],
			"faces": {
				"north": {"uv": [8, 2, 9, 3], "texture": "#308_hunting_rifle_4"},
				"east": {"uv": [4.5, 2, 13, 3], "texture": "#308_hunting_rifle_4"},
				"south": {"uv": [7, 2, 8, 3], "texture": "#308_hunting_rifle_4"},
				"west": {"uv": [3, 2, 11.5, 3], "texture": "#308_hunting_rifle_4"},
				"up": {"uv": [7, 3, 8, 11.5], "texture": "#308_hunting_rifle_4"},
				"down": {"uv": [9, 11.5, 8, 3], "texture": "#308_hunting_rifle_4"}
			}
		},
		{
			"name": "3",
			"from": [7.4, 13.584, 12.934],
			"to": [8.6, 13.984, 14.534],
			"rotation": {"angle": -22.5, "axis": "x", "origin": [7.4, 13.984, 12.934]},
			"faces": {
				"north": {"uv": [8, 2, 9, 3], "texture": "#308_hunting_rifle_3"},
				"east": {"uv": [4.5, 2, 13, 3], "texture": "#308_hunting_rifle_3"},
				"south": {"uv": [7, 2, 8, 3], "texture": "#308_hunting_rifle_3"},
				"west": {"uv": [3, 2, 11.5, 3], "texture": "#308_hunting_rifle_3"},
				"up": {"uv": [7, 3, 8, 11.5], "texture": "#308_hunting_rifle_3"},
				"down": {"uv": [9, 11.5, 8, 3], "texture": "#308_hunting_rifle_3"}
			}
		},
		{
			"name": "3",
			"from": [7.4, 12.758, 13.058],
			"to": [8.6, 13.158, 14.658],
			"rotation": {"angle": 22.5, "axis": "x", "origin": [7.4, 13.158, 13.058]},
			"faces": {
				"north": {"uv": [8, 2, 9, 3], "texture": "#308_hunting_rifle_3"},
				"east": {"uv": [4.5, 2, 13, 3], "texture": "#308_hunting_rifle_3"},
				"south": {"uv": [7, 2, 8, 3], "texture": "#308_hunting_rifle_3"},
				"west": {"uv": [3, 2, 11.5, 3], "texture": "#308_hunting_rifle_3"},
				"up": {"uv": [7, 3, 8, 11.5], "texture": "#308_hunting_rifle_3"},
				"down": {"uv": [9, 11.5, 8, 3], "texture": "#308_hunting_rifle_3"}
			}
		},
		{
			"name": "3",
			"from": [7.418, 12.8, 12.95],
			"to": [7.818, 14, 14.55],
			"rotation": {"angle": -22.5, "axis": "y", "origin": [7.418, 12.8, 12.95]},
			"faces": {
				"north": {"uv": [8, 2, 9, 3], "texture": "#308_hunting_rifle_3"},
				"east": {"uv": [4.5, 2, 13, 3], "texture": "#308_hunting_rifle_3"},
				"south": {"uv": [7, 2, 8, 3], "texture": "#308_hunting_rifle_3"},
				"west": {"uv": [3, 2, 11.5, 3], "texture": "#308_hunting_rifle_3"},
				"up": {"uv": [7, 3, 8, 11.5], "texture": "#308_hunting_rifle_3"},
				"down": {"uv": [9, 11.5, 8, 3], "texture": "#308_hunting_rifle_3"}
			}
		},
		{
			"name": "3",
			"from": [8.2, 12.8, 13.1],
			"to": [8.6, 14, 14.7],
			"rotation": {"angle": 22.5, "axis": "y", "origin": [8.2, 12.8, 13.1]},
			"faces": {
				"north": {"uv": [8, 2, 9, 3], "texture": "#308_hunting_rifle_3"},
				"east": {"uv": [4.5, 2, 13, 3], "texture": "#308_hunting_rifle_3"},
				"south": {"uv": [7, 2, 8, 3], "texture": "#308_hunting_rifle_3"},
				"west": {"uv": [3, 2, 11.5, 3], "texture": "#308_hunting_rifle_3"},
				"up": {"uv": [7, 3, 8, 11.5], "texture": "#308_hunting_rifle_3"},
				"down": {"uv": [9, 11.5, 8, 3], "texture": "#308_hunting_rifle_3"}
			}
		},
		{
			"name": "3",
			"from": [7.4, 13.984, 14.526],
			"to": [8.6, 14.384, 16.126],
			"rotation": {"angle": -22.5, "axis": "x", "origin": [7.4, 14.384, 14.526]},
			"faces": {
				"north": {"uv": [8, 2, 9, 3], "texture": "#308_hunting_rifle_3"},
				"east": {"uv": [4.5, 2, 13, 3], "texture": "#308_hunting_rifle_3"},
				"south": {"uv": [7, 2, 8, 3], "texture": "#308_hunting_rifle_3"},
				"west": {"uv": [3, 2, 11.5, 3], "texture": "#308_hunting_rifle_3"},
				"up": {"uv": [7, 3, 8, 11.5], "texture": "#308_hunting_rifle_3"},
				"down": {"uv": [9, 11.5, 8, 3], "texture": "#308_hunting_rifle_3"}
			}
		},
		{
			"name": "3",
			"from": [7.4, 12.384, 14.684],
			"to": [8.6, 12.784, 16.284],
			"rotation": {"angle": 22.5, "axis": "x", "origin": [7.4, 12.784, 14.684]},
			"faces": {
				"north": {"uv": [8, 2, 9, 3], "texture": "#308_hunting_rifle_3"},
				"east": {"uv": [4.5, 2, 13, 3], "texture": "#308_hunting_rifle_3"},
				"south": {"uv": [7, 2, 8, 3], "texture": "#308_hunting_rifle_3"},
				"west": {"uv": [3, 2, 11.5, 3], "texture": "#308_hunting_rifle_3"},
				"up": {"uv": [7, 3, 8, 11.5], "texture": "#308_hunting_rifle_3"},
				"down": {"uv": [9, 11.5, 8, 3], "texture": "#308_hunting_rifle_3"}
			}
		},
		{
			"name": "1",
			"from": [7.2, 5.7, 17],
			"to": [8.8, 7.3, 17.8],
			"rotation": {"angle": 22.5, "axis": "x", "origin": [7.2, 7.3, 17]},
			"faces": {
				"north": {"uv": [7, 7, 9, 9], "texture": "#308_hunting_rifle_1"},
				"east": {"uv": [4, 7, 16, 9], "texture": "#308_hunting_rifle_1"},
				"south": {"uv": [7, 7, 9, 9], "texture": "#308_hunting_rifle_1"},
				"west": {"uv": [0, 7, 12, 9], "texture": "#308_hunting_rifle_1"},
				"up": {"uv": [7, 0, 9, 12], "texture": "#308_hunting_rifle_1"},
				"down": {"uv": [9, 12, 7, 0], "texture": "#308_hunting_rifle_1"}
			}
		},
		{
			"name": "3",
			"from": [7.002, 12.8, 14.5052],
			"to": [7.402, 14, 16.1052],
			"rotation": {"angle": -22.5, "axis": "y", "origin": [7.002, 12.8, 14.5052]},
			"faces": {
				"north": {"uv": [8, 2, 9, 3], "texture": "#308_hunting_rifle_3"},
				"east": {"uv": [4.5, 2, 13, 3], "texture": "#308_hunting_rifle_3"},
				"south": {"uv": [7, 2, 8, 3], "texture": "#308_hunting_rifle_3"},
				"west": {"uv": [3, 2, 11.5, 3], "texture": "#308_hunting_rifle_3"},
				"up": {"uv": [7, 3, 8, 11.5], "texture": "#308_hunting_rifle_3"},
				"down": {"uv": [9, 11.5, 8, 3], "texture": "#308_hunting_rifle_3"}
			}
		},
		{
			"name": "3",
			"from": [8.6, 12.8, 14.65],
			"to": [9, 14, 16.25],
			"rotation": {"angle": 22.5, "axis": "y", "origin": [8.6, 12.8, 14.65]},
			"faces": {
				"north": {"uv": [8, 2, 9, 3], "texture": "#308_hunting_rifle_3"},
				"east": {"uv": [4.5, 2, 13, 3], "texture": "#308_hunting_rifle_3"},
				"south": {"uv": [7, 2, 8, 3], "texture": "#308_hunting_rifle_3"},
				"west": {"uv": [3, 2, 11.5, 3], "texture": "#308_hunting_rifle_3"},
				"up": {"uv": [7, 3, 8, 11.5], "texture": "#308_hunting_rifle_3"},
				"down": {"uv": [9, 11.5, 8, 3], "texture": "#308_hunting_rifle_3"}
			}
		},
		{
			"name": "3",
			"from": [7.65, 8.9, 29.2],
			"to": [8.45, 10.1, 30],
			"rotation": {"angle": -22.5, "axis": "z", "origin": [7.65, 10.1, 29.2]},
			"faces": {
				"north": {"uv": [7, 7, 9, 9], "texture": "#308_hunting_rifle_3"},
				"east": {"uv": [4, 7, 16, 9], "texture": "#308_hunting_rifle_3"},
				"south": {"uv": [7, 7, 9, 9], "texture": "#308_hunting_rifle_3"},
				"west": {"uv": [0, 7, 12, 9], "texture": "#308_hunting_rifle_3"},
				"up": {"uv": [7, 0, 9, 12], "texture": "#308_hunting_rifle_3"},
				"down": {"uv": [9, 12, 7, 0], "texture": "#308_hunting_rifle_3"}
			}
		},
		{
			"name": "3",
			"from": [7.608, 8.592, 29.2],
			"to": [8.408, 9.792, 30],
			"rotation": {"angle": 22.5, "axis": "z", "origin": [7.608, 9.792, 29.2]},
			"faces": {
				"north": {"uv": [7, 7, 9, 9], "texture": "#308_hunting_rifle_3"},
				"east": {"uv": [4, 7, 16, 9], "texture": "#308_hunting_rifle_3"},
				"south": {"uv": [7, 7, 9, 9], "texture": "#308_hunting_rifle_3"},
				"west": {"uv": [0, 7, 12, 9], "texture": "#308_hunting_rifle_3"},
				"up": {"uv": [7, 0, 9, 12], "texture": "#308_hunting_rifle_3"},
				"down": {"uv": [9, 12, 7, 0], "texture": "#308_hunting_rifle_3"}
			}
		},
		{
			"name": "3",
			"from": [7.65, 9.7, 29.2],
			"to": [8.35, 10.1, 30],
			"faces": {
				"north": {"uv": [7, 7, 9, 9], "texture": "#308_hunting_rifle_3"},
				"east": {"uv": [4, 7, 16, 9], "texture": "#308_hunting_rifle_3"},
				"south": {"uv": [7, 7, 9, 9], "texture": "#308_hunting_rifle_3"},
				"west": {"uv": [0, 7, 12, 9], "texture": "#308_hunting_rifle_3"},
				"up": {"uv": [7, 0, 9, 12], "texture": "#308_hunting_rifle_3"},
				"down": {"uv": [9, 12, 7, 0], "texture": "#308_hunting_rifle_3"}
			}
		},
		{
			"name": "3",
			"from": [8.8, 13.15, 11.2],
			"to": [9.6, 13.95, 12],
			"rotation": {"angle": 45, "axis": "x", "origin": [8.8, 13.95, 11.2]},
			"faces": {
				"north": {"uv": [8, 2, 9, 3], "texture": "#308_hunting_rifle_3"},
				"east": {"uv": [4.5, 2, 13, 3], "texture": "#308_hunting_rifle_3"},
				"south": {"uv": [7, 2, 8, 3], "texture": "#308_hunting_rifle_3"},
				"west": {"uv": [3, 2, 11.5, 3], "texture": "#308_hunting_rifle_3"},
				"up": {"uv": [7, 3, 8, 11.5], "texture": "#308_hunting_rifle_3"},
				"down": {"uv": [9, 11.5, 8, 3], "texture": "#308_hunting_rifle_3"}
			}
		},
		{
			"name": "3",
			"from": [8.4, 13.2, 12.4],
			"to": [9.2, 13.8, 12.95],
			"rotation": {"angle": 45, "axis": "x", "origin": [8.4, 13.8, 12.4]},
			"faces": {
				"north": {"uv": [8, 2, 9, 3], "texture": "#308_hunting_rifle_3"},
				"east": {"uv": [4.5, 2, 13, 3], "texture": "#308_hunting_rifle_3"},
				"south": {"uv": [7, 2, 8, 3], "texture": "#308_hunting_rifle_3"},
				"west": {"uv": [3, 2, 11.5, 3], "texture": "#308_hunting_rifle_3"},
				"up": {"uv": [7, 3, 8, 11.5], "texture": "#308_hunting_rifle_3"},
				"down": {"uv": [9, 11.5, 8, 3], "texture": "#308_hunting_rifle_3"}
			}
		},
		{
			"name": "2",
			"from": [8.4, 10.2, 15.6],
			"to": [8.8, 10.6, 16],
			"faces": {
				"north": {"uv": [7.5, 6.5, 8.5, 7.5], "texture": "#308_hunting_rifle_2"},
				"east": {"uv": [3, 6.5, 4, 7.5], "texture": "#308_hunting_rifle_2"},
				"south": {"uv": [7.5, 6.5, 8.5, 7.5], "texture": "#308_hunting_rifle_2"},
				"west": {"uv": [12, 6.5, 13, 7.5], "texture": "#308_hunting_rifle_2"},
				"up": {"uv": [7.5, 12, 8.5, 13], "texture": "#308_hunting_rifle_2"},
				"down": {"uv": [8.5, 13, 7.5, 12], "texture": "#308_hunting_rifle_2"}
			}
		},
		{
			"name": "2",
			"from": [8.8, 10.2, 15.6],
			"to": [9.6, 10.6, 16],
			"rotation": {"angle": -45, "axis": "z", "origin": [8.8, 10.6, 15.6]},
			"faces": {
				"north": {"uv": [7.5, 6.5, 8.5, 7.5], "texture": "#308_hunting_rifle_2"},
				"east": {"uv": [3, 6.5, 4, 7.5], "texture": "#308_hunting_rifle_2"},
				"south": {"uv": [7.5, 6.5, 8.5, 7.5], "texture": "#308_hunting_rifle_2"},
				"west": {"uv": [12, 6.5, 13, 7.5], "texture": "#308_hunting_rifle_2"},
				"up": {"uv": [7.5, 12, 8.5, 13], "texture": "#308_hunting_rifle_2"},
				"down": {"uv": [8.5, 13, 7.5, 12], "texture": "#308_hunting_rifle_2"}
			}
		},
		{
			"name": "2",
			"from": [8.984, 9.1, 15.6],
			"to": [9.384, 9.9, 16],
			"rotation": {"angle": 22.5, "axis": "z", "origin": [8.984, 9.9, 15.6]},
			"faces": {
				"north": {"uv": [7.5, 6.5, 8.5, 7.5], "texture": "#308_hunting_rifle_2"},
				"east": {"uv": [3, 6.5, 4, 7.5], "texture": "#308_hunting_rifle_2"},
				"south": {"uv": [7.5, 6.5, 8.5, 7.5], "texture": "#308_hunting_rifle_2"},
				"west": {"uv": [12, 6.5, 13, 7.5], "texture": "#308_hunting_rifle_2"},
				"up": {"uv": [7.5, 12, 8.5, 13], "texture": "#308_hunting_rifle_2"},
				"down": {"uv": [8.5, 13, 7.5, 12], "texture": "#308_hunting_rifle_2"}
			}
		},
		{
			"name": "2",
			"from": [7.6, 10.6, 1.2],
			"to": [8.4, 11, 2],
			"faces": {
				"north": {"uv": [7.5, 6.25, 8.5, 6.5], "texture": "#308_hunting_rifle_2"},
				"east": {"uv": [11.9375, 6.25, 16, 6.5], "texture": "#308_hunting_rifle_2"},
				"south": {"uv": [7.5, 6.25, 8.5, 6.5], "texture": "#308_hunting_rifle_2"},
				"west": {"uv": [0, 6.25, 4.0625, 6.5], "texture": "#308_hunting_rifle_2"},
				"up": {"uv": [7.5, 0, 8.5, 4.0625], "texture": "#308_hunting_rifle_2"},
				"down": {"uv": [8.5, 4.0625, 7.5, 0], "texture": "#308_hunting_rifle_2"}
			}
		},
		{
			"name": "2",
			"from": [7.7, 11, 1.5],
			"to": [8.3, 11.4, 1.75],
			"faces": {
				"north": {"uv": [7.5, 6.25, 8.5, 6.5], "texture": "#308_hunting_rifle_2"},
				"east": {"uv": [11.9375, 6.25, 16, 6.5], "texture": "#308_hunting_rifle_2"},
				"south": {"uv": [7.5, 6.25, 8.5, 6.5], "texture": "#308_hunting_rifle_2"},
				"west": {"uv": [0, 6.25, 4.0625, 6.5], "texture": "#308_hunting_rifle_2"},
				"up": {"uv": [7.5, 0, 8.5, 4.0625], "texture": "#308_hunting_rifle_2"},
				"down": {"uv": [8.5, 4.0625, 7.5, 0], "texture": "#308_hunting_rifle_2"}
			}
		},
		{
			"name": "2",
			"from": [7.7, 9.85, 16.4],
			"to": [8.3, 10.45, 16.75],
			"faces": {
				"north": {"uv": [7.5, 6.5, 8.5, 7.5], "texture": "#308_hunting_rifle_2"},
				"east": {"uv": [3, 6.5, 4, 7.5], "texture": "#308_hunting_rifle_2"},
				"south": {"uv": [7.5, 6.5, 8.5, 7.5], "texture": "#308_hunting_rifle_2"},
				"west": {"uv": [12, 6.5, 13, 7.5], "texture": "#308_hunting_rifle_2"},
				"up": {"uv": [7.5, 12, 8.5, 13], "texture": "#308_hunting_rifle_2"},
				"down": {"uv": [8.5, 13, 7.5, 12], "texture": "#308_hunting_rifle_2"}
			}
		},
		{
			"name": "4",
			"from": [8.4, 13.8, 19.6],
			"to": [9.2, 14.6, 20],
			"faces": {
				"north": {"uv": [8, 2, 9, 3], "texture": "#308_hunting_rifle_4"},
				"east": {"uv": [4.5, 2, 13, 3], "texture": "#308_hunting_rifle_4"},
				"south": {"uv": [7, 2, 8, 3], "texture": "#308_hunting_rifle_4"},
				"west": {"uv": [3, 2, 11.5, 3], "texture": "#308_hunting_rifle_4"},
				"up": {"uv": [7, 3, 8, 11.5], "texture": "#308_hunting_rifle_4"},
				"down": {"uv": [9, 11.5, 8, 3], "texture": "#308_hunting_rifle_4"}
			}
		},
		{
			"name": "4",
			"from": [6.8, 12.2, 19.6],
			"to": [7.6, 13, 20],
			"faces": {
				"north": {"uv": [8, 2, 9, 3], "texture": "#308_hunting_rifle_4"},
				"east": {"uv": [4.5, 2, 13, 3], "texture": "#308_hunting_rifle_4"},
				"south": {"uv": [7, 2, 8, 3], "texture": "#308_hunting_rifle_4"},
				"west": {"uv": [3, 2, 11.5, 3], "texture": "#308_hunting_rifle_4"},
				"up": {"uv": [7, 3, 8, 11.5], "texture": "#308_hunting_rifle_4"},
				"down": {"uv": [9, 11.5, 8, 3], "texture": "#308_hunting_rifle_4"}
			}
		},
		{
			"name": "4",
			"from": [8.4, 12.2, 19.6],
			"to": [9.2, 13, 20],
			"faces": {
				"north": {"uv": [8, 2, 9, 3], "texture": "#308_hunting_rifle_4"},
				"east": {"uv": [4.5, 2, 13, 3], "texture": "#308_hunting_rifle_4"},
				"south": {"uv": [7, 2, 8, 3], "texture": "#308_hunting_rifle_4"},
				"west": {"uv": [3, 2, 11.5, 3], "texture": "#308_hunting_rifle_4"},
				"up": {"uv": [7, 3, 8, 11.5], "texture": "#308_hunting_rifle_4"},
				"down": {"uv": [9, 11.5, 8, 3], "texture": "#308_hunting_rifle_4"}
			}
		},
		{
			"name": "3",
			"from": [8.792, 14.6, 16],
			"to": [9.942, 15, 20.8],
			"rotation": {"angle": -45, "axis": "z", "origin": [8.792, 15, 16]},
			"faces": {
				"north": {"uv": [8, 2, 9, 3], "texture": "#308_hunting_rifle_3"},
				"east": {"uv": [4.5, 2, 13, 3], "texture": "#308_hunting_rifle_3"},
				"south": {"uv": [7, 2, 8, 3], "texture": "#308_hunting_rifle_3"},
				"west": {"uv": [3, 2, 11.5, 3], "texture": "#308_hunting_rifle_3"},
				"up": {"uv": [7, 3, 8, 11.5], "texture": "#308_hunting_rifle_3"},
				"down": {"uv": [9, 11.5, 8, 3], "texture": "#308_hunting_rifle_3"}
			}
		},
		{
			"name": "3",
			"from": [6.684, 12.49, 16],
			"to": [7.834, 12.89, 20.8],
			"rotation": {"angle": -45, "axis": "z", "origin": [6.684, 12.89, 16]},
			"faces": {
				"north": {"uv": [8, 2, 9, 3], "texture": "#308_hunting_rifle_3"},
				"east": {"uv": [4.5, 2, 13, 3], "texture": "#308_hunting_rifle_3"},
				"south": {"uv": [7, 2, 8, 3], "texture": "#308_hunting_rifle_3"},
				"west": {"uv": [3, 2, 11.5, 3], "texture": "#308_hunting_rifle_3"},
				"up": {"uv": [7, 3, 8, 11.5], "texture": "#308_hunting_rifle_3"},
				"down": {"uv": [9, 11.5, 8, 3], "texture": "#308_hunting_rifle_3"}
			}
		},
		{
			"name": "3",
			"from": [8.508, 11.682, 16],
			"to": [9.658, 12.082, 20.8],
			"rotation": {"angle": 45, "axis": "z", "origin": [8.508, 12.082, 16]},
			"faces": {
				"north": {"uv": [8, 2, 9, 3], "texture": "#308_hunting_rifle_3"},
				"east": {"uv": [4.5, 2, 13, 3], "texture": "#308_hunting_rifle_3"},
				"south": {"uv": [7, 2, 8, 3], "texture": "#308_hunting_rifle_3"},
				"west": {"uv": [3, 2, 11.5, 3], "texture": "#308_hunting_rifle_3"},
				"up": {"uv": [7, 3, 8, 11.5], "texture": "#308_hunting_rifle_3"},
				"down": {"uv": [9, 11.5, 8, 3], "texture": "#308_hunting_rifle_3"}
			}
		},
		{
			"name": "3",
			"from": [7.2, 14.6, 1.6],
			"to": [8.8, 15, 6.4],
			"faces": {
				"north": {"uv": [8, 2, 9, 3], "texture": "#308_hunting_rifle_3"},
				"east": {"uv": [4.5, 2, 13, 3], "texture": "#308_hunting_rifle_3"},
				"south": {"uv": [7, 2, 8, 3], "texture": "#308_hunting_rifle_3"},
				"west": {"uv": [3, 2, 11.5, 3], "texture": "#308_hunting_rifle_3"},
				"up": {"uv": [7, 3, 8, 11.5], "texture": "#308_hunting_rifle_3"},
				"down": {"uv": [9, 11.5, 8, 3], "texture": "#308_hunting_rifle_3"}
			}
		},
		{
			"name": "3",
			"from": [7.2, 11.8, 1.6],
			"to": [8.8, 12.2, 6.4],
			"faces": {
				"north": {"uv": [8, 2, 9, 3], "texture": "#308_hunting_rifle_3"},
				"east": {"uv": [4.5, 2, 13, 3], "texture": "#308_hunting_rifle_3"},
				"south": {"uv": [7, 2, 8, 3], "texture": "#308_hunting_rifle_3"},
				"west": {"uv": [3, 2, 11.5, 3], "texture": "#308_hunting_rifle_3"},
				"up": {"uv": [7, 3, 8, 11.5], "texture": "#308_hunting_rifle_3"},
				"down": {"uv": [9, 11.5, 8, 3], "texture": "#308_hunting_rifle_3"}
			}
		},
		{
			"name": "3",
			"from": [6.4, 12.6, 1.6],
			"to": [6.8, 14.2, 6.4],
			"faces": {
				"north": {"uv": [8, 2, 9, 3], "texture": "#308_hunting_rifle_3"},
				"east": {"uv": [4.5, 2, 13, 3], "texture": "#308_hunting_rifle_3"},
				"south": {"uv": [7, 2, 8, 3], "texture": "#308_hunting_rifle_3"},
				"west": {"uv": [3, 2, 11.5, 3], "texture": "#308_hunting_rifle_3"},
				"up": {"uv": [7, 3, 8, 11.5], "texture": "#308_hunting_rifle_3"},
				"down": {"uv": [9, 11.5, 8, 3], "texture": "#308_hunting_rifle_3"}
			}
		},
		{
			"name": "3",
			"from": [9.2, 12.6, 1.6],
			"to": [9.6, 14.2, 6.4],
			"faces": {
				"north": {"uv": [8, 2, 9, 3], "texture": "#308_hunting_rifle_3"},
				"east": {"uv": [4.5, 2, 13, 3], "texture": "#308_hunting_rifle_3"},
				"south": {"uv": [7, 2, 8, 3], "texture": "#308_hunting_rifle_3"},
				"west": {"uv": [3, 2, 11.5, 3], "texture": "#308_hunting_rifle_3"},
				"up": {"uv": [7, 3, 8, 11.5], "texture": "#308_hunting_rifle_3"},
				"down": {"uv": [9, 11.5, 8, 3], "texture": "#308_hunting_rifle_3"}
			}
		},
		{
			"name": "4",
			"from": [7.2, 12.2, 2.4],
			"to": [8.8, 14.6, 2.8],
			"faces": {
				"north": {"uv": [8, 2, 9, 3], "texture": "#308_hunting_rifle_4"},
				"east": {"uv": [4.5, 2, 13, 3], "texture": "#308_hunting_rifle_4"},
				"south": {"uv": [7, 2, 8, 3], "texture": "#308_hunting_rifle_4"},
				"west": {"uv": [3, 2, 11.5, 3], "texture": "#308_hunting_rifle_4"},
				"up": {"uv": [7, 3, 8, 11.5], "texture": "#308_hunting_rifle_4"},
				"down": {"uv": [9, 11.5, 8, 3], "texture": "#308_hunting_rifle_4"}
			}
		},
		{
			"name": "3",
			"from": [6.4, 13.8, 1.6],
			"to": [7.55, 14.2, 6.4],
			"rotation": {"angle": 45, "axis": "z", "origin": [6.4, 14.2, 1.6]},
			"faces": {
				"north": {"uv": [8, 2, 9, 3], "texture": "#308_hunting_rifle_3"},
				"east": {"uv": [4.5, 2, 13, 3], "texture": "#308_hunting_rifle_3"},
				"south": {"uv": [7, 2, 8, 3], "texture": "#308_hunting_rifle_3"},
				"west": {"uv": [3, 2, 11.5, 3], "texture": "#308_hunting_rifle_3"},
				"up": {"uv": [7, 3, 8, 11.5], "texture": "#308_hunting_rifle_3"},
				"down": {"uv": [9, 11.5, 8, 3], "texture": "#308_hunting_rifle_3"}
			}
		},
		{
			"name": "4",
			"from": [6.8, 12.6, 2.4],
			"to": [9.2, 14.2, 2.8],
			"faces": {
				"north": {"uv": [8, 2, 9, 3], "texture": "#308_hunting_rifle_4"},
				"east": {"uv": [4.5, 2, 13, 3], "texture": "#308_hunting_rifle_4"},
				"south": {"uv": [7, 2, 8, 3], "texture": "#308_hunting_rifle_4"},
				"west": {"uv": [3, 2, 11.5, 3], "texture": "#308_hunting_rifle_4"},
				"up": {"uv": [7, 3, 8, 11.5], "texture": "#308_hunting_rifle_4"},
				"down": {"uv": [9, 11.5, 8, 3], "texture": "#308_hunting_rifle_4"}
			}
		},
		{
			"name": "4",
			"from": [8.4, 13.8, 2.4],
			"to": [9.2, 14.6, 2.8],
			"faces": {
				"north": {"uv": [8, 2, 9, 3], "texture": "#308_hunting_rifle_4"},
				"east": {"uv": [4.5, 2, 13, 3], "texture": "#308_hunting_rifle_4"},
				"south": {"uv": [7, 2, 8, 3], "texture": "#308_hunting_rifle_4"},
				"west": {"uv": [3, 2, 11.5, 3], "texture": "#308_hunting_rifle_4"},
				"up": {"uv": [7, 3, 8, 11.5], "texture": "#308_hunting_rifle_4"},
				"down": {"uv": [9, 11.5, 8, 3], "texture": "#308_hunting_rifle_4"}
			}
		},
		{
			"name": "4",
			"from": [6.8, 13.8, 2.4],
			"to": [7.6, 14.6, 2.8],
			"faces": {
				"north": {"uv": [8, 2, 9, 3], "texture": "#308_hunting_rifle_4"},
				"east": {"uv": [4.5, 2, 13, 3], "texture": "#308_hunting_rifle_4"},
				"south": {"uv": [7, 2, 8, 3], "texture": "#308_hunting_rifle_4"},
				"west": {"uv": [3, 2, 11.5, 3], "texture": "#308_hunting_rifle_4"},
				"up": {"uv": [7, 3, 8, 11.5], "texture": "#308_hunting_rifle_4"},
				"down": {"uv": [9, 11.5, 8, 3], "texture": "#308_hunting_rifle_4"}
			}
		},
		{
			"name": "4",
			"from": [6.8, 12.2, 2.4],
			"to": [7.6, 13, 2.8],
			"faces": {
				"north": {"uv": [8, 2, 9, 3], "texture": "#308_hunting_rifle_4"},
				"east": {"uv": [4.5, 2, 13, 3], "texture": "#308_hunting_rifle_4"},
				"south": {"uv": [7, 2, 8, 3], "texture": "#308_hunting_rifle_4"},
				"west": {"uv": [3, 2, 11.5, 3], "texture": "#308_hunting_rifle_4"},
				"up": {"uv": [7, 3, 8, 11.5], "texture": "#308_hunting_rifle_4"},
				"down": {"uv": [9, 11.5, 8, 3], "texture": "#308_hunting_rifle_4"}
			}
		},
		{
			"name": "4",
			"from": [8.4, 12.2, 2.4],
			"to": [9.2, 13, 2.8],
			"faces": {
				"north": {"uv": [8, 2, 9, 3], "texture": "#308_hunting_rifle_4"},
				"east": {"uv": [4.5, 2, 13, 3], "texture": "#308_hunting_rifle_4"},
				"south": {"uv": [7, 2, 8, 3], "texture": "#308_hunting_rifle_4"},
				"west": {"uv": [3, 2, 11.5, 3], "texture": "#308_hunting_rifle_4"},
				"up": {"uv": [7, 3, 8, 11.5], "texture": "#308_hunting_rifle_4"},
				"down": {"uv": [9, 11.5, 8, 3], "texture": "#308_hunting_rifle_4"}
			}
		},
		{
			"name": "3",
			"from": [8.8, 14.6, 1.6],
			"to": [9.95, 15, 6.4],
			"rotation": {"angle": -45, "axis": "z", "origin": [8.8, 15, 1.6]},
			"faces": {
				"north": {"uv": [8, 2, 9, 3], "texture": "#308_hunting_rifle_3"},
				"east": {"uv": [4.5, 2, 13, 3], "texture": "#308_hunting_rifle_3"},
				"south": {"uv": [7, 2, 8, 3], "texture": "#308_hunting_rifle_3"},
				"west": {"uv": [3, 2, 11.5, 3], "texture": "#308_hunting_rifle_3"},
				"up": {"uv": [7, 3, 8, 11.5], "texture": "#308_hunting_rifle_3"},
				"down": {"uv": [9, 11.5, 8, 3], "texture": "#308_hunting_rifle_3"}
			}
		},
		{
			"name": "3",
			"from": [6.684, 12.49, 1.6],
			"to": [7.834, 12.89, 6.4],
			"rotation": {"angle": -45, "axis": "z", "origin": [6.684, 12.89, 1.6]},
			"faces": {
				"north": {"uv": [8, 2, 9, 3], "texture": "#308_hunting_rifle_3"},
				"east": {"uv": [4.5, 2, 13, 3], "texture": "#308_hunting_rifle_3"},
				"south": {"uv": [7, 2, 8, 3], "texture": "#308_hunting_rifle_3"},
				"west": {"uv": [3, 2, 11.5, 3], "texture": "#308_hunting_rifle_3"},
				"up": {"uv": [7, 3, 8, 11.5], "texture": "#308_hunting_rifle_3"},
				"down": {"uv": [9, 11.5, 8, 3], "texture": "#308_hunting_rifle_3"}
			}
		},
		{
			"name": "3",
			"from": [8.508, 11.674, 1.6],
			"to": [9.658, 12.074, 6.4],
			"rotation": {"angle": 45, "axis": "z", "origin": [8.508, 12.074, 1.6]},
			"faces": {
				"north": {"uv": [8, 2, 9, 3], "texture": "#308_hunting_rifle_3"},
				"east": {"uv": [4.5, 2, 13, 3], "texture": "#308_hunting_rifle_3"},
				"south": {"uv": [7, 2, 8, 3], "texture": "#308_hunting_rifle_3"},
				"west": {"uv": [3, 2, 11.5, 3], "texture": "#308_hunting_rifle_3"},
				"up": {"uv": [7, 3, 8, 11.5], "texture": "#308_hunting_rifle_3"},
				"down": {"uv": [9, 11.5, 8, 3], "texture": "#308_hunting_rifle_3"}
			}
		},
		{
			"name": "4",
			"from": [6.8, 13.8, 19.6],
			"to": [7.6, 14.6, 20],
			"faces": {
				"north": {"uv": [8, 2, 9, 3], "texture": "#308_hunting_rifle_4"},
				"east": {"uv": [4.5, 2, 13, 3], "texture": "#308_hunting_rifle_4"},
				"south": {"uv": [7, 2, 8, 3], "texture": "#308_hunting_rifle_4"},
				"west": {"uv": [3, 2, 11.5, 3], "texture": "#308_hunting_rifle_4"},
				"up": {"uv": [7, 3, 8, 11.5], "texture": "#308_hunting_rifle_4"},
				"down": {"uv": [9, 11.5, 8, 3], "texture": "#308_hunting_rifle_4"}
			}
		},
		{
			"name": "2",
			"from": [9.1, 8.4, 15.4],
			"to": [9.9, 9.2, 16.2],
			"rotation": {"angle": 22.5, "axis": "z", "origin": [9.1, 9.2, 15.4]},
			"faces": {
				"north": {"uv": [7.5, 6.5, 8.5, 7.5], "texture": "#308_hunting_rifle_2"},
				"east": {"uv": [3, 6.5, 4, 7.5], "texture": "#308_hunting_rifle_2"},
				"south": {"uv": [7.5, 6.5, 8.5, 7.5], "texture": "#308_hunting_rifle_2"},
				"west": {"uv": [12, 6.5, 13, 7.5], "texture": "#308_hunting_rifle_2"},
				"up": {"uv": [7.5, 12, 8.5, 13], "texture": "#308_hunting_rifle_2"},
				"down": {"uv": [8.5, 13, 7.5, 12], "texture": "#308_hunting_rifle_2"}
			}
		},
		{
			"name": "1",
			"from": [7.2, 3.8, 22.65],
			"to": [8.8, 4.6, 29.2],
			"faces": {
				"north": {"uv": [7, 7, 9, 9], "texture": "#308_hunting_rifle_1"},
				"east": {"uv": [4, 7, 16, 9], "texture": "#308_hunting_rifle_1"},
				"south": {"uv": [7, 7, 9, 9], "texture": "#308_hunting_rifle_1"},
				"west": {"uv": [0, 7, 12, 9], "texture": "#308_hunting_rifle_1"},
				"up": {"uv": [7, 0, 9, 12], "texture": "#308_hunting_rifle_1"},
				"down": {"uv": [9, 12, 7, 0], "texture": "#308_hunting_rifle_1"}
			}
		},
		{
			"name": "1",
			"from": [7.2, 4.6, 20.8],
			"to": [8.8, 5.4, 29.2],
			"faces": {
				"north": {"uv": [7, 7, 9, 9], "texture": "#308_hunting_rifle_1"},
				"east": {"uv": [4, 7, 16, 9], "texture": "#308_hunting_rifle_1"},
				"south": {"uv": [7, 7, 9, 9], "texture": "#308_hunting_rifle_1"},
				"west": {"uv": [0, 7, 12, 9], "texture": "#308_hunting_rifle_1"},
				"up": {"uv": [7, 0, 9, 12], "texture": "#308_hunting_rifle_1"},
				"down": {"uv": [9, 12, 7, 0], "texture": "#308_hunting_rifle_1"}
			}
		},
		{
			"name": "1",
			"from": [7.2, 5.3, 19.6],
			"to": [8.8, 6.2, 29.2],
			"faces": {
				"north": {"uv": [7, 7, 9, 9], "texture": "#308_hunting_rifle_1"},
				"east": {"uv": [4, 7, 16, 9], "texture": "#308_hunting_rifle_1"},
				"south": {"uv": [7, 7, 9, 9], "texture": "#308_hunting_rifle_1"},
				"west": {"uv": [0, 7, 12, 9], "texture": "#308_hunting_rifle_1"},
				"up": {"uv": [7, 0, 9, 12], "texture": "#308_hunting_rifle_1"},
				"down": {"uv": [9, 12, 7, 0], "texture": "#308_hunting_rifle_1"}
			}
		},
		{
			"name": "1",
			"from": [7.2, 6.2, 20],
			"to": [8.8, 9, 29.2],
			"faces": {
				"north": {"uv": [7, 7, 9, 9], "texture": "#308_hunting_rifle_1"},
				"east": {"uv": [4, 7, 16, 9], "texture": "#308_hunting_rifle_1"},
				"south": {"uv": [7, 7, 9, 9], "texture": "#308_hunting_rifle_1"},
				"west": {"uv": [0, 7, 12, 9], "texture": "#308_hunting_rifle_1"},
				"up": {"uv": [7, 0, 9, 12], "texture": "#308_hunting_rifle_1"},
				"down": {"uv": [9, 12, 7, 0], "texture": "#308_hunting_rifle_1"}
			}
		},
		{
			"name": "1",
			"from": [7.65, 8.9, 19.2],
			"to": [8.45, 10.1, 29.2],
			"rotation": {"angle": -22.5, "axis": "z", "origin": [7.65, 10.1, 19.2]},
			"faces": {
				"north": {"uv": [7, 7, 9, 9], "texture": "#308_hunting_rifle_1"},
				"east": {"uv": [4, 7, 16, 9], "texture": "#308_hunting_rifle_1"},
				"south": {"uv": [7, 7, 9, 9], "texture": "#308_hunting_rifle_1"},
				"west": {"uv": [0, 7, 12, 9], "texture": "#308_hunting_rifle_1"},
				"up": {"uv": [7, 0, 9, 12], "texture": "#308_hunting_rifle_1"},
				"down": {"uv": [9, 12, 7, 0], "texture": "#308_hunting_rifle_1"}
			}
		},
		{
			"name": "1",
			"from": [7.608, 8.592, 19.2],
			"to": [8.408, 9.792, 29.2],
			"rotation": {"angle": 22.5, "axis": "z", "origin": [7.608, 9.792, 19.2]},
			"faces": {
				"north": {"uv": [7, 7, 9, 9], "texture": "#308_hunting_rifle_1"},
				"east": {"uv": [4, 7, 16, 9], "texture": "#308_hunting_rifle_1"},
				"south": {"uv": [7, 7, 9, 9], "texture": "#308_hunting_rifle_1"},
				"west": {"uv": [0, 7, 12, 9], "texture": "#308_hunting_rifle_1"},
				"up": {"uv": [7, 0, 9, 12], "texture": "#308_hunting_rifle_1"},
				"down": {"uv": [9, 12, 7, 0], "texture": "#308_hunting_rifle_1"}
			}
		},
		{
			"name": "1",
			"from": [7.65, 9.7, 19.2],
			"to": [8.35, 10.1, 29.2],
			"faces": {
				"north": {"uv": [7, 7, 9, 9], "texture": "#308_hunting_rifle_1"},
				"east": {"uv": [4, 7, 16, 9], "texture": "#308_hunting_rifle_1"},
				"south": {"uv": [7, 7, 9, 9], "texture": "#308_hunting_rifle_1"},
				"west": {"uv": [0, 7, 12, 9], "texture": "#308_hunting_rifle_1"},
				"up": {"uv": [7, 0, 9, 12], "texture": "#308_hunting_rifle_1"},
				"down": {"uv": [9, 12, 7, 0], "texture": "#308_hunting_rifle_1"}
			}
		},
		{
			"name": "3",
			"from": [6.808, 13.816, 14.4],
			"to": [7.358, 14.216, 16],
			"rotation": {"angle": 45, "axis": "z", "origin": [6.808, 14.216, 14.4]},
			"faces": {
				"north": {"uv": [8, 2, 9, 3], "texture": "#308_hunting_rifle_3"},
				"east": {"uv": [4.5, 2, 13, 3], "texture": "#308_hunting_rifle_3"},
				"south": {"uv": [7, 2, 8, 3], "texture": "#308_hunting_rifle_3"},
				"west": {"uv": [3, 2, 11.5, 3], "texture": "#308_hunting_rifle_3"},
				"up": {"uv": [7, 3, 8, 11.5], "texture": "#308_hunting_rifle_3"},
				"down": {"uv": [9, 11.5, 8, 3], "texture": "#308_hunting_rifle_3"}
			}
		},
		{
			"name": "3",
			"from": [8.8, 14.2, 14.4],
			"to": [9.35, 14.6, 16],
			"rotation": {"angle": -45, "axis": "z", "origin": [8.8, 14.6, 14.4]},
			"faces": {
				"north": {"uv": [8, 2, 9, 3], "texture": "#308_hunting_rifle_3"},
				"east": {"uv": [4.5, 2, 13, 3], "texture": "#308_hunting_rifle_3"},
				"south": {"uv": [7, 2, 8, 3], "texture": "#308_hunting_rifle_3"},
				"west": {"uv": [3, 2, 11.5, 3], "texture": "#308_hunting_rifle_3"},
				"up": {"uv": [7, 3, 8, 11.5], "texture": "#308_hunting_rifle_3"},
				"down": {"uv": [9, 11.5, 8, 3], "texture": "#308_hunting_rifle_3"}
			}
		},
		{
			"name": "3",
			"from": [7.084, 12.468, 14.4],
			"to": [7.634, 12.868, 16],
			"rotation": {"angle": -45, "axis": "z", "origin": [7.084, 12.868, 14.4]},
			"faces": {
				"north": {"uv": [8, 2, 9, 3], "texture": "#308_hunting_rifle_3"},
				"east": {"uv": [4.5, 2, 13, 3], "texture": "#308_hunting_rifle_3"},
				"south": {"uv": [7, 2, 8, 3], "texture": "#308_hunting_rifle_3"},
				"west": {"uv": [3, 2, 11.5, 3], "texture": "#308_hunting_rifle_3"},
				"up": {"uv": [7, 3, 8, 11.5], "texture": "#308_hunting_rifle_3"},
				"down": {"uv": [9, 11.5, 8, 3], "texture": "#308_hunting_rifle_3"}
			}
		},
		{
			"name": "3",
			"from": [8.518, 12.084, 14.4],
			"to": [9.068, 12.484, 16],
			"rotation": {"angle": 45, "axis": "z", "origin": [8.518, 12.484, 14.4]},
			"faces": {
				"north": {"uv": [8, 2, 9, 3], "texture": "#308_hunting_rifle_3"},
				"east": {"uv": [4.5, 2, 13, 3], "texture": "#308_hunting_rifle_3"},
				"south": {"uv": [7, 2, 8, 3], "texture": "#308_hunting_rifle_3"},
				"west": {"uv": [3, 2, 11.5, 3], "texture": "#308_hunting_rifle_3"},
				"up": {"uv": [7, 3, 8, 11.5], "texture": "#308_hunting_rifle_3"},
				"down": {"uv": [9, 11.5, 8, 3], "texture": "#308_hunting_rifle_3"}
			}
		},
		{
			"name": "3",
			"from": [7.2, 13.7, 6.4],
			"to": [7.5, 14, 14.4],
			"rotation": {"angle": 45, "axis": "z", "origin": [7.2, 14, 6.4]},
			"faces": {
				"north": {"uv": [8, 2, 9, 3], "texture": "#308_hunting_rifle_3"},
				"east": {"uv": [4.5, 2, 13, 3], "texture": "#308_hunting_rifle_3"},
				"south": {"uv": [7, 2, 8, 3], "texture": "#308_hunting_rifle_3"},
				"west": {"uv": [3, 2, 11.5, 3], "texture": "#308_hunting_rifle_3"},
				"up": {"uv": [7, 3, 8, 11.5], "texture": "#308_hunting_rifle_3"},
				"down": {"uv": [9, 11.5, 8, 3], "texture": "#308_hunting_rifle_3"}
			}
		},
		{
			"name": "3",
			"from": [8.6, 13.9, 6.4],
			"to": [8.9, 14.2, 14.4],
			"rotation": {"angle": -45, "axis": "z", "origin": [8.6, 14.2, 6.4]},
			"faces": {
				"north": {"uv": [8, 2, 9, 3], "texture": "#308_hunting_rifle_3"},
				"east": {"uv": [4.5, 2, 13, 3], "texture": "#308_hunting_rifle_3"},
				"south": {"uv": [7, 2, 8, 3], "texture": "#308_hunting_rifle_3"},
				"west": {"uv": [3, 2, 11.5, 3], "texture": "#308_hunting_rifle_3"},
				"up": {"uv": [7, 3, 8, 11.5], "texture": "#308_hunting_rifle_3"},
				"down": {"uv": [9, 11.5, 8, 3], "texture": "#308_hunting_rifle_3"}
			}
		},
		{
			"name": "3",
			"from": [7.448, 12.684, 6.4],
			"to": [7.748, 12.984, 14.4],
			"rotation": {"angle": -45, "axis": "z", "origin": [7.448, 12.984, 6.4]},
			"faces": {
				"north": {"uv": [8, 2, 9, 3], "texture": "#308_hunting_rifle_3"},
				"east": {"uv": [4.5, 2, 13, 3], "texture": "#308_hunting_rifle_3"},
				"south": {"uv": [7, 2, 8, 3], "texture": "#308_hunting_rifle_3"},
				"west": {"uv": [3, 2, 11.5, 3], "texture": "#308_hunting_rifle_3"},
				"up": {"uv": [7, 3, 8, 11.5], "texture": "#308_hunting_rifle_3"},
				"down": {"uv": [9, 11.5, 8, 3], "texture": "#308_hunting_rifle_3"}
			}
		},
		{
			"name": "3",
			"from": [8.376, 12.508, 6.4],
			"to": [8.676, 12.808, 14.4],
			"rotation": {"angle": 45, "axis": "z", "origin": [8.376, 12.808, 6.4]},
			"faces": {
				"north": {"uv": [8, 2, 9, 3], "texture": "#308_hunting_rifle_3"},
				"east": {"uv": [4.5, 2, 13, 3], "texture": "#308_hunting_rifle_3"},
				"south": {"uv": [7, 2, 8, 3], "texture": "#308_hunting_rifle_3"},
				"west": {"uv": [3, 2, 11.5, 3], "texture": "#308_hunting_rifle_3"},
				"up": {"uv": [7, 3, 8, 11.5], "texture": "#308_hunting_rifle_3"},
				"down": {"uv": [9, 11.5, 8, 3], "texture": "#308_hunting_rifle_3"}
			}
		},
		{
			"from": [7.43773, 7.1, 4.70444],
			"to": [8.57773, 7.48, 7.74444],
			"rotation": {"angle": 0, "axis": "y", "origin": [4.96, 4.96, 4.96]},
			"faces": {
				"north": {"uv": [0, 0, 3, 1], "texture": "#0"},
				"east": {"uv": [0, 0, 1, 16], "rotation": 90, "texture": "#0"},
				"south": {"uv": [0, 0, 3, 1], "rotation": 180, "texture": "#0"},
				"west": {"uv": [0, 0, 1, 16], "rotation": 270, "texture": "#0"},
				"up": {"uv": [0, 0, 3, 16], "texture": "#0"},
				"down": {"uv": [0, 0, 3, 16], "rotation": 180, "texture": "#0"}
			}
		},
		{
			"from": [7.05773, 6.72, 4.70444],
			"to": [8.95773, 7.1, 7.74444],
			"rotation": {"angle": 0, "axis": "y", "origin": [4.96, 4.96, 4.96]},
			"faces": {
				"north": {"uv": [0, 0, 5, 1], "texture": "#0"},
				"east": {"uv": [0, 0, 1, 16], "rotation": 90, "texture": "#0"},
				"south": {"uv": [0, 0, 5, 1], "rotation": 180, "texture": "#0"},
				"west": {"uv": [0, 0, 1, 16], "rotation": 270, "texture": "#0"},
				"up": {"uv": [0, 0, 5, 16], "texture": "#0"},
				"down": {"uv": [0, 0, 5, 16], "rotation": 180, "texture": "#0"}
			}
		},
		{
			"from": [7.05773, 6.34, 4.70444],
			"to": [7.81773, 6.72, 7.74444],
			"rotation": {"angle": 0, "axis": "y", "origin": [4.96, 4.96, 4.96]},
			"faces": {
				"north": {"uv": [0, 0, 2, 1], "texture": "#0"},
				"east": {"uv": [0, 0, 1, 16], "rotation": 90, "texture": "#0"},
				"south": {"uv": [0, 0, 2, 1], "rotation": 180, "texture": "#0"},
				"west": {"uv": [0, 0, 1, 16], "rotation": 270, "texture": "#0"},
				"up": {"uv": [0, 0, 2, 16], "texture": "#0"},
				"down": {"uv": [0, 0, 2, 16], "rotation": 180, "texture": "#0"}
			}
		},
		{
			"from": [8.19773, 6.34, 4.70444],
			"to": [8.95773, 6.72, 7.74444],
			"rotation": {"angle": 0, "axis": "y", "origin": [4.96, 4.96, 4.96]},
			"faces": {
				"north": {"uv": [0, 0, 2, 1], "texture": "#0"},
				"east": {"uv": [0, 0, 1, 16], "rotation": 90, "texture": "#0"},
				"south": {"uv": [0, 0, 2, 1], "rotation": 180, "texture": "#0"},
				"west": {"uv": [0, 0, 1, 16], "rotation": 270, "texture": "#0"},
				"up": {"uv": [0, 0, 2, 16], "texture": "#0"},
				"down": {"uv": [0, 0, 2, 16], "rotation": 180, "texture": "#0"}
			}
		},
		{
			"from": [7.43773, 5.58, 4.70444],
			"to": [8.57773, 5.96, 7.74444],
			"rotation": {"angle": 0, "axis": "y", "origin": [4.96, 4.96, 4.96]},
			"faces": {
				"north": {"uv": [0, 0, 3, 1], "texture": "#0"},
				"east": {"uv": [0, 0, 1, 16], "rotation": 90, "texture": "#0"},
				"south": {"uv": [0, 0, 3, 1], "rotation": 180, "texture": "#0"},
				"west": {"uv": [0, 0, 1, 16], "rotation": 270, "texture": "#0"},
				"up": {"uv": [0, 0, 3, 16], "texture": "#0"},
				"down": {"uv": [0, 0, 3, 16], "rotation": 180, "texture": "#0"}
			}
		},
		{
			"from": [7.05773, 5.96, 4.70444],
			"to": [8.95773, 6.34, 7.74444],
			"rotation": {"angle": 0, "axis": "y", "origin": [4.96, 4.96, 4.96]},
			"faces": {
				"north": {"uv": [0, 0, 5, 1], "texture": "#0"},
				"east": {"uv": [0, 0, 1, 16], "rotation": 90, "texture": "#0"},
				"south": {"uv": [0, 0, 5, 1], "rotation": 180, "texture": "#0"},
				"west": {"uv": [0, 0, 1, 16], "rotation": 270, "texture": "#0"},
				"up": {"uv": [0, 0, 5, 16], "texture": "#0"},
				"down": {"uv": [0, 0, 5, 16], "rotation": 180, "texture": "#0"}
			}
		},
		{
			"from": [7.05773, 5.96, -0.99556],
			"to": [8.95773, 6.34, 0.90444],
			"rotation": {"angle": 0, "axis": "y", "origin": [4.96, 4.96, 4.96]},
			"faces": {
				"north": {"uv": [0, 0, 5, 1], "texture": "#0"},
				"east": {"uv": [0, 0, 1, 16], "rotation": 90, "texture": "#0"},
				"south": {"uv": [0, 0, 5, 1], "rotation": 180, "texture": "#0"},
				"west": {"uv": [0, 0, 1, 16], "rotation": 270, "texture": "#0"},
				"up": {"uv": [0, 0, 5, 16], "texture": "#0"},
				"down": {"uv": [0, 0, 5, 16], "rotation": 180, "texture": "#0"}
			}
		},
		{
			"from": [7.43773, 7.1, -0.99556],
			"to": [8.57773, 7.48, 0.90444],
			"rotation": {"angle": 0, "axis": "y", "origin": [4.96, 4.96, 4.96]},
			"faces": {
				"north": {"uv": [0, 0, 3, 1], "texture": "#0"},
				"east": {"uv": [0, 0, 1, 16], "rotation": 90, "texture": "#0"},
				"south": {"uv": [0, 0, 3, 1], "rotation": 180, "texture": "#0"},
				"west": {"uv": [0, 0, 1, 16], "rotation": 270, "texture": "#0"},
				"up": {"uv": [0, 0, 3, 16], "texture": "#0"},
				"down": {"uv": [0, 0, 3, 16], "rotation": 180, "texture": "#0"}
			}
		},
		{
			"from": [7.05773, 6.72, -0.99556],
			"to": [8.95773, 7.1, 0.90444],
			"rotation": {"angle": 0, "axis": "y", "origin": [4.96, 4.96, 4.96]},
			"faces": {
				"north": {"uv": [0, 0, 5, 1], "texture": "#0"},
				"east": {"uv": [0, 0, 1, 16], "rotation": 90, "texture": "#0"},
				"south": {"uv": [0, 0, 5, 1], "rotation": 180, "texture": "#0"},
				"west": {"uv": [0, 0, 1, 16], "rotation": 270, "texture": "#0"},
				"up": {"uv": [0, 0, 5, 16], "texture": "#0"},
				"down": {"uv": [0, 0, 5, 16], "rotation": 180, "texture": "#0"}
			}
		},
		{
			"from": [7.05773, 6.34, -0.99556],
			"to": [7.81773, 6.72, 0.90444],
			"rotation": {"angle": 0, "axis": "y", "origin": [4.96, 4.96, 4.96]},
			"faces": {
				"north": {"uv": [0, 0, 2, 1], "texture": "#0"},
				"east": {"uv": [0, 0, 1, 16], "rotation": 90, "texture": "#0"},
				"south": {"uv": [0, 0, 2, 1], "rotation": 180, "texture": "#0"},
				"west": {"uv": [0, 0, 1, 16], "rotation": 270, "texture": "#0"},
				"up": {"uv": [0, 0, 2, 16], "texture": "#0"},
				"down": {"uv": [0, 0, 2, 16], "rotation": 180, "texture": "#0"}
			}
		},
		{
			"from": [8.19773, 6.34, -0.99556],
			"to": [8.95773, 6.72, 0.90444],
			"rotation": {"angle": 0, "axis": "y", "origin": [4.96, 4.96, 4.96]},
			"faces": {
				"north": {"uv": [0, 0, 2, 1], "texture": "#0"},
				"east": {"uv": [0, 0, 1, 16], "rotation": 90, "texture": "#0"},
				"south": {"uv": [0, 0, 2, 1], "rotation": 180, "texture": "#0"},
				"west": {"uv": [0, 0, 1, 16], "rotation": 270, "texture": "#0"},
				"up": {"uv": [0, 0, 2, 16], "texture": "#0"},
				"down": {"uv": [0, 0, 2, 16], "rotation": 180, "texture": "#0"}
			}
		},
		{
			"from": [7.43773, 5.58, -0.99556],
			"to": [8.57773, 5.96, 0.90444],
			"rotation": {"angle": 0, "axis": "y", "origin": [4.96, 4.96, 4.96]},
			"faces": {
				"north": {"uv": [0, 0, 3, 1], "texture": "#0"},
				"east": {"uv": [0, 0, 1, 16], "rotation": 90, "texture": "#0"},
				"south": {"uv": [0, 0, 3, 1], "rotation": 180, "texture": "#0"},
				"west": {"uv": [0, 0, 1, 16], "rotation": 270, "texture": "#0"},
				"up": {"uv": [0, 0, 3, 16], "texture": "#0"},
				"down": {"uv": [0, 0, 3, 16], "rotation": 180, "texture": "#0"}
			}
		},
		{
			"from": [7.43773, 5.71511, -1.13911],
			"to": [8.57773, 5.96, -0.99556],
			"rotation": {"angle": 0, "axis": "y", "origin": [4.96, 4.96, 4.96]},
			"faces": {
				"north": {"uv": [0, 0, 3, 1], "texture": "#0"},
				"east": {"uv": [0, 0, 1, 16], "rotation": 90, "texture": "#0"},
				"south": {"uv": [0, 0, 3, 1], "rotation": 180, "texture": "#0"},
				"west": {"uv": [0, 0, 1, 16], "rotation": 270, "texture": "#0"},
				"up": {"uv": [0, 0, 3, 16], "texture": "#0"},
				"down": {"uv": [0, 0, 3, 16], "rotation": 180, "texture": "#0"}
			}
		},
		{
			"from": [8.19773, 6.34, -1.13911],
			"to": [8.95773, 6.72, -0.99556],
			"rotation": {"angle": 0, "axis": "y", "origin": [4.96, 4.96, 4.96]},
			"faces": {
				"north": {"uv": [0, 0, 2, 1], "texture": "#0"},
				"east": {"uv": [0, 0, 1, 16], "rotation": 90, "texture": "#0"},
				"south": {"uv": [0, 0, 2, 1], "rotation": 180, "texture": "#0"},
				"west": {"uv": [0, 0, 1, 16], "rotation": 270, "texture": "#0"},
				"up": {"uv": [0, 0, 2, 16], "texture": "#0"},
				"down": {"uv": [0, 0, 2, 16], "rotation": 180, "texture": "#0"}
			}
		},
		{
			"from": [7.05773, 6.34, -1.13911],
			"to": [7.81773, 6.72, -0.99556],
			"rotation": {"angle": 0, "axis": "y", "origin": [4.96, 4.96, 4.96]},
			"faces": {
				"north": {"uv": [0, 0, 2, 1], "texture": "#0"},
				"east": {"uv": [0, 0, 1, 16], "rotation": 90, "texture": "#0"},
				"south": {"uv": [0, 0, 2, 1], "rotation": 180, "texture": "#0"},
				"west": {"uv": [0, 0, 1, 16], "rotation": 270, "texture": "#0"},
				"up": {"uv": [0, 0, 2, 16], "texture": "#0"},
				"down": {"uv": [0, 0, 2, 16], "rotation": 180, "texture": "#0"}
			}
		},
		{
			"from": [7.19285, 6.72, -1.13911],
			"to": [8.82262, 7.1, -0.99556],
			"rotation": {"angle": 0, "axis": "y", "origin": [4.96, 4.96, 4.96]},
			"faces": {
				"north": {"uv": [0, 0, 5, 1], "texture": "#0"},
				"east": {"uv": [0, 0, 1, 16], "rotation": 90, "texture": "#0"},
				"south": {"uv": [0, 0, 5, 1], "rotation": 180, "texture": "#0"},
				"west": {"uv": [0, 0, 1, 16], "rotation": 270, "texture": "#0"},
				"up": {"uv": [0, 0, 5, 16], "texture": "#0"},
				"down": {"uv": [0, 0, 5, 16], "rotation": 180, "texture": "#0"}
			}
		},
		{
			"from": [7.43773, 7.1, -1.13911],
			"to": [8.57773, 7.34489, -0.99556],
			"rotation": {"angle": 0, "axis": "y", "origin": [4.96, 4.96, 4.96]},
			"faces": {
				"north": {"uv": [0, 0, 3, 1], "texture": "#0"},
				"east": {"uv": [0, 0, 1, 16], "rotation": 90, "texture": "#0"},
				"south": {"uv": [0, 0, 3, 1], "rotation": 180, "texture": "#0"},
				"west": {"uv": [0, 0, 1, 16], "rotation": 270, "texture": "#0"},
				"up": {"uv": [0, 0, 3, 16], "texture": "#0"},
				"down": {"uv": [0, 0, 3, 16], "rotation": 180, "texture": "#0"}
			}
		},
		{
			"from": [7.19285, 5.96, -1.13911],
			"to": [8.82262, 6.34, -0.99556],
			"rotation": {"angle": 0, "axis": "y", "origin": [4.96, 4.96, 4.96]},
			"faces": {
				"north": {"uv": [0, 0, 5, 1], "texture": "#0"},
				"east": {"uv": [0, 0, 1, 16], "rotation": 90, "texture": "#0"},
				"south": {"uv": [0, 0, 5, 1], "rotation": 180, "texture": "#0"},
				"west": {"uv": [0, 0, 1, 16], "rotation": 270, "texture": "#0"},
				"up": {"uv": [0, 0, 5, 16], "texture": "#0"},
				"down": {"uv": [0, 0, 5, 16], "rotation": 180, "texture": "#0"}
			}
		},
		{
			"from": [7.81773, 5.96, 0.14444],
			"to": [8.19773, 6.34, 4.70444],
			"rotation": {"angle": 0, "axis": "y", "origin": [4.96, 4.96, 4.96]},
			"faces": {
				"north": {"uv": [0, 0, 5, 1], "texture": "#0"},
				"east": {"uv": [0, 0, 1, 16], "rotation": 90, "texture": "#0"},
				"south": {"uv": [0, 0, 5, 1], "rotation": 180, "texture": "#0"},
				"west": {"uv": [0, 0, 1, 16], "rotation": 270, "texture": "#0"},
				"up": {"uv": [0, 0, 5, 16], "texture": "#0"},
				"down": {"uv": [0, 0, 5, 16], "rotation": 180, "texture": "#0"}
			}
		},
		{
			"from": [7.81773, 6.72, 0.14444],
			"to": [8.19773, 7.1, 4.70444],
			"rotation": {"angle": 0, "axis": "y", "origin": [4.96, 4.96, 4.96]},
			"faces": {
				"north": {"uv": [0, 0, 5, 1], "texture": "#0"},
				"east": {"uv": [0, 0, 1, 16], "rotation": 90, "texture": "#0"},
				"south": {"uv": [0, 0, 5, 1], "rotation": 180, "texture": "#0"},
				"west": {"uv": [0, 0, 1, 16], "rotation": 270, "texture": "#0"},
				"up": {"uv": [0, 0, 5, 16], "texture": "#0"},
				"down": {"uv": [0, 0, 5, 16], "rotation": 180, "texture": "#0"}
			}
		},
		{
			"from": [7.05773, 5.58, 0.14444],
			"to": [8.95773, 5.96, 4.70444],
			"rotation": {"angle": 0, "axis": "y", "origin": [4.96, 4.96, 4.96]},
			"faces": {
				"north": {"uv": [0, 0, 5, 1], "texture": "#0"},
				"east": {"uv": [0, 0, 1, 16], "rotation": 90, "texture": "#0"},
				"south": {"uv": [0, 0, 5, 1], "rotation": 180, "texture": "#0"},
				"west": {"uv": [0, 0, 1, 16], "rotation": 270, "texture": "#0"},
				"up": {"uv": [0, 0, 5, 16], "texture": "#0"},
				"down": {"uv": [0, 0, 5, 16], "rotation": 180, "texture": "#0"}
			}
		},
		{
			"from": [7.43773, 7.48, 0.14444],
			"to": [8.57773, 7.86, 4.70444],
			"rotation": {"angle": 0, "axis": "y", "origin": [4.96, 4.96, 4.96]},
			"faces": {
				"north": {"uv": [0, 0, 3, 1], "texture": "#0"},
				"east": {"uv": [0, 0, 1, 16], "rotation": 90, "texture": "#0"},
				"south": {"uv": [0, 0, 3, 1], "rotation": 180, "texture": "#0"},
				"west": {"uv": [0, 0, 1, 16], "rotation": 270, "texture": "#0"},
				"up": {"uv": [0, 0, 3, 16], "texture": "#0"},
				"down": {"uv": [0, 0, 3, 16], "rotation": 180, "texture": "#0"}
			}
		},
		{
			"from": [7.05773, 7.1, 0.14444],
			"to": [8.95773, 7.48, 4.70444],
			"rotation": {"angle": 0, "axis": "y", "origin": [4.96, 4.96, 4.96]},
			"faces": {
				"north": {"uv": [0, 0, 5, 1], "texture": "#0"},
				"east": {"uv": [0, 0, 1, 16], "rotation": 90, "texture": "#0"},
				"south": {"uv": [0, 0, 5, 1], "rotation": 180, "texture": "#0"},
				"west": {"uv": [0, 0, 1, 16], "rotation": 270, "texture": "#0"},
				"up": {"uv": [0, 0, 5, 16], "texture": "#0"},
				"down": {"uv": [0, 0, 5, 16], "rotation": 180, "texture": "#0"}
			}
		},
		{
			"from": [6.67773, 5.96, 0.14444],
			"to": [7.81773, 7.1, 4.70444],
			"rotation": {"angle": 0, "axis": "y", "origin": [4.96, 4.96, 4.96]},
			"faces": {
				"north": {"uv": [0, 0, 2, 1], "texture": "#0"},
				"east": {"uv": [0, 0, 1, 16], "rotation": 90, "texture": "#0"},
				"south": {"uv": [0, 0, 2, 1], "rotation": 180, "texture": "#0"},
				"west": {"uv": [0, 0, 1, 16], "rotation": 270, "texture": "#0"},
				"up": {"uv": [0, 0, 2, 16], "texture": "#0"},
				"down": {"uv": [0, 0, 2, 16], "rotation": 180, "texture": "#0"}
			}
		},
		{
			"from": [8.19773, 5.96, 0.14444],
			"to": [9.33773, 7.1, 4.70444],
			"rotation": {"angle": 0, "axis": "y", "origin": [4.96, 4.96, 4.96]},
			"faces": {
				"north": {"uv": [0, 0, 2, 1], "texture": "#0"},
				"east": {"uv": [0, 0, 1, 16], "rotation": 90, "texture": "#0"},
				"south": {"uv": [0, 0, 2, 1], "rotation": 180, "texture": "#0"},
				"west": {"uv": [0, 0, 1, 16], "rotation": 270, "texture": "#0"},
				"up": {"uv": [0, 0, 2, 16], "texture": "#0"},
				"down": {"uv": [0, 0, 2, 16], "rotation": 180, "texture": "#0"}
			}
		},
		{
			"from": [7.43773, 5.2, 0.14444],
			"to": [8.57773, 5.58, 4.70444],
			"rotation": {"angle": 0, "axis": "y", "origin": [4.96, 4.96, 4.96]},
			"faces": {
				"north": {"uv": [0, 0, 3, 1], "texture": "#0"},
				"east": {"uv": [0, 0, 1, 16], "rotation": 90, "texture": "#0"},
				"south": {"uv": [0, 0, 3, 1], "rotation": 180, "texture": "#0"},
				"west": {"uv": [0, 0, 1, 16], "rotation": 270, "texture": "#0"},
				"up": {"uv": [0, 0, 3, 16], "texture": "#0"},
				"down": {"uv": [0, 0, 3, 16], "rotation": 180, "texture": "#0"}
			}
		},
		{
			"from": [7.81773, 6.34, -1.37556],
			"to": [8.19773, 6.72, -0.99556],
			"rotation": {"angle": 0, "axis": "y", "origin": [4.96, 4.96, 4.96]},
			"faces": {
				"north": {"uv": [0, 0, 1, 1], "texture": "#1"},
				"east": {"uv": [0, 0, 1, 1], "texture": "#1"},
				"south": {"uv": [0, 0, 1, 1], "texture": "#1"},
				"west": {"uv": [0, 0, 1, 1], "texture": "#1"},
				"up": {"uv": [0, 0, 1, 1], "rotation": 180, "texture": "#1"},
				"down": {"uv": [0, 0, 1, 1], "rotation": 180, "texture": "#1"}
			}
		}
	],
	"gui_light": "front",
	"display": {
		"thirdperson_righthand": {
			"translation": [0, 0.7, -2],
			"scale": [0.6, 0.6, 0.6]
		},
		"thirdperson_lefthand": {
			"translation": [0, 0.75, -2.45],
			"scale": [0.6, 0.6, 0.6]
		},
		"firstperson_righthand": {
			"rotation": [6, 0, 0],
			"translation": [-8.75, -1.5, -2.75]
		},
		"firstperson_lefthand": {
			"rotation": [7, 0, 1.5],
			"translation": [-9, 1.75, 17]
		},
		"ground": {
			"scale": [0.6, 0.6, 0.6]
		},
		"gui": {
			"rotation": [-48.25, 133.75, 52.25],
			"scale": [0.4, 0.4, 0.4]
		},
		"head": {
			"rotation": [45, 90, 0],
			"translation": [0, -7.5, 2.5]
		},
		"fixed": {
			"rotation": [0, 90, 0],
			"scale": [0.5, 0.5, 0.5]
		}
	},
	"groups": [
		0,
		1,
		2,
		3,
		4,
		5,
		6,
		7,
		8,
		9,
		10,
		11,
		12,
		13,
		14,
		15,
		16,
		17,
		18,
		19,
		20,
		21,
		22,
		23,
		24,
		25,
		26,
		27,
		28,
		29,
		30,
		31,
		32,
		33,
		34,
		35,
		36,
		37,
		38,
		39,
		40,
		41,
		42,
		43,
		44,
		45,
		46,
		47,
		48,
		49,
		50,
		51,
		52,
		53,
		54,
		55,
		56,
		57,
		58,
		59,
		60,
		61,
		62,
		63,
		64,
		65,
		66,
		67,
		68,
		69,
		70,
		71,
		72,
		73,
		74,
		75,
		76,
		77,
		78,
		79,
		80,
		81,
		82,
		83,
		84,
		85,
		86,
		87,
		88,
		89,
		90,
		91,
		92,
		93,
		94,
		95,
		96,
		97,
		98,
		99,
		100,
		101,
		102,
		103,
		104,
		105,
		106,
		107,
		108,
		109,
		110,
		111,
		112,
		113,
		114,
		115,
		116,
		117,
		118,
		{
			"name": "lasersight",
			"origin": [8, 8, 8],
			"color": 0,
			"children": [119, 120, 121, 122, 123, 124, 125, 126, 127, 128, 129, 130, 131, 132, 133, 134, 135, 136, 137, 138, 139, 140, 141, 142, 143, 144, 145]
		}
	]
}