{
	"format_version": "1.21.11",
	"credit": "Made with Blockbench",
	"textures": {
		"4": "3d/ar_15_2",
		"particle": "3d/ar_15_2",
		"308_hunting_rifle_1": "3d/308_hunting_rifle_1",
		"308_hunting_rifle_2": "3d/308_hunting_rifle_2",
		"308_hunting_rifle_3": "3d/308_hunting_rifle_3",
		"particle": "3d/308_hunting_rifle_3",
		"308_hunting_rifle_4": "3d/308_hunting_rifle_4"
	},
	"elements": [
		{
			"name": "1",
			"from": [7.6, 4.3, 6],
			"to": [8.4, 5.1, 15.8],
			"rotation": {"angle": 0, "axis": "y", "origin": [4, 0, 8]},
			"faces": {
				"north": {"uv": [7, 7, 9, 9], "texture": "#308_hunting_rifle_1"},
				"east": {"uv": [4, 7, 16, 9], "texture": "#308_hunting_rifle_1"},
				"south": {"uv": [7, 7, 9, 9], "texture": "#308_hunting_rifle_1"},
				"west": {"uv": [0, 7, 12, 9], "texture": "#308_hunting_rifle_1"},
				"up": {"uv": [7, 0, 9, 12], "texture": "#308_hunting_rifle_1"},
				"down": {"uv": [9, 12, 7, 0], "texture": "#308_hunting_rifle_1"}
			}
		},
		{
			"name": "1",
			"from": [7.6, 3.9, 6],
			"to": [8, 4.3, 15.6],
			"rotation": {"angle": 22.5, "axis": "z", "origin": [7.6, 4.3, 6]},
			"faces": {
				"north": {"uv": [8, 8, 9, 10], "texture": "#308_hunting_rifle_1"},
				"east": {"uv": [0, 8, 16, 10], "texture": "#308_hunting_rifle_1"},
				"south": {"uv": [7, 8, 8, 10], "texture": "#308_hunting_rifle_1"},
				"west": {"uv": [0, 8, 16, 10], "texture": "#308_hunting_rifle_1"},
				"up": {"uv": [7, 0, 8, 16], "texture": "#308_hunting_rifle_1"},
				"down": {"uv": [9, 16, 8, 0], "texture": "#308_hunting_rifle_1"}
			}
		},
		{
			"name": "1",
			"from": [8.025, 4.05, 6],
			"to": [8.425, 4.45, 15.6],
			"rotation": {"angle": -22.5, "axis": "z", "origin": [8.025, 4.45, 6]},
			"faces": {
				"north": {"uv": [8, 8, 9, 10], "texture": "#308_hunting_rifle_1"},
				"east": {"uv": [0, 8, 16, 10], "texture": "#308_hunting_rifle_1"},
				"south": {"uv": [7, 8, 8, 10], "texture": "#308_hunting_rifle_1"},
				"west": {"uv": [0, 8, 16, 10], "texture": "#308_hunting_rifle_1"},
				"up": {"uv": [7, 0, 8, 16], "texture": "#308_hunting_rifle_1"},
				"down": {"uv": [9, 16, 8, 0], "texture": "#308_hunting_rifle_1"}
			}
		},
		{
			"name": "1",
			"from": [7.775, 3.925, 6],
			"to": [8.225, 4.325, 15.6],
			"rotation": {"angle": 0, "axis": "y", "origin": [4, 0, 8]},
			"faces": {
				"north": {"uv": [8, 8, 9, 10], "texture": "#308_hunting_rifle_1"},
				"east": {"uv": [0, 8, 16, 10], "texture": "#308_hunting_rifle_1"},
				"south": {"uv": [7, 8, 8, 10], "texture": "#308_hunting_rifle_1"},
				"west": {"uv": [0, 8, 16, 10], "texture": "#308_hunting_rifle_1"},
				"up": {"uv": [7, 0, 8, 16], "texture": "#308_hunting_rifle_1"},
				"down": {"uv": [9, 16, 8, 0], "texture": "#308_hunting_rifle_1"}
			}
		},
		{
			"name": "2",
			"from": [7.9, 5.3, 1],
			"to": [8.1, 5.5, 1.6],
			"rotation": {"angle": 22.5, "axis": "x", "origin": [7.9, 5.5, 1]},
			"faces": {
				"north": {"uv": [7.5, 4.5, 8.5, 5], "texture": "#308_hunting_rifle_2"},
				"east": {"uv": [16, 4.5, 16, 5], "texture": "#308_hunting_rifle_2"},
				"south": {"uv": [7.5, 4.5, 8.5, 5], "texture": "#308_hunting_rifle_2"},
				"west": {"uv": [0, 4.5, 0, 5], "texture": "#308_hunting_rifle_2"},
				"up": {"uv": [7.5, 0, 8.5, 0], "texture": "#308_hunting_rifle_2"},
				"down": {"uv": [8.5, 0, 7.5, 0], "texture": "#308_hunting_rifle_2"}
			}
		},
		{
			"name": "2",
			"from": [7.9, 5.175, 0.4],
			"to": [8.1, 5.375, 1],
			"rotation": {"angle": -22.5, "axis": "x", "origin": [7.9, 5.375, 0.4]},
			"faces": {
				"north": {"uv": [7.5, 5.5, 8.5, 6], "texture": "#308_hunting_rifle_2"},
				"east": {"uv": [16, 5.5, 16, 6], "texture": "#308_hunting_rifle_2"},
				"south": {"uv": [7.5, 5.5, 8.5, 6], "texture": "#308_hunting_rifle_2"},
				"west": {"uv": [0, 5.5, 0, 6], "texture": "#308_hunting_rifle_2"},
				"up": {"uv": [7.5, 0, 8.5, 0], "texture": "#308_hunting_rifle_2"},
				"down": {"uv": [8.5, 0, 7.5, 0], "texture": "#308_hunting_rifle_2"}
			}
		},
		{
			"name": "2",
			"from": [7.95, 5.425, 0.675],
			"to": [8.05, 5.625, 1.075],
			"rotation": {"angle": 0, "axis": "y", "origin": [4, 0, 8]},
			"faces": {
				"north": {"uv": [7.5, 4.5, 8.5, 5], "texture": "#308_hunting_rifle_2"},
				"east": {"uv": [16, 4.5, 16, 5], "texture": "#308_hunting_rifle_2"},
				"south": {"uv": [7.5, 4.5, 8.5, 5], "texture": "#308_hunting_rifle_2"},
				"west": {"uv": [0, 4.5, 0, 5], "texture": "#308_hunting_rifle_2"},
				"up": {"uv": [7.5, 0, 8.5, 0], "texture": "#308_hunting_rifle_2"},
				"down": {"uv": [8.5, 0, 7.5, 0], "texture": "#308_hunting_rifle_2"}
			}
		},
		{
			"name": "2",
			"from": [7.8, 4.8, 0.4],
			"to": [8.2, 4.9, 10.4],
			"rotation": {"angle": 0, "axis": "y", "origin": [4, 0, 8]},
			"faces": {
				"north": {"uv": [7.5, 7.5, 8.5, 7.75], "texture": "#308_hunting_rifle_2"},
				"east": {"uv": [9, 7.5, 16, 7.75], "texture": "#308_hunting_rifle_2"},
				"south": {"uv": [7.5, 7.5, 8.5, 7.75], "texture": "#308_hunting_rifle_2"},
				"west": {"uv": [0, 7.5, 7, 7.75], "texture": "#308_hunting_rifle_2"},
				"up": {"uv": [7.5, 0, 8.5, 7], "texture": "#308_hunting_rifle_2"},
				"down": {"uv": [8.5, 7, 7.5, 0], "texture": "#308_hunting_rifle_2"}
			}
		},
		{
			"name": "2",
			"from": [7.8, 5.3, 0.4],
			"to": [8.2, 5.4, 12.4],
			"rotation": {"angle": 0, "axis": "y", "origin": [4, 0, 8]},
			"faces": {
				"north": {"uv": [7.5, 6.25, 8.5, 6.5], "texture": "#308_hunting_rifle_2"},
				"east": {"uv": [11.9375, 6.25, 16, 6.5], "texture": "#308_hunting_rifle_2"},
				"south": {"uv": [7.5, 6.25, 8.5, 6.5], "texture": "#308_hunting_rifle_2"},
				"west": {"uv": [0, 6.25, 4.0625, 6.5], "texture": "#308_hunting_rifle_2"},
				"up": {"uv": [7.5, 0, 8.5, 4.0625], "texture": "#308_hunting_rifle_2"},
				"down": {"uv": [8.5, 4.0625, 7.5, 0], "texture": "#308_hunting_rifle_2"}
			}
		},
		{
			"name": "2",
			"from": [8.2, 4.9, 0.4],
			"to": [8.3, 5.3, 12.4],
			"rotation": {"angle": 0, "axis": "y", "origin": [4, 0, 8]},
			"faces": {
				"north": {"uv": [7.25, 6.5, 7.5, 7.5], "texture": "#308_hunting_rifle_2"},
				"east": {"uv": [12, 6.5, 16, 7.5], "texture": "#308_hunting_rifle_2"},
				"south": {"uv": [8.5, 6.5, 8.75, 7.5], "texture": "#308_hunting_rifle_2"},
				"west": {"uv": [0, 6.5, 4, 7.5], "texture": "#308_hunting_rifle_2"},
				"up": {"uv": [8.5, 0, 8.75, 4], "texture": "#308_hunting_rifle_2"},
				"down": {"uv": [7.5, 4, 7.25, 0], "texture": "#308_hunting_rifle_2"}
			}
		},
		{
			"name": "2",
			"from": [7.7, 4.9, 0.4],
			"to": [7.8, 5.3, 12.4],
			"rotation": {"angle": 0, "axis": "y", "origin": [4, 0, 8]},
			"faces": {
				"north": {"uv": [8.5, 6.5, 8.75, 7.5], "texture": "#308_hunting_rifle_2"},
				"east": {"uv": [12, 6.5, 16, 7.5], "texture": "#308_hunting_rifle_2"},
				"south": {"uv": [7.25, 6.5, 7.5, 7.5], "texture": "#308_hunting_rifle_2"},
				"west": {"uv": [0, 6.5, 4, 7.5], "texture": "#308_hunting_rifle_2"},
				"up": {"uv": [7.25, 0, 7.5, 4], "texture": "#308_hunting_rifle_2"},
				"down": {"uv": [8.75, 4, 8.5, 0], "texture": "#308_hunting_rifle_2"}
			}
		},
		{
			"name": "3",
			"from": [7.65, 4.9, 12.4],
			"to": [8.35, 5.5, 15.6],
			"rotation": {"angle": 0, "axis": "y", "origin": [4, 0, 8]},
			"faces": {
				"north": {"uv": [7.125, 6, 8.875, 7.5], "texture": "#308_hunting_rifle_3"},
				"east": {"uv": [4, 6, 12, 7.5], "texture": "#308_hunting_rifle_3"},
				"south": {"uv": [7.125, 6, 8.875, 7.5], "texture": "#308_hunting_rifle_3"},
				"west": {"uv": [4, 6, 12, 7.5], "texture": "#308_hunting_rifle_3"},
				"up": {"uv": [7.125, 4, 8.875, 12], "texture": "#308_hunting_rifle_3"},
				"down": {"uv": [8.875, 12, 7.125, 4], "texture": "#308_hunting_rifle_3"}
			}
		},
		{
			"name": "3",
			"from": [7.7, 5.5, 12.4],
			"to": [8.3, 5.9, 12.6],
			"rotation": {"angle": 0, "axis": "y", "origin": [4, 0, 8]},
			"faces": {
				"north": {"uv": [7.25, 5, 8.75, 6], "texture": "#308_hunting_rifle_3"},
				"east": {"uv": [11.5, 5, 12, 6], "texture": "#308_hunting_rifle_3"},
				"south": {"uv": [7.25, 5, 8.75, 6], "texture": "#308_hunting_rifle_3"},
				"west": {"uv": [4, 5, 4.5, 6], "texture": "#308_hunting_rifle_3"},
				"up": {"uv": [7.25, 4, 8.75, 4.5], "texture": "#308_hunting_rifle_3"},
				"down": {"uv": [8.75, 4.5, 7.25, 4], "texture": "#308_hunting_rifle_3"}
			}
		},
		{
			"name": "3",
			"from": [7.7, 5.5, 15.4],
			"to": [8.3, 5.9, 15.6],
			"rotation": {"angle": 0, "axis": "y", "origin": [4, 0, 8]},
			"faces": {
				"north": {"uv": [7.25, 5, 8.75, 6], "texture": "#308_hunting_rifle_3"},
				"east": {"uv": [4, 5, 4.5, 6], "texture": "#308_hunting_rifle_3"},
				"south": {"uv": [7.25, 5, 8.75, 6], "texture": "#308_hunting_rifle_3"},
				"west": {"uv": [11.5, 5, 12, 6], "texture": "#308_hunting_rifle_3"},
				"up": {"uv": [7.25, 11.5, 8.75, 12], "texture": "#308_hunting_rifle_3"},
				"down": {"uv": [8.75, 12, 7.25, 11.5], "texture": "#308_hunting_rifle_3"}
			}
		},
		{
			"name": "3",
			"from": [7.7, 5.7, 12.6],
			"to": [8.3, 5.9, 15.4],
			"rotation": {"angle": 0, "axis": "y", "origin": [4, 0, 8]},
			"faces": {
				"north": {"uv": [7.25, 5, 8.75, 5.5], "texture": "#308_hunting_rifle_3"},
				"east": {"uv": [4.5, 5, 11.5, 5.5], "texture": "#308_hunting_rifle_3"},
				"south": {"uv": [7.25, 5, 8.75, 5.5], "texture": "#308_hunting_rifle_3"},
				"west": {"uv": [4.5, 5, 11.5, 5.5], "texture": "#308_hunting_rifle_3"},
				"up": {"uv": [7.25, 4.5, 8.75, 11.5], "texture": "#308_hunting_rifle_3"},
				"down": {"uv": [8.75, 11.5, 7.25, 4.5], "texture": "#308_hunting_rifle_3"}
			}
		},
		{
			"name": "3",
			"from": [7.7, 5.9, 12.8],
			"to": [8.3, 6.1, 13],
			"rotation": {"angle": 0, "axis": "y", "origin": [4, 0, 8]},
			"faces": {
				"north": {"uv": [7.25, 4.5, 8.75, 5], "texture": "#308_hunting_rifle_3"},
				"east": {"uv": [10.5, 4.5, 11, 5], "texture": "#308_hunting_rifle_3"},
				"south": {"uv": [7.25, 4.5, 8.75, 5], "texture": "#308_hunting_rifle_3"},
				"west": {"uv": [5, 4.5, 5.5, 5], "texture": "#308_hunting_rifle_3"},
				"up": {"uv": [7.25, 5, 8.75, 5.5], "texture": "#308_hunting_rifle_3"},
				"down": {"uv": [8.75, 5.5, 7.25, 5], "texture": "#308_hunting_rifle_3"}
			}
		},
		{
			"name": "3",
			"from": [7.7, 5.9, 12.4],
			"to": [8.3, 6.1, 12.6],
			"rotation": {"angle": 0, "axis": "y", "origin": [4, 0, 8]},
			"faces": {
				"north": {"uv": [7.25, 4.5, 8.75, 5], "texture": "#308_hunting_rifle_3"},
				"east": {"uv": [11.5, 4.5, 12, 5], "texture": "#308_hunting_rifle_3"},
				"south": {"uv": [7.25, 4.5, 8.75, 5], "texture": "#308_hunting_rifle_3"},
				"west": {"uv": [4, 4.5, 4.5, 5], "texture": "#308_hunting_rifle_3"},
				"up": {"uv": [7.25, 4, 8.75, 4.5], "texture": "#308_hunting_rifle_3"},
				"down": {"uv": [8.75, 4.5, 7.25, 4], "texture": "#308_hunting_rifle_3"}
			}
		},
		{
			"name": "3",
			"from": [7.7, 5.9, 13.2],
			"to": [8.3, 6.1, 13.4],
			"rotation": {"angle": 0, "axis": "y", "origin": [4, 0, 8]},
			"faces": {
				"north": {"uv": [7.25, 4.5, 8.75, 5], "texture": "#308_hunting_rifle_3"},
				"east": {"uv": [9.5, 4.5, 10, 5], "texture": "#308_hunting_rifle_3"},
				"south": {"uv": [7.25, 4.5, 8.75, 5], "texture": "#308_hunting_rifle_3"},
				"west": {"uv": [6, 4.5, 6.5, 5], "texture": "#308_hunting_rifle_3"},
				"up": {"uv": [7.25, 6, 8.75, 6.5], "texture": "#308_hunting_rifle_3"},
				"down": {"uv": [8.75, 6.5, 7.25, 6], "texture": "#308_hunting_rifle_3"}
			}
		},
		{
			"name": "3",
			"from": [7.7, 5.9, 13.6],
			"to": [8.3, 6.1, 13.8],
			"rotation": {"angle": 0, "axis": "y", "origin": [4, 0, 8]},
			"faces": {
				"north": {"uv": [7.25, 4.5, 8.75, 5], "texture": "#308_hunting_rifle_3"},
				"east": {"uv": [8.5, 4.5, 9, 5], "texture": "#308_hunting_rifle_3"},
				"south": {"uv": [7.25, 4.5, 8.75, 5], "texture": "#308_hunting_rifle_3"},
				"west": {"uv": [7, 4.5, 7.5, 5], "texture": "#308_hunting_rifle_3"},
				"up": {"uv": [7.25, 7, 8.75, 7.5], "texture": "#308_hunting_rifle_3"},
				"down": {"uv": [8.75, 7.5, 7.25, 7], "texture": "#308_hunting_rifle_3"}
			}
		},
		{
			"name": "3",
			"from": [7.7, 5.9, 14],
			"to": [8.3, 6.1, 14.2],
			"rotation": {"angle": 0, "axis": "y", "origin": [4, 0, 8]},
			"faces": {
				"north": {"uv": [7.25, 4.5, 8.75, 5], "texture": "#308_hunting_rifle_3"},
				"east": {"uv": [7.5, 4.5, 8, 5], "texture": "#308_hunting_rifle_3"},
				"south": {"uv": [7.25, 4.5, 8.75, 5], "texture": "#308_hunting_rifle_3"},
				"west": {"uv": [8, 4.5, 8.5, 5], "texture": "#308_hunting_rifle_3"},
				"up": {"uv": [7.25, 8, 8.75, 8.5], "texture": "#308_hunting_rifle_3"},
				"down": {"uv": [8.75, 8.5, 7.25, 8], "texture": "#308_hunting_rifle_3"}
			}
		},
		{
			"name": "3",
			"from": [7.7, 5.9, 14.4],
			"to": [8.3, 6.1, 14.6],
			"rotation": {"angle": 0, "axis": "y", "origin": [4, 0, 8]},
			"faces": {
				"north": {"uv": [7.25, 4.5, 8.75, 5], "texture": "#308_hunting_rifle_3"},
				"east": {"uv": [6.5, 4.5, 7, 5], "texture": "#308_hunting_rifle_3"},
				"south": {"uv": [7.25, 4.5, 8.75, 5], "texture": "#308_hunting_rifle_3"},
				"west": {"uv": [9, 4.5, 9.5, 5], "texture": "#308_hunting_rifle_3"},
				"up": {"uv": [7.25, 9, 8.75, 9.5], "texture": "#308_hunting_rifle_3"},
				"down": {"uv": [8.75, 9.5, 7.25, 9], "texture": "#308_hunting_rifle_3"}
			}
		},
		{
			"name": "3",
			"from": [7.7, 5.9, 14.8],
			"to": [8.3, 6.1, 15],
			"rotation": {"angle": 0, "axis": "y", "origin": [4, 0, 8]},
			"faces": {
				"north": {"uv": [7.25, 4.5, 8.75, 5], "texture": "#308_hunting_rifle_3"},
				"east": {"uv": [5.5, 4.5, 6, 5], "texture": "#308_hunting_rifle_3"},
				"south": {"uv": [7.25, 4.5, 8.75, 5], "texture": "#308_hunting_rifle_3"},
				"west": {"uv": [10, 4.5, 10.5, 5], "texture": "#308_hunting_rifle_3"},
				"up": {"uv": [7.25, 10, 8.75, 10.5], "texture": "#308_hunting_rifle_3"},
				"down": {"uv": [8.75, 10.5, 7.25, 10], "texture": "#308_hunting_rifle_3"}
			}
		},
		{
			"name": "3",
			"from": [7.7, 5.9, 15.2],
			"to": [8.3, 6.1, 15.4],
			"rotation": {"angle": 0, "axis": "y", "origin": [4, 0, 8]},
			"faces": {
				"north": {"uv": [7.25, 4.5, 8.75, 5], "texture": "#308_hunting_rifle_3"},
				"east": {"uv": [4.5, 4.5, 5, 5], "texture": "#308_hunting_rifle_3"},
				"south": {"uv": [7.25, 4.5, 8.75, 5], "texture": "#308_hunting_rifle_3"},
				"west": {"uv": [11, 4.5, 11.5, 5], "texture": "#308_hunting_rifle_3"},
				"up": {"uv": [7.25, 11, 8.75, 11.5], "texture": "#308_hunting_rifle_3"},
				"down": {"uv": [8.75, 11.5, 7.25, 11], "texture": "#308_hunting_rifle_3"}
			}
		},
		{
			"name": "2",
			"from": [7.8, 4.9, 15.6],
			"to": [8.2, 5.3, 16.2],
			"rotation": {"angle": 0, "axis": "y", "origin": [4, 0, 8]},
			"faces": {
				"north": {"uv": [7.5, 6.5, 8.5, 7.5], "texture": "#308_hunting_rifle_2"},
				"east": {"uv": [3, 6.5, 4, 7.5], "texture": "#308_hunting_rifle_2"},
				"south": {"uv": [7.5, 6.5, 8.5, 7.5], "texture": "#308_hunting_rifle_2"},
				"west": {"uv": [12, 6.5, 13, 7.5], "texture": "#308_hunting_rifle_2"},
				"up": {"uv": [7.5, 12, 8.5, 13], "texture": "#308_hunting_rifle_2"},
				"down": {"uv": [8.5, 13, 7.5, 12], "texture": "#308_hunting_rifle_2"}
			}
		},
		{
			"name": "3",
			"from": [7.6, 5.7, 12.6],
			"to": [8.4, 6.3, 12.8],
			"rotation": {"angle": 0, "axis": "y", "origin": [4, 0, 8]},
			"faces": {
				"north": {"uv": [7, 4, 9, 5.5], "texture": "#308_hunting_rifle_3"},
				"east": {"uv": [11, 4, 11.5, 5.5], "texture": "#308_hunting_rifle_3"},
				"south": {"uv": [7, 4, 9, 5.5], "texture": "#308_hunting_rifle_3"},
				"west": {"uv": [4.5, 4, 5, 5.5], "texture": "#308_hunting_rifle_3"},
				"up": {"uv": [7, 4.5, 9, 5], "texture": "#308_hunting_rifle_3"},
				"down": {"uv": [9, 5, 7, 4.5], "texture": "#308_hunting_rifle_3"}
			}
		},
		{
			"name": "3",
			"from": [7.6, 5.7, 14.6],
			"to": [8.4, 6.3, 14.8],
			"rotation": {"angle": 0, "axis": "y", "origin": [4, 0, 8]},
			"faces": {
				"north": {"uv": [7, 4, 9, 5.5], "texture": "#308_hunting_rifle_3"},
				"east": {"uv": [6, 4, 6.5, 5.5], "texture": "#308_hunting_rifle_3"},
				"south": {"uv": [7, 4, 9, 5.5], "texture": "#308_hunting_rifle_3"},
				"west": {"uv": [9.5, 4, 10, 5.5], "texture": "#308_hunting_rifle_3"},
				"up": {"uv": [7, 9.5, 9, 10], "texture": "#308_hunting_rifle_3"},
				"down": {"uv": [9, 10, 7, 9.5], "texture": "#308_hunting_rifle_3"}
			}
		},
		{
			"name": "3",
			"from": [7.7, 6.3, 12],
			"to": [8.3, 7.1, 15.2],
			"rotation": {"angle": 0, "axis": "y", "origin": [4, 0, 8]},
			"faces": {
				"north": {"uv": [8, 2, 9, 3], "texture": "#308_hunting_rifle_3"},
				"east": {"uv": [4.5, 2, 13, 3], "texture": "#308_hunting_rifle_3"},
				"south": {"uv": [7, 2, 8, 3], "texture": "#308_hunting_rifle_3"},
				"west": {"uv": [3, 2, 11.5, 3], "texture": "#308_hunting_rifle_3"},
				"up": {"uv": [7, 3, 8, 11.5], "texture": "#308_hunting_rifle_3"},
				"down": {"uv": [9, 11.5, 8, 3], "texture": "#308_hunting_rifle_3"}
			}
		},
		{
			"name": "3",
			"from": [7.6, 6.4, 12],
			"to": [8.4, 7, 15.2],
			"rotation": {"angle": 0, "axis": "y", "origin": [4, 0, 8]},
			"faces": {
				"north": {"uv": [8, 2, 9, 3], "texture": "#308_hunting_rifle_3"},
				"east": {"uv": [4.5, 2, 13, 3], "texture": "#308_hunting_rifle_3"},
				"south": {"uv": [7, 2, 8, 3], "texture": "#308_hunting_rifle_3"},
				"west": {"uv": [3, 2, 11.5, 3], "texture": "#308_hunting_rifle_3"},
				"up": {"uv": [7, 3, 8, 11.5], "texture": "#308_hunting_rifle_3"},
				"down": {"uv": [9, 11.5, 8, 3], "texture": "#308_hunting_rifle_3"}
			}
		},
		{
			"name": "3",
			"from": [7.7, 6.9, 11.2],
			"to": [8.3, 7.5, 12.4],
			"rotation": {"angle": 22.5, "axis": "x", "origin": [7.7, 7.5, 11.2]},
			"faces": {
				"north": {"uv": [8, 2, 9, 3], "texture": "#308_hunting_rifle_3"},
				"east": {"uv": [4.5, 2, 13, 3], "texture": "#308_hunting_rifle_3"},
				"south": {"uv": [7, 2, 8, 3], "texture": "#308_hunting_rifle_3"},
				"west": {"uv": [3, 2, 11.5, 3], "texture": "#308_hunting_rifle_3"},
				"up": {"uv": [7, 3, 8, 11.5], "texture": "#308_hunting_rifle_3"},
				"down": {"uv": [9, 11.5, 8, 3], "texture": "#308_hunting_rifle_3"}
			}
		},
		{
			"name": "3",
			"from": [7.7, 5.863, 10.975],
			"to": [8.3, 6.463, 12.175],
			"rotation": {"angle": -22.5, "axis": "x", "origin": [7.7, 6.463, 10.975]},
			"faces": {
				"north": {"uv": [8, 2, 9, 3], "texture": "#308_hunting_rifle_3"},
				"east": {"uv": [4.5, 2, 13, 3], "texture": "#308_hunting_rifle_3"},
				"south": {"uv": [7, 2, 8, 3], "texture": "#308_hunting_rifle_3"},
				"west": {"uv": [3, 2, 11.5, 3], "texture": "#308_hunting_rifle_3"},
				"up": {"uv": [7, 3, 8, 11.5], "texture": "#308_hunting_rifle_3"},
				"down": {"uv": [9, 11.5, 8, 3], "texture": "#308_hunting_rifle_3"}
			}
		},
		{
			"name": "3",
			"from": [7.2, 6.4, 11.2],
			"to": [8, 7, 12.4],
			"rotation": {"angle": 22.5, "axis": "y", "origin": [7.2, 6.4, 11.2]},
			"faces": {
				"north": {"uv": [8, 2, 9, 3], "texture": "#308_hunting_rifle_3"},
				"east": {"uv": [4.5, 2, 13, 3], "texture": "#308_hunting_rifle_3"},
				"south": {"uv": [7, 2, 8, 3], "texture": "#308_hunting_rifle_3"},
				"west": {"uv": [3, 2, 11.5, 3], "texture": "#308_hunting_rifle_3"},
				"up": {"uv": [7, 3, 8, 11.5], "texture": "#308_hunting_rifle_3"},
				"down": {"uv": [9, 11.5, 8, 3], "texture": "#308_hunting_rifle_3"}
			}
		},
		{
			"name": "3",
			"from": [8.05, 6.4, 10.9],
			"to": [8.85, 7, 12.1],
			"rotation": {"angle": -22.5, "axis": "y", "origin": [8.05, 6.4, 10.9]},
			"faces": {
				"north": {"uv": [8, 2, 9, 3], "texture": "#308_hunting_rifle_3"},
				"east": {"uv": [4.5, 2, 13, 3], "texture": "#308_hunting_rifle_3"},
				"south": {"uv": [7, 2, 8, 3], "texture": "#308_hunting_rifle_3"},
				"west": {"uv": [3, 2, 11.5, 3], "texture": "#308_hunting_rifle_3"},
				"up": {"uv": [7, 3, 8, 11.5], "texture": "#308_hunting_rifle_3"},
				"down": {"uv": [9, 11.5, 8, 3], "texture": "#308_hunting_rifle_3"}
			}
		},
		{
			"name": "3",
			"from": [7.4, 6.1, 11],
			"to": [8.6, 7.3, 11.2],
			"rotation": {"angle": 0, "axis": "y", "origin": [4, 0, 8]},
			"faces": {
				"north": {"uv": [8, 2, 9, 3], "texture": "#308_hunting_rifle_3"},
				"east": {"uv": [4.5, 2, 13, 3], "texture": "#308_hunting_rifle_3"},
				"south": {"uv": [7, 2, 8, 3], "texture": "#308_hunting_rifle_3"},
				"west": {"uv": [3, 2, 11.5, 3], "texture": "#308_hunting_rifle_3"},
				"up": {"uv": [7, 3, 8, 11.5], "texture": "#308_hunting_rifle_3"},
				"down": {"uv": [9, 11.5, 8, 3], "texture": "#308_hunting_rifle_3"}
			}
		},
		{
			"name": "3",
			"from": [8, 7.1, 13.325],
			"to": [8.4, 7.5, 13.725],
			"rotation": {"angle": -45, "axis": "y", "origin": [8, 7.1, 13.325]},
			"faces": {
				"north": {"uv": [8, 2, 9, 3], "texture": "#308_hunting_rifle_3"},
				"east": {"uv": [4.5, 2, 13, 3], "texture": "#308_hunting_rifle_3"},
				"south": {"uv": [7, 2, 8, 3], "texture": "#308_hunting_rifle_3"},
				"west": {"uv": [3, 2, 11.5, 3], "texture": "#308_hunting_rifle_3"},
				"up": {"uv": [7, 3, 8, 11.5], "texture": "#308_hunting_rifle_3"},
				"down": {"uv": [9, 11.5, 8, 3], "texture": "#308_hunting_rifle_3"}
			}
		},
		{
			"name": "1",
			"from": [7.6, 4.3, 15.8],
			"to": [8.4, 5.1, 18],
			"rotation": {"angle": 22.5, "axis": "x", "origin": [7.6, 5.1, 15.8]},
			"faces": {
				"north": {"uv": [7, 7, 9, 9], "texture": "#308_hunting_rifle_1"},
				"east": {"uv": [4, 7, 16, 9], "texture": "#308_hunting_rifle_1"},
				"south": {"uv": [7, 7, 9, 9], "texture": "#308_hunting_rifle_1"},
				"west": {"uv": [0, 7, 12, 9], "texture": "#308_hunting_rifle_1"},
				"up": {"uv": [7, 0, 9, 12], "texture": "#308_hunting_rifle_1"},
				"down": {"uv": [9, 12, 7, 0], "texture": "#308_hunting_rifle_1"}
			}
		},
		{
			"name": "1",
			"from": [7.6, 2.9, 16.6],
			"to": [8.4, 4.5, 18],
			"rotation": {"angle": 0, "axis": "y", "origin": [4, 0, 8]},
			"faces": {
				"north": {"uv": [7, 7, 9, 9], "texture": "#308_hunting_rifle_1"},
				"east": {"uv": [4, 7, 16, 9], "texture": "#308_hunting_rifle_1"},
				"south": {"uv": [7, 7, 9, 9], "texture": "#308_hunting_rifle_1"},
				"west": {"uv": [0, 7, 12, 9], "texture": "#308_hunting_rifle_1"},
				"up": {"uv": [7, 0, 9, 12], "texture": "#308_hunting_rifle_1"},
				"down": {"uv": [9, 12, 7, 0], "texture": "#308_hunting_rifle_1"}
			}
		},
		{
			"name": "1",
			"from": [7.6, 2.9, 16],
			"to": [8.4, 4.3, 16.4],
			"rotation": {"angle": -22.5, "axis": "x", "origin": [7.6, 4.3, 16]},
			"faces": {
				"north": {"uv": [7, 7, 9, 9], "texture": "#308_hunting_rifle_1"},
				"east": {"uv": [4, 7, 16, 9], "texture": "#308_hunting_rifle_1"},
				"south": {"uv": [7, 7, 9, 9], "texture": "#308_hunting_rifle_1"},
				"west": {"uv": [0, 7, 12, 9], "texture": "#308_hunting_rifle_1"},
				"up": {"uv": [7, 0, 9, 12], "texture": "#308_hunting_rifle_1"},
				"down": {"uv": [9, 12, 7, 0], "texture": "#308_hunting_rifle_1"}
			}
		},
		{
			"name": "1",
			"from": [7.6, 2.5, 16.2],
			"to": [8.4, 2.9, 17.2],
			"rotation": {"angle": -22.5, "axis": "x", "origin": [7.6, 2.9, 16.2]},
			"faces": {
				"north": {"uv": [7, 7, 9, 9], "texture": "#308_hunting_rifle_1"},
				"east": {"uv": [4, 7, 16, 9], "texture": "#308_hunting_rifle_1"},
				"south": {"uv": [7, 7, 9, 9], "texture": "#308_hunting_rifle_1"},
				"west": {"uv": [0, 7, 12, 9], "texture": "#308_hunting_rifle_1"},
				"up": {"uv": [7, 0, 9, 12], "texture": "#308_hunting_rifle_1"},
				"down": {"uv": [9, 12, 7, 0], "texture": "#308_hunting_rifle_1"}
			}
		},
		{
			"name": "1",
			"from": [7.6, 3.9, 17.2],
			"to": [8.4, 4.5, 17.8],
			"rotation": {"angle": -45, "axis": "x", "origin": [7.6, 4.5, 17.2]},
			"faces": {
				"north": {"uv": [7, 7, 9, 9], "texture": "#308_hunting_rifle_1"},
				"east": {"uv": [4, 7, 16, 9], "texture": "#308_hunting_rifle_1"},
				"south": {"uv": [7, 7, 9, 9], "texture": "#308_hunting_rifle_1"},
				"west": {"uv": [0, 7, 12, 9], "texture": "#308_hunting_rifle_1"},
				"up": {"uv": [7, 0, 9, 12], "texture": "#308_hunting_rifle_1"},
				"down": {"uv": [9, 12, 7, 0], "texture": "#308_hunting_rifle_1"}
			}
		},
		{
			"name": "1",
			"from": [7.6, 3.033, 16.575],
			"to": [8.4, 3.433, 23.275],
			"rotation": {"angle": 22.5, "axis": "x", "origin": [7.6, 3.433, 16.575]},
			"faces": {
				"north": {"uv": [7, 7, 9, 9], "texture": "#308_hunting_rifle_1"},
				"east": {"uv": [4, 7, 16, 9], "texture": "#308_hunting_rifle_1"},
				"south": {"uv": [7, 7, 9, 9], "texture": "#308_hunting_rifle_1"},
				"west": {"uv": [0, 7, 12, 9], "texture": "#308_hunting_rifle_1"},
				"up": {"uv": [7, 0, 9, 12], "texture": "#308_hunting_rifle_1"},
				"down": {"uv": [9, 12, 7, 0], "texture": "#308_hunting_rifle_1"}
			}
		},
		{
			"name": "3",
			"from": [7.6, 0.5, 22.6],
			"to": [8.4, 4.5, 23],
			"rotation": {"angle": 0, "axis": "y", "origin": [4, 0, 8]},
			"faces": {
				"north": {"uv": [7, 7, 9, 9], "texture": "#308_hunting_rifle_3"},
				"east": {"uv": [4, 7, 16, 9], "texture": "#308_hunting_rifle_3"},
				"south": {"uv": [7, 7, 9, 9], "texture": "#308_hunting_rifle_3"},
				"west": {"uv": [0, 7, 12, 9], "texture": "#308_hunting_rifle_3"},
				"up": {"uv": [7, 0, 9, 12], "texture": "#308_hunting_rifle_3"},
				"down": {"uv": [9, 12, 7, 0], "texture": "#308_hunting_rifle_3"}
			}
		},
		{
			"name": "1",
			"from": [7.6, 1.5, 20.2],
			"to": [8.4, 1.9, 22.6],
			"rotation": {"angle": 0, "axis": "y", "origin": [4, 0, 8]},
			"faces": {
				"north": {"uv": [7, 7, 9, 9], "texture": "#308_hunting_rifle_1"},
				"east": {"uv": [4, 7, 16, 9], "texture": "#308_hunting_rifle_1"},
				"south": {"uv": [7, 7, 9, 9], "texture": "#308_hunting_rifle_1"},
				"west": {"uv": [0, 7, 12, 9], "texture": "#308_hunting_rifle_1"},
				"up": {"uv": [7, 0, 9, 12], "texture": "#308_hunting_rifle_1"},
				"down": {"uv": [9, 12, 7, 0], "texture": "#308_hunting_rifle_1"}
			}
		},
		{
			"name": "1",
			"from": [7.6, 1.1, 21.2],
			"to": [8.4, 1.5, 22.6],
			"rotation": {"angle": 0, "axis": "y", "origin": [4, 0, 8]},
			"faces": {
				"north": {"uv": [7, 7, 9, 9], "texture": "#308_hunting_rifle_1"},
				"east": {"uv": [4, 7, 16, 9], "texture": "#308_hunting_rifle_1"},
				"south": {"uv": [7, 7, 9, 9], "texture": "#308_hunting_rifle_1"},
				"west": {"uv": [0, 7, 12, 9], "texture": "#308_hunting_rifle_1"},
				"up": {"uv": [7, 0, 9, 12], "texture": "#308_hunting_rifle_1"},
				"down": {"uv": [9, 12, 7, 0], "texture": "#308_hunting_rifle_1"}
			}
		},
		{
			"name": "1",
			"from": [7.6, 0.9, 22.2],
			"to": [8.4, 1.3, 22.6],
			"rotation": {"angle": 0, "axis": "y", "origin": [4, 0, 8]},
			"faces": {
				"north": {"uv": [7, 7, 9, 9], "texture": "#308_hunting_rifle_1"},
				"east": {"uv": [4, 7, 16, 9], "texture": "#308_hunting_rifle_1"},
				"south": {"uv": [7, 7, 9, 9], "texture": "#308_hunting_rifle_1"},
				"west": {"uv": [0, 7, 12, 9], "texture": "#308_hunting_rifle_1"},
				"up": {"uv": [7, 0, 9, 12], "texture": "#308_hunting_rifle_1"},
				"down": {"uv": [9, 12, 7, 0], "texture": "#308_hunting_rifle_1"}
			}
		},
		{
			"name": "2",
			"from": [7.7, 3.3, 12.6],
			"to": [8.3, 4.1, 14.2],
			"rotation": {"angle": 0, "axis": "y", "origin": [4, 0, 8]},
			"faces": {
				"north": {"uv": [7.5, 6.5, 8.5, 7.5], "texture": "#308_hunting_rifle_2"},
				"east": {"uv": [3, 6.5, 4, 7.5], "texture": "#308_hunting_rifle_2"},
				"south": {"uv": [7.5, 6.5, 8.5, 7.5], "texture": "#308_hunting_rifle_2"},
				"west": {"uv": [12, 6.5, 13, 7.5], "texture": "#308_hunting_rifle_2"},
				"up": {"uv": [7.5, 12, 8.5, 13], "texture": "#308_hunting_rifle_2"},
				"down": {"uv": [8.5, 13, 7.5, 12], "texture": "#308_hunting_rifle_2"}
			}
		},
		{
			"name": "2",
			"from": [7.7, 2.9, 12.6],
			"to": [8.3, 3.3, 13],
			"rotation": {"angle": -45, "axis": "x", "origin": [7.7, 3.3, 12.6]},
			"faces": {
				"north": {"uv": [7.5, 6.5, 8.5, 7.5], "texture": "#308_hunting_rifle_2"},
				"east": {"uv": [3, 6.5, 4, 7.5], "texture": "#308_hunting_rifle_2"},
				"south": {"uv": [7.5, 6.5, 8.5, 7.5], "texture": "#308_hunting_rifle_2"},
				"west": {"uv": [12, 6.5, 13, 7.5], "texture": "#308_hunting_rifle_2"},
				"up": {"uv": [7.5, 12, 8.5, 13], "texture": "#308_hunting_rifle_2"},
				"down": {"uv": [8.5, 13, 7.5, 12], "texture": "#308_hunting_rifle_2"}
			}
		},
		{
			"name": "2",
			"from": [7.7, 3.025, 12.875],
			"to": [8.3, 3.425, 14.2],
			"rotation": {"angle": 0, "axis": "y", "origin": [4, 0, 8]},
			"faces": {
				"north": {"uv": [7.5, 6.5, 8.5, 7.5], "texture": "#308_hunting_rifle_2"},
				"east": {"uv": [3, 6.5, 4, 7.5], "texture": "#308_hunting_rifle_2"},
				"south": {"uv": [7.5, 6.5, 8.5, 7.5], "texture": "#308_hunting_rifle_2"},
				"west": {"uv": [12, 6.5, 13, 7.5], "texture": "#308_hunting_rifle_2"},
				"up": {"uv": [7.5, 12, 8.5, 13], "texture": "#308_hunting_rifle_2"},
				"down": {"uv": [8.5, 13, 7.5, 12], "texture": "#308_hunting_rifle_2"}
			}
		},
		{
			"name": "2",
			"from": [7.8, 3.1, 14.2],
			"to": [8.2, 4.1, 14.4],
			"rotation": {"angle": 0, "axis": "y", "origin": [4, 0, 8]},
			"faces": {
				"north": {"uv": [7.5, 6.5, 8.5, 7.5], "texture": "#308_hunting_rifle_2"},
				"east": {"uv": [3, 6.5, 4, 7.5], "texture": "#308_hunting_rifle_2"},
				"south": {"uv": [7.5, 6.5, 8.5, 7.5], "texture": "#308_hunting_rifle_2"},
				"west": {"uv": [12, 6.5, 13, 7.5], "texture": "#308_hunting_rifle_2"},
				"up": {"uv": [7.5, 12, 8.5, 13], "texture": "#308_hunting_rifle_2"},
				"down": {"uv": [8.5, 13, 7.5, 12], "texture": "#308_hunting_rifle_2"}
			}
		},
		{
			"name": "2",
			"from": [7.8, 3.1, 14.4],
			"to": [8.2, 3.3, 15.4],
			"rotation": {"angle": 0, "axis": "y", "origin": [4, 0, 8]},
			"faces": {
				"north": {"uv": [7.5, 6.5, 8.5, 7.5], "texture": "#308_hunting_rifle_2"},
				"east": {"uv": [3, 6.5, 4, 7.5], "texture": "#308_hunting_rifle_2"},
				"south": {"uv": [7.5, 6.5, 8.5, 7.5], "texture": "#308_hunting_rifle_2"},
				"west": {"uv": [12, 6.5, 13, 7.5], "texture": "#308_hunting_rifle_2"},
				"up": {"uv": [7.5, 12, 8.5, 13], "texture": "#308_hunting_rifle_2"},
				"down": {"uv": [8.5, 13, 7.5, 12], "texture": "#308_hunting_rifle_2"}
			}
		},
		{
			"name": "2",
			"from": [7.8, 3.3, 15.4],
			"to": [8.2, 4.1, 15.6],
			"rotation": {"angle": 0, "axis": "y", "origin": [4, 0, 8]},
			"faces": {
				"north": {"uv": [7.5, 6.5, 8.5, 7.5], "texture": "#308_hunting_rifle_2"},
				"east": {"uv": [3, 6.5, 4, 7.5], "texture": "#308_hunting_rifle_2"},
				"south": {"uv": [7.5, 6.5, 8.5, 7.5], "texture": "#308_hunting_rifle_2"},
				"west": {"uv": [12, 6.5, 13, 7.5], "texture": "#308_hunting_rifle_2"},
				"up": {"uv": [7.5, 12, 8.5, 13], "texture": "#308_hunting_rifle_2"},
				"down": {"uv": [8.5, 13, 7.5, 12], "texture": "#308_hunting_rifle_2"}
			}
		},
		{
			"name": "2",
			"from": [7.8, 3.038, 15.263],
			"to": [8.2, 3.238, 15.538],
			"rotation": {"angle": -45, "axis": "x", "origin": [7.8, 3.238, 15.263]},
			"faces": {
				"north": {"uv": [7.5, 6.5, 8.5, 7.5], "texture": "#308_hunting_rifle_2"},
				"east": {"uv": [3, 6.5, 4, 7.5], "texture": "#308_hunting_rifle_2"},
				"south": {"uv": [7.5, 6.5, 8.5, 7.5], "texture": "#308_hunting_rifle_2"},
				"west": {"uv": [12, 6.5, 13, 7.5], "texture": "#308_hunting_rifle_2"},
				"up": {"uv": [7.5, 12, 8.5, 13], "texture": "#308_hunting_rifle_2"},
				"down": {"uv": [8.5, 13, 7.5, 12], "texture": "#308_hunting_rifle_2"}
			}
		},
		{
			"name": "2",
			"from": [7.8, 3.7, 15],
			"to": [8.2, 4.1, 15.2],
			"rotation": {"angle": 0, "axis": "y", "origin": [4, 0, 8]},
			"faces": {
				"north": {"uv": [7.5, 6.5, 8.5, 7.5], "texture": "#308_hunting_rifle_2"},
				"east": {"uv": [3, 6.5, 4, 7.5], "texture": "#308_hunting_rifle_2"},
				"south": {"uv": [7.5, 6.5, 8.5, 7.5], "texture": "#308_hunting_rifle_2"},
				"west": {"uv": [12, 6.5, 13, 7.5], "texture": "#308_hunting_rifle_2"},
				"up": {"uv": [7.5, 12, 8.5, 13], "texture": "#308_hunting_rifle_2"},
				"down": {"uv": [8.5, 13, 7.5, 12], "texture": "#308_hunting_rifle_2"}
			}
		},
		{
			"name": "2",
			"from": [7.8, 3.396, 15.021],
			"to": [8.2, 3.796, 15.221],
			"rotation": {"angle": 22.5, "axis": "x", "origin": [7.8, 3.796, 15.021]},
			"faces": {
				"north": {"uv": [7.5, 6.5, 8.5, 7.5], "texture": "#308_hunting_rifle_2"},
				"east": {"uv": [3, 6.5, 4, 7.5], "texture": "#308_hunting_rifle_2"},
				"south": {"uv": [7.5, 6.5, 8.5, 7.5], "texture": "#308_hunting_rifle_2"},
				"west": {"uv": [12, 6.5, 13, 7.5], "texture": "#308_hunting_rifle_2"},
				"up": {"uv": [7.5, 12, 8.5, 13], "texture": "#308_hunting_rifle_2"},
				"down": {"uv": [8.5, 13, 7.5, 12], "texture": "#308_hunting_rifle_2"}
			}
		},
		{
			"name": "3",
			"from": [7.4, 6.3, 15.2],
			"to": [8.6, 7.1, 16],
			"rotation": {"angle": 0, "axis": "y", "origin": [4, 0, 8]},
			"faces": {
				"north": {"uv": [8, 2, 9, 3], "texture": "#308_hunting_rifle_3"},
				"east": {"uv": [4.5, 2, 13, 3], "texture": "#308_hunting_rifle_3"},
				"south": {"uv": [7, 2, 8, 3], "texture": "#308_hunting_rifle_3"},
				"west": {"uv": [3, 2, 11.5, 3], "texture": "#308_hunting_rifle_3"},
				"up": {"uv": [7, 3, 8, 11.5], "texture": "#308_hunting_rifle_3"},
				"down": {"uv": [9, 11.5, 8, 3], "texture": "#308_hunting_rifle_3"}
			}
		},
		{
			"name": "3",
			"from": [7.6, 6.1, 15.2],
			"to": [8.4, 7.3, 16],
			"rotation": {"angle": 0, "axis": "y", "origin": [4, 0, 8]},
			"faces": {
				"north": {"uv": [8, 2, 9, 3], "texture": "#308_hunting_rifle_3"},
				"east": {"uv": [4.5, 2, 13, 3], "texture": "#308_hunting_rifle_3"},
				"south": {"uv": [7, 2, 8, 3], "texture": "#308_hunting_rifle_3"},
				"west": {"uv": [3, 2, 11.5, 3], "texture": "#308_hunting_rifle_3"},
				"up": {"uv": [7, 3, 8, 11.5], "texture": "#308_hunting_rifle_3"},
				"down": {"uv": [9, 11.5, 8, 3], "texture": "#308_hunting_rifle_3"}
			}
		},
		{
			"name": "3",
			"from": [7.6, 7.3, 16],
			"to": [8.4, 7.5, 18.4],
			"rotation": {"angle": 0, "axis": "y", "origin": [4, 0, 8]},
			"faces": {
				"north": {"uv": [8, 2, 9, 3], "texture": "#308_hunting_rifle_3"},
				"east": {"uv": [4.5, 2, 13, 3], "texture": "#308_hunting_rifle_3"},
				"south": {"uv": [7, 2, 8, 3], "texture": "#308_hunting_rifle_3"},
				"west": {"uv": [3, 2, 11.5, 3], "texture": "#308_hunting_rifle_3"},
				"up": {"uv": [7, 3, 8, 11.5], "texture": "#308_hunting_rifle_3"},
				"down": {"uv": [9, 11.5, 8, 3], "texture": "#308_hunting_rifle_3"}
			}
		},
		{
			"name": "3",
			"from": [7.6, 5.9, 16],
			"to": [8.4, 6.1, 18.4],
			"rotation": {"angle": 0, "axis": "y", "origin": [4, 0, 8]},
			"faces": {
				"north": {"uv": [8, 2, 9, 3], "texture": "#308_hunting_rifle_3"},
				"east": {"uv": [4.5, 2, 13, 3], "texture": "#308_hunting_rifle_3"},
				"south": {"uv": [7, 2, 8, 3], "texture": "#308_hunting_rifle_3"},
				"west": {"uv": [3, 2, 11.5, 3], "texture": "#308_hunting_rifle_3"},
				"up": {"uv": [7, 3, 8, 11.5], "texture": "#308_hunting_rifle_3"},
				"down": {"uv": [9, 11.5, 8, 3], "texture": "#308_hunting_rifle_3"}
			}
		},
		{
			"name": "3",
			"from": [7.2, 6.3, 16],
			"to": [7.4, 7.1, 18.4],
			"rotation": {"angle": 0, "axis": "y", "origin": [4, 0, 8]},
			"faces": {
				"north": {"uv": [8, 2, 9, 3], "texture": "#308_hunting_rifle_3"},
				"east": {"uv": [4.5, 2, 13, 3], "texture": "#308_hunting_rifle_3"},
				"south": {"uv": [7, 2, 8, 3], "texture": "#308_hunting_rifle_3"},
				"west": {"uv": [3, 2, 11.5, 3], "texture": "#308_hunting_rifle_3"},
				"up": {"uv": [7, 3, 8, 11.5], "texture": "#308_hunting_rifle_3"},
				"down": {"uv": [9, 11.5, 8, 3], "texture": "#308_hunting_rifle_3"}
			}
		},
		{
			"name": "3",
			"from": [8.6, 6.3, 16],
			"to": [8.8, 7.1, 18.4],
			"rotation": {"angle": 0, "axis": "y", "origin": [4, 0, 8]},
			"faces": {
				"north": {"uv": [8, 2, 9, 3], "texture": "#308_hunting_rifle_3"},
				"east": {"uv": [4.5, 2, 13, 3], "texture": "#308_hunting_rifle_3"},
				"south": {"uv": [7, 2, 8, 3], "texture": "#308_hunting_rifle_3"},
				"west": {"uv": [3, 2, 11.5, 3], "texture": "#308_hunting_rifle_3"},
				"up": {"uv": [7, 3, 8, 11.5], "texture": "#308_hunting_rifle_3"},
				"down": {"uv": [9, 11.5, 8, 3], "texture": "#308_hunting_rifle_3"}
			}
		},
		{
			"name": "4",
			"from": [7.6, 6.1, 17.8],
			"to": [8.4, 7.3, 18],
			"rotation": {"angle": 0, "axis": "y", "origin": [4, 0, 8]},
			"faces": {
				"north": {"uv": [8, 2, 9, 3], "texture": "#308_hunting_rifle_4"},
				"east": {"uv": [4.5, 2, 13, 3], "texture": "#308_hunting_rifle_4"},
				"south": {"uv": [7, 2, 8, 3], "texture": "#308_hunting_rifle_4"},
				"west": {"uv": [3, 2, 11.5, 3], "texture": "#308_hunting_rifle_4"},
				"up": {"uv": [7, 3, 8, 11.5], "texture": "#308_hunting_rifle_4"},
				"down": {"uv": [9, 11.5, 8, 3], "texture": "#308_hunting_rifle_4"}
			}
		},
		{
			"name": "3",
			"from": [7.2, 6.9, 16],
			"to": [7.775, 7.1, 18.4],
			"rotation": {"angle": 45, "axis": "z", "origin": [7.2, 7.1, 16]},
			"faces": {
				"north": {"uv": [8, 2, 9, 3], "texture": "#308_hunting_rifle_3"},
				"east": {"uv": [4.5, 2, 13, 3], "texture": "#308_hunting_rifle_3"},
				"south": {"uv": [7, 2, 8, 3], "texture": "#308_hunting_rifle_3"},
				"west": {"uv": [3, 2, 11.5, 3], "texture": "#308_hunting_rifle_3"},
				"up": {"uv": [7, 3, 8, 11.5], "texture": "#308_hunting_rifle_3"},
				"down": {"uv": [9, 11.5, 8, 3], "texture": "#308_hunting_rifle_3"}
			}
		},
		{
			"name": "4",
			"from": [7.4, 6.3, 17.8],
			"to": [8.6, 7.1, 18],
			"rotation": {"angle": 0, "axis": "y", "origin": [4, 0, 8]},
			"faces": {
				"north": {"uv": [8, 2, 9, 3], "texture": "#308_hunting_rifle_4"},
				"east": {"uv": [4.5, 2, 13, 3], "texture": "#308_hunting_rifle_4"},
				"south": {"uv": [7, 2, 8, 3], "texture": "#308_hunting_rifle_4"},
				"west": {"uv": [3, 2, 11.5, 3], "texture": "#308_hunting_rifle_4"},
				"up": {"uv": [7, 3, 8, 11.5], "texture": "#308_hunting_rifle_4"},
				"down": {"uv": [9, 11.5, 8, 3], "texture": "#308_hunting_rifle_4"}
			}
		},
		{
			"name": "3",
			"from": [7.7, 6.792, 14.467],
			"to": [8.3, 6.992, 15.267],
			"rotation": {"angle": -22.5, "axis": "x", "origin": [7.7, 6.992, 14.467]},
			"faces": {
				"north": {"uv": [8, 2, 9, 3], "texture": "#308_hunting_rifle_3"},
				"east": {"uv": [4.5, 2, 13, 3], "texture": "#308_hunting_rifle_3"},
				"south": {"uv": [7, 2, 8, 3], "texture": "#308_hunting_rifle_3"},
				"west": {"uv": [3, 2, 11.5, 3], "texture": "#308_hunting_rifle_3"},
				"up": {"uv": [7, 3, 8, 11.5], "texture": "#308_hunting_rifle_3"},
				"down": {"uv": [9, 11.5, 8, 3], "texture": "#308_hunting_rifle_3"}
			}
		},
		{
			"name": "3",
			"from": [7.7, 6.379, 14.529],
			"to": [8.3, 6.579, 15.329],
			"rotation": {"angle": 22.5, "axis": "x", "origin": [7.7, 6.579, 14.529]},
			"faces": {
				"north": {"uv": [8, 2, 9, 3], "texture": "#308_hunting_rifle_3"},
				"east": {"uv": [4.5, 2, 13, 3], "texture": "#308_hunting_rifle_3"},
				"south": {"uv": [7, 2, 8, 3], "texture": "#308_hunting_rifle_3"},
				"west": {"uv": [3, 2, 11.5, 3], "texture": "#308_hunting_rifle_3"},
				"up": {"uv": [7, 3, 8, 11.5], "texture": "#308_hunting_rifle_3"},
				"down": {"uv": [9, 11.5, 8, 3], "texture": "#308_hunting_rifle_3"}
			}
		},
		{
			"name": "3",
			"from": [7.709, 6.4, 14.475],
			"to": [7.909, 7, 15.275],
			"rotation": {"angle": -22.5, "axis": "y", "origin": [7.709, 6.4, 14.475]},
			"faces": {
				"north": {"uv": [8, 2, 9, 3], "texture": "#308_hunting_rifle_3"},
				"east": {"uv": [4.5, 2, 13, 3], "texture": "#308_hunting_rifle_3"},
				"south": {"uv": [7, 2, 8, 3], "texture": "#308_hunting_rifle_3"},
				"west": {"uv": [3, 2, 11.5, 3], "texture": "#308_hunting_rifle_3"},
				"up": {"uv": [7, 3, 8, 11.5], "texture": "#308_hunting_rifle_3"},
				"down": {"uv": [9, 11.5, 8, 3], "texture": "#308_hunting_rifle_3"}
			}
		},
		{
			"name": "3",
			"from": [8.1, 6.4, 14.55],
			"to": [8.3, 7, 15.35],
			"rotation": {"angle": 22.5, "axis": "y", "origin": [8.1, 6.4, 14.55]},
			"faces": {
				"north": {"uv": [8, 2, 9, 3], "texture": "#308_hunting_rifle_3"},
				"east": {"uv": [4.5, 2, 13, 3], "texture": "#308_hunting_rifle_3"},
				"south": {"uv": [7, 2, 8, 3], "texture": "#308_hunting_rifle_3"},
				"west": {"uv": [3, 2, 11.5, 3], "texture": "#308_hunting_rifle_3"},
				"up": {"uv": [7, 3, 8, 11.5], "texture": "#308_hunting_rifle_3"},
				"down": {"uv": [9, 11.5, 8, 3], "texture": "#308_hunting_rifle_3"}
			}
		},
		{
			"name": "3",
			"from": [7.7, 6.992, 15.263],
			"to": [8.3, 7.192, 16.063],
			"rotation": {"angle": -22.5, "axis": "x", "origin": [7.7, 7.192, 15.263]},
			"faces": {
				"north": {"uv": [8, 2, 9, 3], "texture": "#308_hunting_rifle_3"},
				"east": {"uv": [4.5, 2, 13, 3], "texture": "#308_hunting_rifle_3"},
				"south": {"uv": [7, 2, 8, 3], "texture": "#308_hunting_rifle_3"},
				"west": {"uv": [3, 2, 11.5, 3], "texture": "#308_hunting_rifle_3"},
				"up": {"uv": [7, 3, 8, 11.5], "texture": "#308_hunting_rifle_3"},
				"down": {"uv": [9, 11.5, 8, 3], "texture": "#308_hunting_rifle_3"}
			}
		},
		{
			"name": "3",
			"from": [7.7, 6.192, 15.342],
			"to": [8.3, 6.392, 16.142],
			"rotation": {"angle": 22.5, "axis": "x", "origin": [7.7, 6.392, 15.342]},
			"faces": {
				"north": {"uv": [8, 2, 9, 3], "texture": "#308_hunting_rifle_3"},
				"east": {"uv": [4.5, 2, 13, 3], "texture": "#308_hunting_rifle_3"},
				"south": {"uv": [7, 2, 8, 3], "texture": "#308_hunting_rifle_3"},
				"west": {"uv": [3, 2, 11.5, 3], "texture": "#308_hunting_rifle_3"},
				"up": {"uv": [7, 3, 8, 11.5], "texture": "#308_hunting_rifle_3"},
				"down": {"uv": [9, 11.5, 8, 3], "texture": "#308_hunting_rifle_3"}
			}
		},
		{
			"name": "1",
			"from": [7.6, 2.85, 16.5],
			"to": [8.4, 3.65, 16.9],
			"rotation": {"angle": 22.5, "axis": "x", "origin": [7.6, 3.65, 16.5]},
			"faces": {
				"north": {"uv": [7, 7, 9, 9], "texture": "#308_hunting_rifle_1"},
				"east": {"uv": [4, 7, 16, 9], "texture": "#308_hunting_rifle_1"},
				"south": {"uv": [7, 7, 9, 9], "texture": "#308_hunting_rifle_1"},
				"west": {"uv": [0, 7, 12, 9], "texture": "#308_hunting_rifle_1"},
				"up": {"uv": [7, 0, 9, 12], "texture": "#308_hunting_rifle_1"},
				"down": {"uv": [9, 12, 7, 0], "texture": "#308_hunting_rifle_1"}
			}
		},
		{
			"name": "3",
			"from": [7.501, 6.4, 15.2526],
			"to": [7.701, 7, 16.0526],
			"rotation": {"angle": -22.5, "axis": "y", "origin": [7.501, 6.4, 15.2526]},
			"faces": {
				"north": {"uv": [8, 2, 9, 3], "texture": "#308_hunting_rifle_3"},
				"east": {"uv": [4.5, 2, 13, 3], "texture": "#308_hunting_rifle_3"},
				"south": {"uv": [7, 2, 8, 3], "texture": "#308_hunting_rifle_3"},
				"west": {"uv": [3, 2, 11.5, 3], "texture": "#308_hunting_rifle_3"},
				"up": {"uv": [7, 3, 8, 11.5], "texture": "#308_hunting_rifle_3"},
				"down": {"uv": [9, 11.5, 8, 3], "texture": "#308_hunting_rifle_3"}
			}
		},
		{
			"name": "3",
			"from": [8.3, 6.4, 15.325],
			"to": [8.5, 7, 16.125],
			"rotation": {"angle": 22.5, "axis": "y", "origin": [8.3, 6.4, 15.325]},
			"faces": {
				"north": {"uv": [8, 2, 9, 3], "texture": "#308_hunting_rifle_3"},
				"east": {"uv": [4.5, 2, 13, 3], "texture": "#308_hunting_rifle_3"},
				"south": {"uv": [7, 2, 8, 3], "texture": "#308_hunting_rifle_3"},
				"west": {"uv": [3, 2, 11.5, 3], "texture": "#308_hunting_rifle_3"},
				"up": {"uv": [7, 3, 8, 11.5], "texture": "#308_hunting_rifle_3"},
				"down": {"uv": [9, 11.5, 8, 3], "texture": "#308_hunting_rifle_3"}
			}
		},
		{
			"name": "3",
			"from": [7.825, 4.45, 22.6],
			"to": [8.225, 5.05, 23],
			"rotation": {"angle": -22.5, "axis": "z", "origin": [7.825, 5.05, 22.6]},
			"faces": {
				"north": {"uv": [7, 7, 9, 9], "texture": "#308_hunting_rifle_3"},
				"east": {"uv": [4, 7, 16, 9], "texture": "#308_hunting_rifle_3"},
				"south": {"uv": [7, 7, 9, 9], "texture": "#308_hunting_rifle_3"},
				"west": {"uv": [0, 7, 12, 9], "texture": "#308_hunting_rifle_3"},
				"up": {"uv": [7, 0, 9, 12], "texture": "#308_hunting_rifle_3"},
				"down": {"uv": [9, 12, 7, 0], "texture": "#308_hunting_rifle_3"}
			}
		},
		{
			"name": "3",
			"from": [7.804, 4.296, 22.6],
			"to": [8.204, 4.896, 23],
			"rotation": {"angle": 22.5, "axis": "z", "origin": [7.804, 4.896, 22.6]},
			"faces": {
				"north": {"uv": [7, 7, 9, 9], "texture": "#308_hunting_rifle_3"},
				"east": {"uv": [4, 7, 16, 9], "texture": "#308_hunting_rifle_3"},
				"south": {"uv": [7, 7, 9, 9], "texture": "#308_hunting_rifle_3"},
				"west": {"uv": [0, 7, 12, 9], "texture": "#308_hunting_rifle_3"},
				"up": {"uv": [7, 0, 9, 12], "texture": "#308_hunting_rifle_3"},
				"down": {"uv": [9, 12, 7, 0], "texture": "#308_hunting_rifle_3"}
			}
		},
		{
			"name": "3",
			"from": [7.825, 4.85, 22.6],
			"to": [8.175, 5.05, 23],
			"rotation": {"angle": 0, "axis": "y", "origin": [4, 0, 8]},
			"faces": {
				"north": {"uv": [7, 7, 9, 9], "texture": "#308_hunting_rifle_3"},
				"east": {"uv": [4, 7, 16, 9], "texture": "#308_hunting_rifle_3"},
				"south": {"uv": [7, 7, 9, 9], "texture": "#308_hunting_rifle_3"},
				"west": {"uv": [0, 7, 12, 9], "texture": "#308_hunting_rifle_3"},
				"up": {"uv": [7, 0, 9, 12], "texture": "#308_hunting_rifle_3"},
				"down": {"uv": [9, 12, 7, 0], "texture": "#308_hunting_rifle_3"}
			}
		},
		{
			"name": "3",
			"from": [8.4, 6.575, 13.6],
			"to": [8.8, 6.975, 14],
			"rotation": {"angle": 45, "axis": "x", "origin": [8.4, 6.975, 13.6]},
			"faces": {
				"north": {"uv": [8, 2, 9, 3], "texture": "#308_hunting_rifle_3"},
				"east": {"uv": [4.5, 2, 13, 3], "texture": "#308_hunting_rifle_3"},
				"south": {"uv": [7, 2, 8, 3], "texture": "#308_hunting_rifle_3"},
				"west": {"uv": [3, 2, 11.5, 3], "texture": "#308_hunting_rifle_3"},
				"up": {"uv": [7, 3, 8, 11.5], "texture": "#308_hunting_rifle_3"},
				"down": {"uv": [9, 11.5, 8, 3], "texture": "#308_hunting_rifle_3"}
			}
		},
		{
			"name": "3",
			"from": [8.2, 6.6, 14.2],
			"to": [8.6, 6.9, 14.475],
			"rotation": {"angle": 45, "axis": "x", "origin": [8.2, 6.9, 14.2]},
			"faces": {
				"north": {"uv": [8, 2, 9, 3], "texture": "#308_hunting_rifle_3"},
				"east": {"uv": [4.5, 2, 13, 3], "texture": "#308_hunting_rifle_3"},
				"south": {"uv": [7, 2, 8, 3], "texture": "#308_hunting_rifle_3"},
				"west": {"uv": [3, 2, 11.5, 3], "texture": "#308_hunting_rifle_3"},
				"up": {"uv": [7, 3, 8, 11.5], "texture": "#308_hunting_rifle_3"},
				"down": {"uv": [9, 11.5, 8, 3], "texture": "#308_hunting_rifle_3"}
			}
		},
		{
			"name": "2",
			"from": [8.2, 5.1, 15.8],
			"to": [8.4, 5.3, 16],
			"rotation": {"angle": 0, "axis": "y", "origin": [4, 0, 8]},
			"faces": {
				"north": {"uv": [7.5, 6.5, 8.5, 7.5], "texture": "#308_hunting_rifle_2"},
				"east": {"uv": [3, 6.5, 4, 7.5], "texture": "#308_hunting_rifle_2"},
				"south": {"uv": [7.5, 6.5, 8.5, 7.5], "texture": "#308_hunting_rifle_2"},
				"west": {"uv": [12, 6.5, 13, 7.5], "texture": "#308_hunting_rifle_2"},
				"up": {"uv": [7.5, 12, 8.5, 13], "texture": "#308_hunting_rifle_2"},
				"down": {"uv": [8.5, 13, 7.5, 12], "texture": "#308_hunting_rifle_2"}
			}
		},
		{
			"name": "2",
			"from": [8.4, 5.1, 15.8],
			"to": [8.8, 5.3, 16],
			"rotation": {"angle": -45, "axis": "z", "origin": [8.4, 5.3, 15.8]},
			"faces": {
				"north": {"uv": [7.5, 6.5, 8.5, 7.5], "texture": "#308_hunting_rifle_2"},
				"east": {"uv": [3, 6.5, 4, 7.5], "texture": "#308_hunting_rifle_2"},
				"south": {"uv": [7.5, 6.5, 8.5, 7.5], "texture": "#308_hunting_rifle_2"},
				"west": {"uv": [12, 6.5, 13, 7.5], "texture": "#308_hunting_rifle_2"},
				"up": {"uv": [7.5, 12, 8.5, 13], "texture": "#308_hunting_rifle_2"},
				"down": {"uv": [8.5, 13, 7.5, 12], "texture": "#308_hunting_rifle_2"}
			}
		},
		{
			"name": "2",
			"from": [8.492, 4.55, 15.8],
			"to": [8.692, 4.95, 16],
			"rotation": {"angle": 22.5, "axis": "z", "origin": [8.492, 4.95, 15.8]},
			"faces": {
				"north": {"uv": [7.5, 6.5, 8.5, 7.5], "texture": "#308_hunting_rifle_2"},
				"east": {"uv": [3, 6.5, 4, 7.5], "texture": "#308_hunting_rifle_2"},
				"south": {"uv": [7.5, 6.5, 8.5, 7.5], "texture": "#308_hunting_rifle_2"},
				"west": {"uv": [12, 6.5, 13, 7.5], "texture": "#308_hunting_rifle_2"},
				"up": {"uv": [7.5, 12, 8.5, 13], "texture": "#308_hunting_rifle_2"},
				"down": {"uv": [8.5, 13, 7.5, 12], "texture": "#308_hunting_rifle_2"}
			}
		},
		{
			"name": "2",
			"from": [7.8, 5.3, 8.6],
			"to": [8.2, 5.5, 9],
			"rotation": {"angle": 0, "axis": "y", "origin": [4, 0, 8]},
			"faces": {
				"north": {"uv": [7.5, 6.25, 8.5, 6.5], "texture": "#308_hunting_rifle_2"},
				"east": {"uv": [11.9375, 6.25, 16, 6.5], "texture": "#308_hunting_rifle_2"},
				"south": {"uv": [7.5, 6.25, 8.5, 6.5], "texture": "#308_hunting_rifle_2"},
				"west": {"uv": [0, 6.25, 4.0625, 6.5], "texture": "#308_hunting_rifle_2"},
				"up": {"uv": [7.5, 0, 8.5, 4.0625], "texture": "#308_hunting_rifle_2"},
				"down": {"uv": [8.5, 4.0625, 7.5, 0], "texture": "#308_hunting_rifle_2"}
			}
		},
		{
			"name": "2",
			"from": [7.85, 5.5, 8.75],
			"to": [8.15, 5.7, 8.875],
			"rotation": {"angle": 0, "axis": "y", "origin": [4, 0, 8]},
			"faces": {
				"north": {"uv": [7.5, 6.25, 8.5, 6.5], "texture": "#308_hunting_rifle_2"},
				"east": {"uv": [11.9375, 6.25, 16, 6.5], "texture": "#308_hunting_rifle_2"},
				"south": {"uv": [7.5, 6.25, 8.5, 6.5], "texture": "#308_hunting_rifle_2"},
				"west": {"uv": [0, 6.25, 4.0625, 6.5], "texture": "#308_hunting_rifle_2"},
				"up": {"uv": [7.5, 0, 8.5, 4.0625], "texture": "#308_hunting_rifle_2"},
				"down": {"uv": [8.5, 4.0625, 7.5, 0], "texture": "#308_hunting_rifle_2"}
			}
		},
		{
			"name": "2",
			"from": [7.85, 4.925, 16.2],
			"to": [8.15, 5.225, 16.375],
			"rotation": {"angle": 0, "axis": "y", "origin": [4, 0, 8]},
			"faces": {
				"north": {"uv": [7.5, 6.5, 8.5, 7.5], "texture": "#308_hunting_rifle_2"},
				"east": {"uv": [3, 6.5, 4, 7.5], "texture": "#308_hunting_rifle_2"},
				"south": {"uv": [7.5, 6.5, 8.5, 7.5], "texture": "#308_hunting_rifle_2"},
				"west": {"uv": [12, 6.5, 13, 7.5], "texture": "#308_hunting_rifle_2"},
				"up": {"uv": [7.5, 12, 8.5, 13], "texture": "#308_hunting_rifle_2"},
				"down": {"uv": [8.5, 13, 7.5, 12], "texture": "#308_hunting_rifle_2"}
			}
		},
		{
			"name": "4",
			"from": [8.2, 6.9, 17.8],
			"to": [8.6, 7.3, 18],
			"rotation": {"angle": 0, "axis": "y", "origin": [4, 0, 8]},
			"faces": {
				"north": {"uv": [8, 2, 9, 3], "texture": "#308_hunting_rifle_4"},
				"east": {"uv": [4.5, 2, 13, 3], "texture": "#308_hunting_rifle_4"},
				"south": {"uv": [7, 2, 8, 3], "texture": "#308_hunting_rifle_4"},
				"west": {"uv": [3, 2, 11.5, 3], "texture": "#308_hunting_rifle_4"},
				"up": {"uv": [7, 3, 8, 11.5], "texture": "#308_hunting_rifle_4"},
				"down": {"uv": [9, 11.5, 8, 3], "texture": "#308_hunting_rifle_4"}
			}
		},
		{
			"name": "4",
			"from": [7.4, 6.1, 17.8],
			"to": [7.8, 6.5, 18],
			"rotation": {"angle": 0, "axis": "y", "origin": [4, 0, 8]},
			"faces": {
				"north": {"uv": [8, 2, 9, 3], "texture": "#308_hunting_rifle_4"},
				"east": {"uv": [4.5, 2, 13, 3], "texture": "#308_hunting_rifle_4"},
				"south": {"uv": [7, 2, 8, 3], "texture": "#308_hunting_rifle_4"},
				"west": {"uv": [3, 2, 11.5, 3], "texture": "#308_hunting_rifle_4"},
				"up": {"uv": [7, 3, 8, 11.5], "texture": "#308_hunting_rifle_4"},
				"down": {"uv": [9, 11.5, 8, 3], "texture": "#308_hunting_rifle_4"}
			}
		},
		{
			"name": "4",
			"from": [8.2, 6.1, 17.8],
			"to": [8.6, 6.5, 18],
			"rotation": {"angle": 0, "axis": "y", "origin": [4, 0, 8]},
			"faces": {
				"north": {"uv": [8, 2, 9, 3], "texture": "#308_hunting_rifle_4"},
				"east": {"uv": [4.5, 2, 13, 3], "texture": "#308_hunting_rifle_4"},
				"south": {"uv": [7, 2, 8, 3], "texture": "#308_hunting_rifle_4"},
				"west": {"uv": [3, 2, 11.5, 3], "texture": "#308_hunting_rifle_4"},
				"up": {"uv": [7, 3, 8, 11.5], "texture": "#308_hunting_rifle_4"},
				"down": {"uv": [9, 11.5, 8, 3], "texture": "#308_hunting_rifle_4"}
			}
		},
		{
			"name": "3",
			"from": [8.396, 7.3, 16],
			"to": [8.971, 7.5, 18.4],
			"rotation": {"angle": -45, "axis": "z", "origin": [8.396, 7.5, 16]},
			"faces": {
				"north": {"uv": [8, 2, 9, 3], "texture": "#308_hunting_rifle_3"},
				"east": {"uv": [4.5, 2, 13, 3], "texture": "#308_hunting_rifle_3"},
				"south": {"uv": [7, 2, 8, 3], "texture": "#308_hunting_rifle_3"},
				"west": {"uv": [3, 2, 11.5, 3], "texture": "#308_hunting_rifle_3"},
				"up": {"uv": [7, 3, 8, 11.5], "texture": "#308_hunting_rifle_3"},
				"down": {"uv": [9, 11.5, 8, 3], "texture": "#308_hunting_rifle_3"}
			}
		},
		{
			"name": "3",
			"from": [7.342, 6.245, 16],
			"to": [7.917, 6.445, 18.4],
			"rotation": {"angle": -45, "axis": "z", "origin": [7.342, 6.445, 16]},
			"faces": {
				"north": {"uv": [8, 2, 9, 3], "texture": "#308_hunting_rifle_3"},
				"east": {"uv": [4.5, 2, 13, 3], "texture": "#308_hunting_rifle_3"},
				"south": {"uv": [7, 2, 8, 3], "texture": "#308_hunting_rifle_3"},
				"west": {"uv": [3, 2, 11.5, 3], "texture": "#308_hunting_rifle_3"},
				"up": {"uv": [7, 3, 8, 11.5], "texture": "#308_hunting_rifle_3"},
				"down": {"uv": [9, 11.5, 8, 3], "texture": "#308_hunting_rifle_3"}
			}
		},
		{
			"name": "3",
			"from": [8.254, 5.841, 16],
			"to": [8.829, 6.041, 18.4],
			"rotation": {"angle": 45, "axis": "z", "origin": [8.254, 6.041, 16]},
			"faces": {
				"north": {"uv": [8, 2, 9, 3], "texture": "#308_hunting_rifle_3"},
				"east": {"uv": [4.5, 2, 13, 3], "texture": "#308_hunting_rifle_3"},
				"south": {"uv": [7, 2, 8, 3], "texture": "#308_hunting_rifle_3"},
				"west": {"uv": [3, 2, 11.5, 3], "texture": "#308_hunting_rifle_3"},
				"up": {"uv": [7, 3, 8, 11.5], "texture": "#308_hunting_rifle_3"},
				"down": {"uv": [9, 11.5, 8, 3], "texture": "#308_hunting_rifle_3"}
			}
		},
		{
			"name": "3",
			"from": [7.6, 7.3, 8.8],
			"to": [8.4, 7.5, 11.2],
			"rotation": {"angle": 0, "axis": "y", "origin": [4, 0, 8]},
			"faces": {
				"north": {"uv": [8, 2, 9, 3], "texture": "#308_hunting_rifle_3"},
				"east": {"uv": [4.5, 2, 13, 3], "texture": "#308_hunting_rifle_3"},
				"south": {"uv": [7, 2, 8, 3], "texture": "#308_hunting_rifle_3"},
				"west": {"uv": [3, 2, 11.5, 3], "texture": "#308_hunting_rifle_3"},
				"up": {"uv": [7, 3, 8, 11.5], "texture": "#308_hunting_rifle_3"},
				"down": {"uv": [9, 11.5, 8, 3], "texture": "#308_hunting_rifle_3"}
			}
		},
		{
			"name": "3",
			"from": [7.6, 5.9, 8.8],
			"to": [8.4, 6.1, 11.2],
			"rotation": {"angle": 0, "axis": "y", "origin": [4, 0, 8]},
			"faces": {
				"north": {"uv": [8, 2, 9, 3], "texture": "#308_hunting_rifle_3"},
				"east": {"uv": [4.5, 2, 13, 3], "texture": "#308_hunting_rifle_3"},
				"south": {"uv": [7, 2, 8, 3], "texture": "#308_hunting_rifle_3"},
				"west": {"uv": [3, 2, 11.5, 3], "texture": "#308_hunting_rifle_3"},
				"up": {"uv": [7, 3, 8, 11.5], "texture": "#308_hunting_rifle_3"},
				"down": {"uv": [9, 11.5, 8, 3], "texture": "#308_hunting_rifle_3"}
			}
		},
		{
			"name": "3",
			"from": [7.2, 6.3, 8.8],
			"to": [7.4, 7.1, 11.2],
			"rotation": {"angle": 0, "axis": "y", "origin": [4, 0, 8]},
			"faces": {
				"north": {"uv": [8, 2, 9, 3], "texture": "#308_hunting_rifle_3"},
				"east": {"uv": [4.5, 2, 13, 3], "texture": "#308_hunting_rifle_3"},
				"south": {"uv": [7, 2, 8, 3], "texture": "#308_hunting_rifle_3"},
				"west": {"uv": [3, 2, 11.5, 3], "texture": "#308_hunting_rifle_3"},
				"up": {"uv": [7, 3, 8, 11.5], "texture": "#308_hunting_rifle_3"},
				"down": {"uv": [9, 11.5, 8, 3], "texture": "#308_hunting_rifle_3"}
			}
		},
		{
			"name": "3",
			"from": [8.6, 6.3, 8.8],
			"to": [8.8, 7.1, 11.2],
			"rotation": {"angle": 0, "axis": "y", "origin": [4, 0, 8]},
			"faces": {
				"north": {"uv": [8, 2, 9, 3], "texture": "#308_hunting_rifle_3"},
				"east": {"uv": [4.5, 2, 13, 3], "texture": "#308_hunting_rifle_3"},
				"south": {"uv": [7, 2, 8, 3], "texture": "#308_hunting_rifle_3"},
				"west": {"uv": [3, 2, 11.5, 3], "texture": "#308_hunting_rifle_3"},
				"up": {"uv": [7, 3, 8, 11.5], "texture": "#308_hunting_rifle_3"},
				"down": {"uv": [9, 11.5, 8, 3], "texture": "#308_hunting_rifle_3"}
			}
		},
		{
			"name": "4",
			"from": [7.6, 6.1, 9.2],
			"to": [8.4, 7.3, 9.4],
			"rotation": {"angle": 0, "axis": "y", "origin": [4, 0, 8]},
			"faces": {
				"north": {"uv": [8, 2, 9, 3], "texture": "#308_hunting_rifle_4"},
				"east": {"uv": [4.5, 2, 13, 3], "texture": "#308_hunting_rifle_4"},
				"south": {"uv": [7, 2, 8, 3], "texture": "#308_hunting_rifle_4"},
				"west": {"uv": [3, 2, 11.5, 3], "texture": "#308_hunting_rifle_4"},
				"up": {"uv": [7, 3, 8, 11.5], "texture": "#308_hunting_rifle_4"},
				"down": {"uv": [9, 11.5, 8, 3], "texture": "#308_hunting_rifle_4"}
			}
		},
		{
			"name": "3",
			"from": [7.2, 6.9, 8.8],
			"to": [7.775, 7.1, 11.2],
			"rotation": {"angle": 45, "axis": "z", "origin": [7.2, 7.1, 8.8]},
			"faces": {
				"north": {"uv": [8, 2, 9, 3], "texture": "#308_hunting_rifle_3"},
				"east": {"uv": [4.5, 2, 13, 3], "texture": "#308_hunting_rifle_3"},
				"south": {"uv": [7, 2, 8, 3], "texture": "#308_hunting_rifle_3"},
				"west": {"uv": [3, 2, 11.5, 3], "texture": "#308_hunting_rifle_3"},
				"up": {"uv": [7, 3, 8, 11.5], "texture": "#308_hunting_rifle_3"},
				"down": {"uv": [9, 11.5, 8, 3], "texture": "#308_hunting_rifle_3"}
			}
		},
		{
			"name": "4",
			"from": [7.4, 6.3, 9.2],
			"to": [8.6, 7.1, 9.4],
			"rotation": {"angle": 0, "axis": "y", "origin": [4, 0, 8]},
			"faces": {
				"north": {"uv": [8, 2, 9, 3], "texture": "#308_hunting_rifle_4"},
				"east": {"uv": [4.5, 2, 13, 3], "texture": "#308_hunting_rifle_4"},
				"south": {"uv": [7, 2, 8, 3], "texture": "#308_hunting_rifle_4"},
				"west": {"uv": [3, 2, 11.5, 3], "texture": "#308_hunting_rifle_4"},
				"up": {"uv": [7, 3, 8, 11.5], "texture": "#308_hunting_rifle_4"},
				"down": {"uv": [9, 11.5, 8, 3], "texture": "#308_hunting_rifle_4"}
			}
		},
		{
			"name": "4",
			"from": [8.2, 6.9, 9.2],
			"to": [8.6, 7.3, 9.4],
			"rotation": {"angle": 0, "axis": "y", "origin": [4, 0, 8]},
			"faces": {
				"north": {"uv": [8, 2, 9, 3], "texture": "#308_hunting_rifle_4"},
				"east": {"uv": [4.5, 2, 13, 3], "texture": "#308_hunting_rifle_4"},
				"south": {"uv": [7, 2, 8, 3], "texture": "#308_hunting_rifle_4"},
				"west": {"uv": [3, 2, 11.5, 3], "texture": "#308_hunting_rifle_4"},
				"up": {"uv": [7, 3, 8, 11.5], "texture": "#308_hunting_rifle_4"},
				"down": {"uv": [9, 11.5, 8, 3], "texture": "#308_hunting_rifle_4"}
			}
		},
		{
			"name": "4",
			"from": [7.4, 6.9, 9.2],
			"to": [7.8, 7.3, 9.4],
			"rotation": {"angle": 0, "axis": "y", "origin": [4, 0, 8]},
			"faces": {
				"north": {"uv": [8, 2, 9, 3], "texture": "#308_hunting_rifle_4"},
				"east": {"uv": [4.5, 2, 13, 3], "texture": "#308_hunting_rifle_4"},
				"south": {"uv": [7, 2, 8, 3], "texture": "#308_hunting_rifle_4"},
				"west": {"uv": [3, 2, 11.5, 3], "texture": "#308_hunting_rifle_4"},
				"up": {"uv": [7, 3, 8, 11.5], "texture": "#308_hunting_rifle_4"},
				"down": {"uv": [9, 11.5, 8, 3], "texture": "#308_hunting_rifle_4"}
			}
		},
		{
			"name": "4",
			"from": [7.4, 6.1, 9.2],
			"to": [7.8, 6.5, 9.4],
			"rotation": {"angle": 0, "axis": "y", "origin": [4, 0, 8]},
			"faces": {
				"north": {"uv": [8, 2, 9, 3], "texture": "#308_hunting_rifle_4"},
				"east": {"uv": [4.5, 2, 13, 3], "texture": "#308_hunting_rifle_4"},
				"south": {"uv": [7, 2, 8, 3], "texture": "#308_hunting_rifle_4"},
				"west": {"uv": [3, 2, 11.5, 3], "texture": "#308_hunting_rifle_4"},
				"up": {"uv": [7, 3, 8, 11.5], "texture": "#308_hunting_rifle_4"},
				"down": {"uv": [9, 11.5, 8, 3], "texture": "#308_hunting_rifle_4"}
			}
		},
		{
			"name": "4",
			"from": [8.2, 6.1, 9.2],
			"to": [8.6, 6.5, 9.4],
			"rotation": {"angle": 0, "axis": "y", "origin": [4, 0, 8]},
			"faces": {
				"north": {"uv": [8, 2, 9, 3], "texture": "#308_hunting_rifle_4"},
				"east": {"uv": [4.5, 2, 13, 3], "texture": "#308_hunting_rifle_4"},
				"south": {"uv": [7, 2, 8, 3], "texture": "#308_hunting_rifle_4"},
				"west": {"uv": [3, 2, 11.5, 3], "texture": "#308_hunting_rifle_4"},
				"up": {"uv": [7, 3, 8, 11.5], "texture": "#308_hunting_rifle_4"},
				"down": {"uv": [9, 11.5, 8, 3], "texture": "#308_hunting_rifle_4"}
			}
		},
		{
			"name": "3",
			"from": [8.4, 7.3, 8.8],
			"to": [8.975, 7.5, 11.2],
			"rotation": {"angle": -45, "axis": "z", "origin": [8.4, 7.5, 8.8]},
			"faces": {
				"north": {"uv": [8, 2, 9, 3], "texture": "#308_hunting_rifle_3"},
				"east": {"uv": [4.5, 2, 13, 3], "texture": "#308_hunting_rifle_3"},
				"south": {"uv": [7, 2, 8, 3], "texture": "#308_hunting_rifle_3"},
				"west": {"uv": [3, 2, 11.5, 3], "texture": "#308_hunting_rifle_3"},
				"up": {"uv": [7, 3, 8, 11.5], "texture": "#308_hunting_rifle_3"},
				"down": {"uv": [9, 11.5, 8, 3], "texture": "#308_hunting_rifle_3"}
			}
		},
		{
			"name": "3",
			"from": [7.342, 6.245, 8.8],
			"to": [7.917, 6.445, 11.2],
			"rotation": {"angle": -45, "axis": "z", "origin": [7.342, 6.445, 8.8]},
			"faces": {
				"north": {"uv": [8, 2, 9, 3], "texture": "#308_hunting_rifle_3"},
				"east": {"uv": [4.5, 2, 13, 3], "texture": "#308_hunting_rifle_3"},
				"south": {"uv": [7, 2, 8, 3], "texture": "#308_hunting_rifle_3"},
				"west": {"uv": [3, 2, 11.5, 3], "texture": "#308_hunting_rifle_3"},
				"up": {"uv": [7, 3, 8, 11.5], "texture": "#308_hunting_rifle_3"},
				"down": {"uv": [9, 11.5, 8, 3], "texture": "#308_hunting_rifle_3"}
			}
		},
		{
			"name": "3",
			"from": [8.254, 5.837, 8.8],
			"to": [8.829, 6.037, 11.2],
			"rotation": {"angle": 45, "axis": "z", "origin": [8.254, 6.037, 8.8]},
			"faces": {
				"north": {"uv": [8, 2, 9, 3], "texture": "#308_hunting_rifle_3"},
				"east": {"uv": [4.5, 2, 13, 3], "texture": "#308_hunting_rifle_3"},
				"south": {"uv": [7, 2, 8, 3], "texture": "#308_hunting_rifle_3"},
				"west": {"uv": [3, 2, 11.5, 3], "texture": "#308_hunting_rifle_3"},
				"up": {"uv": [7, 3, 8, 11.5], "texture": "#308_hunting_rifle_3"},
				"down": {"uv": [9, 11.5, 8, 3], "texture": "#308_hunting_rifle_3"}
			}
		},
		{
			"name": "4",
			"from": [7.4, 6.9, 17.8],
			"to": [7.8, 7.3, 18],
			"rotation": {"angle": 0, "axis": "y", "origin": [4, 0, 8]},
			"faces": {
				"north": {"uv": [8, 2, 9, 3], "texture": "#308_hunting_rifle_4"},
				"east": {"uv": [4.5, 2, 13, 3], "texture": "#308_hunting_rifle_4"},
				"south": {"uv": [7, 2, 8, 3], "texture": "#308_hunting_rifle_4"},
				"west": {"uv": [3, 2, 11.5, 3], "texture": "#308_hunting_rifle_4"},
				"up": {"uv": [7, 3, 8, 11.5], "texture": "#308_hunting_rifle_4"},
				"down": {"uv": [9, 11.5, 8, 3], "texture": "#308_hunting_rifle_4"}
			}
		},
		{
			"name": "2",
			"from": [8.55, 4.2, 15.7],
			"to": [8.95, 4.6, 16.1],
			"rotation": {"angle": 22.5, "axis": "z", "origin": [8.55, 4.6, 15.7]},
			"faces": {
				"north": {"uv": [7.5, 6.5, 8.5, 7.5], "texture": "#308_hunting_rifle_2"},
				"east": {"uv": [3, 6.5, 4, 7.5], "texture": "#308_hunting_rifle_2"},
				"south": {"uv": [7.5, 6.5, 8.5, 7.5], "texture": "#308_hunting_rifle_2"},
				"west": {"uv": [12, 6.5, 13, 7.5], "texture": "#308_hunting_rifle_2"},
				"up": {"uv": [7.5, 12, 8.5, 13], "texture": "#308_hunting_rifle_2"},
				"down": {"uv": [8.5, 13, 7.5, 12], "texture": "#308_hunting_rifle_2"}
			}
		},
		{
			"name": "1",
			"from": [7.6, 1.9, 19.325],
			"to": [8.4, 2.3, 22.6],
			"rotation": {"angle": 0, "axis": "y", "origin": [4, 0, 8]},
			"faces": {
				"north": {"uv": [7, 7, 9, 9], "texture": "#308_hunting_rifle_1"},
				"east": {"uv": [4, 7, 16, 9], "texture": "#308_hunting_rifle_1"},
				"south": {"uv": [7, 7, 9, 9], "texture": "#308_hunting_rifle_1"},
				"west": {"uv": [0, 7, 12, 9], "texture": "#308_hunting_rifle_1"},
				"up": {"uv": [7, 0, 9, 12], "texture": "#308_hunting_rifle_1"},
				"down": {"uv": [9, 12, 7, 0], "texture": "#308_hunting_rifle_1"}
			}
		},
		{
			"name": "1",
			"from": [7.6, 2.3, 18.4],
			"to": [8.4, 2.7, 22.6],
			"rotation": {"angle": 0, "axis": "y", "origin": [4, 0, 8]},
			"faces": {
				"north": {"uv": [7, 7, 9, 9], "texture": "#308_hunting_rifle_1"},
				"east": {"uv": [4, 7, 16, 9], "texture": "#308_hunting_rifle_1"},
				"south": {"uv": [7, 7, 9, 9], "texture": "#308_hunting_rifle_1"},
				"west": {"uv": [0, 7, 12, 9], "texture": "#308_hunting_rifle_1"},
				"up": {"uv": [7, 0, 9, 12], "texture": "#308_hunting_rifle_1"},
				"down": {"uv": [9, 12, 7, 0], "texture": "#308_hunting_rifle_1"}
			}
		},
		{
			"name": "1",
			"from": [7.6, 2.65, 17.8],
			"to": [8.4, 3.1, 22.6],
			"rotation": {"angle": 0, "axis": "y", "origin": [4, 0, 8]},
			"faces": {
				"north": {"uv": [7, 7, 9, 9], "texture": "#308_hunting_rifle_1"},
				"east": {"uv": [4, 7, 16, 9], "texture": "#308_hunting_rifle_1"},
				"south": {"uv": [7, 7, 9, 9], "texture": "#308_hunting_rifle_1"},
				"west": {"uv": [0, 7, 12, 9], "texture": "#308_hunting_rifle_1"},
				"up": {"uv": [7, 0, 9, 12], "texture": "#308_hunting_rifle_1"},
				"down": {"uv": [9, 12, 7, 0], "texture": "#308_hunting_rifle_1"}
			}
		},
		{
			"name": "1",
			"from": [7.6, 3.1, 18],
			"to": [8.4, 4.5, 22.6],
			"rotation": {"angle": 0, "axis": "y", "origin": [4, 0, 8]},
			"faces": {
				"north": {"uv": [7, 7, 9, 9], "texture": "#308_hunting_rifle_1"},
				"east": {"uv": [4, 7, 16, 9], "texture": "#308_hunting_rifle_1"},
				"south": {"uv": [7, 7, 9, 9], "texture": "#308_hunting_rifle_1"},
				"west": {"uv": [0, 7, 12, 9], "texture": "#308_hunting_rifle_1"},
				"up": {"uv": [7, 0, 9, 12], "texture": "#308_hunting_rifle_1"},
				"down": {"uv": [9, 12, 7, 0], "texture": "#308_hunting_rifle_1"}
			}
		},
		{
			"name": "1",
			"from": [7.825, 4.45, 17.6],
			"to": [8.225, 5.05, 22.6],
			"rotation": {"angle": -22.5, "axis": "z", "origin": [7.825, 5.05, 17.6]},
			"faces": {
				"north": {"uv": [7, 7, 9, 9], "texture": "#308_hunting_rifle_1"},
				"east": {"uv": [4, 7, 16, 9], "texture": "#308_hunting_rifle_1"},
				"south": {"uv": [7, 7, 9, 9], "texture": "#308_hunting_rifle_1"},
				"west": {"uv": [0, 7, 12, 9], "texture": "#308_hunting_rifle_1"},
				"up": {"uv": [7, 0, 9, 12], "texture": "#308_hunting_rifle_1"},
				"down": {"uv": [9, 12, 7, 0], "texture": "#308_hunting_rifle_1"}
			}
		},
		{
			"name": "1",
			"from": [7.804, 4.296, 17.6],
			"to": [8.204, 4.896, 22.6],
			"rotation": {"angle": 22.5, "axis": "z", "origin": [7.804, 4.896, 17.6]},
			"faces": {
				"north": {"uv": [7, 7, 9, 9], "texture": "#308_hunting_rifle_1"},
				"east": {"uv": [4, 7, 16, 9], "texture": "#308_hunting_rifle_1"},
				"south": {"uv": [7, 7, 9, 9], "texture": "#308_hunting_rifle_1"},
				"west": {"uv": [0, 7, 12, 9], "texture": "#308_hunting_rifle_1"},
				"up": {"uv": [7, 0, 9, 12], "texture": "#308_hunting_rifle_1"},
				"down": {"uv": [9, 12, 7, 0], "texture": "#308_hunting_rifle_1"}
			}
		},
		{
			"name": "1",
			"from": [7.825, 4.85, 17.6],
			"to": [8.175, 5.05, 22.6],
			"rotation": {"angle": 0, "axis": "y", "origin": [4, 0, 8]},
			"faces": {
				"north": {"uv": [7, 7, 9, 9], "texture": "#308_hunting_rifle_1"},
				"east": {"uv": [4, 7, 16, 9], "texture": "#308_hunting_rifle_1"},
				"south": {"uv": [7, 7, 9, 9], "texture": "#308_hunting_rifle_1"},
				"west": {"uv": [0, 7, 12, 9], "texture": "#308_hunting_rifle_1"},
				"up": {"uv": [7, 0, 9, 12], "texture": "#308_hunting_rifle_1"},
				"down": {"uv": [9, 12, 7, 0], "texture": "#308_hunting_rifle_1"}
			}
		},
		{
			"name": "3",
			"from": [7.404, 6.908, 15.2],
			"to": [7.679, 7.108, 16],
			"rotation": {"angle": 45, "axis": "z", "origin": [7.404, 7.108, 15.2]},
			"faces": {
				"north": {"uv": [8, 2, 9, 3], "texture": "#308_hunting_rifle_3"},
				"east": {"uv": [4.5, 2, 13, 3], "texture": "#308_hunting_rifle_3"},
				"south": {"uv": [7, 2, 8, 3], "texture": "#308_hunting_rifle_3"},
				"west": {"uv": [3, 2, 11.5, 3], "texture": "#308_hunting_rifle_3"},
				"up": {"uv": [7, 3, 8, 11.5], "texture": "#308_hunting_rifle_3"},
				"down": {"uv": [9, 11.5, 8, 3], "texture": "#308_hunting_rifle_3"}
			}
		},
		{
			"name": "3",
			"from": [8.4, 7.1, 15.2],
			"to": [8.675, 7.3, 16],
			"rotation": {"angle": -45, "axis": "z", "origin": [8.4, 7.3, 15.2]},
			"faces": {
				"north": {"uv": [8, 2, 9, 3], "texture": "#308_hunting_rifle_3"},
				"east": {"uv": [4.5, 2, 13, 3], "texture": "#308_hunting_rifle_3"},
				"south": {"uv": [7, 2, 8, 3], "texture": "#308_hunting_rifle_3"},
				"west": {"uv": [3, 2, 11.5, 3], "texture": "#308_hunting_rifle_3"},
				"up": {"uv": [7, 3, 8, 11.5], "texture": "#308_hunting_rifle_3"},
				"down": {"uv": [9, 11.5, 8, 3], "texture": "#308_hunting_rifle_3"}
			}
		},
		{
			"name": "3",
			"from": [7.542, 6.234, 15.2],
			"to": [7.817, 6.434, 16],
			"rotation": {"angle": -45, "axis": "z", "origin": [7.542, 6.434, 15.2]},
			"faces": {
				"north": {"uv": [8, 2, 9, 3], "texture": "#308_hunting_rifle_3"},
				"east": {"uv": [4.5, 2, 13, 3], "texture": "#308_hunting_rifle_3"},
				"south": {"uv": [7, 2, 8, 3], "texture": "#308_hunting_rifle_3"},
				"west": {"uv": [3, 2, 11.5, 3], "texture": "#308_hunting_rifle_3"},
				"up": {"uv": [7, 3, 8, 11.5], "texture": "#308_hunting_rifle_3"},
				"down": {"uv": [9, 11.5, 8, 3], "texture": "#308_hunting_rifle_3"}
			}
		},
		{
			"name": "3",
			"from": [8.259, 6.042, 15.2],
			"to": [8.534, 6.242, 16],
			"rotation": {"angle": 45, "axis": "z", "origin": [8.259, 6.242, 15.2]},
			"faces": {
				"north": {"uv": [8, 2, 9, 3], "texture": "#308_hunting_rifle_3"},
				"east": {"uv": [4.5, 2, 13, 3], "texture": "#308_hunting_rifle_3"},
				"south": {"uv": [7, 2, 8, 3], "texture": "#308_hunting_rifle_3"},
				"west": {"uv": [3, 2, 11.5, 3], "texture": "#308_hunting_rifle_3"},
				"up": {"uv": [7, 3, 8, 11.5], "texture": "#308_hunting_rifle_3"},
				"down": {"uv": [9, 11.5, 8, 3], "texture": "#308_hunting_rifle_3"}
			}
		},
		{
			"name": "3",
			"from": [7.6, 6.85, 11.2],
			"to": [7.75, 7, 15.2],
			"rotation": {"angle": 45, "axis": "z", "origin": [7.6, 7, 11.2]},
			"faces": {
				"north": {"uv": [8, 2, 9, 3], "texture": "#308_hunting_rifle_3"},
				"east": {"uv": [4.5, 2, 13, 3], "texture": "#308_hunting_rifle_3"},
				"south": {"uv": [7, 2, 8, 3], "texture": "#308_hunting_rifle_3"},
				"west": {"uv": [3, 2, 11.5, 3], "texture": "#308_hunting_rifle_3"},
				"up": {"uv": [7, 3, 8, 11.5], "texture": "#308_hunting_rifle_3"},
				"down": {"uv": [9, 11.5, 8, 3], "texture": "#308_hunting_rifle_3"}
			}
		},
		{
			"name": "3",
			"from": [8.3, 6.95, 11.2],
			"to": [8.45, 7.1, 15.2],
			"rotation": {"angle": -45, "axis": "z", "origin": [8.3, 7.1, 11.2]},
			"faces": {
				"north": {"uv": [8, 2, 9, 3], "texture": "#308_hunting_rifle_3"},
				"east": {"uv": [4.5, 2, 13, 3], "texture": "#308_hunting_rifle_3"},
				"south": {"uv": [7, 2, 8, 3], "texture": "#308_hunting_rifle_3"},
				"west": {"uv": [3, 2, 11.5, 3], "texture": "#308_hunting_rifle_3"},
				"up": {"uv": [7, 3, 8, 11.5], "texture": "#308_hunting_rifle_3"},
				"down": {"uv": [9, 11.5, 8, 3], "texture": "#308_hunting_rifle_3"}
			}
		},
		{
			"name": "3",
			"from": [7.724, 6.342, 11.2],
			"to": [7.874, 6.492, 15.2],
			"rotation": {"angle": -45, "axis": "z", "origin": [7.724, 6.492, 11.2]},
			"faces": {
				"north": {"uv": [8, 2, 9, 3], "texture": "#308_hunting_rifle_3"},
				"east": {"uv": [4.5, 2, 13, 3], "texture": "#308_hunting_rifle_3"},
				"south": {"uv": [7, 2, 8, 3], "texture": "#308_hunting_rifle_3"},
				"west": {"uv": [3, 2, 11.5, 3], "texture": "#308_hunting_rifle_3"},
				"up": {"uv": [7, 3, 8, 11.5], "texture": "#308_hunting_rifle_3"},
				"down": {"uv": [9, 11.5, 8, 3], "texture": "#308_hunting_rifle_3"}
			}
		},
		{
			"name": "3",
			"from": [8.188, 6.254, 11.2],
			"to": [8.338, 6.404, 15.2],
			"rotation": {"angle": 45, "axis": "z", "origin": [8.188, 6.404, 11.2]},
			"faces": {
				"north": {"uv": [8, 2, 9, 3], "texture": "#308_hunting_rifle_3"},
				"east": {"uv": [4.5, 2, 13, 3], "texture": "#308_hunting_rifle_3"},
				"south": {"uv": [7, 2, 8, 3], "texture": "#308_hunting_rifle_3"},
				"west": {"uv": [3, 2, 11.5, 3], "texture": "#308_hunting_rifle_3"},
				"up": {"uv": [7, 3, 8, 11.5], "texture": "#308_hunting_rifle_3"},
				"down": {"uv": [9, 11.5, 8, 3], "texture": "#308_hunting_rifle_3"}
			}
		},
		{
			"from": [7.5, 4.40556, -4.42222],
			"to": [8.25, 4.65556, 2.57778],
			"rotation": {"angle": 0, "axis": "x", "origin": [6, 6, 4]},
			"faces": {
				"north": {"uv": [0, 0, 3, 1], "rotation": 180, "texture": "#4"},
				"east": {"uv": [0, 0, 1, 16], "rotation": 90, "texture": "#4"},
				"south": {"uv": [0, 0, 3, 1], "texture": "#4"},
				"west": {"uv": [0, 0, 1, 16], "rotation": 270, "texture": "#4"},
				"up": {"uv": [0, 0, 3, 16], "texture": "#4"},
				"down": {"uv": [0, 0, 3, 16], "rotation": 180, "texture": "#4"}
			}
		},
		{
			"from": [7.25, 4.65556, -4.42222],
			"to": [8.5, 4.90556, 2.57778],
			"rotation": {"angle": 0, "axis": "x", "origin": [6, 6, 4]},
			"faces": {
				"north": {"uv": [0, 0, 5, 1], "rotation": 180, "texture": "#4"},
				"east": {"uv": [0, 0, 1, 16], "rotation": 90, "texture": "#4"},
				"south": {"uv": [0, 0, 5, 1], "texture": "#4"},
				"west": {"uv": [0, 0, 1, 16], "rotation": 270, "texture": "#4"},
				"up": {"uv": [0, 0, 5, 16], "texture": "#4"},
				"down": {"uv": [0, 0, 5, 16], "rotation": 180, "texture": "#4"}
			}
		},
		{
			"from": [8, 4.90556, -4.42222],
			"to": [8.5, 5.15556, 2.57778],
			"rotation": {"angle": 0, "axis": "x", "origin": [6, 6, 4]},
			"faces": {
				"north": {"uv": [0, 0, 2, 1], "rotation": 180, "texture": "#4"},
				"east": {"uv": [0, 0, 1, 16], "rotation": 90, "texture": "#4"},
				"south": {"uv": [0, 0, 2, 1], "texture": "#4"},
				"west": {"uv": [0, 0, 1, 16], "rotation": 270, "texture": "#4"},
				"up": {"uv": [0, 0, 2, 16], "texture": "#4"},
				"down": {"uv": [0, 0, 2, 16], "rotation": 180, "texture": "#4"}
			}
		},
		{
			"from": [7.25, 4.90556, -4.42222],
			"to": [7.75, 5.15556, 2.57778],
			"rotation": {"angle": 0, "axis": "x", "origin": [6, 6, 4]},
			"faces": {
				"north": {"uv": [0, 0, 2, 1], "rotation": 180, "texture": "#4"},
				"east": {"uv": [0, 0, 1, 16], "rotation": 90, "texture": "#4"},
				"south": {"uv": [0, 0, 2, 1], "texture": "#4"},
				"west": {"uv": [0, 0, 1, 16], "rotation": 270, "texture": "#4"},
				"up": {"uv": [0, 0, 2, 16], "texture": "#4"},
				"down": {"uv": [0, 0, 2, 16], "rotation": 180, "texture": "#4"}
			}
		},
		{
			"from": [7.5, 5.40556, -4.42222],
			"to": [8.25, 5.65556, 2.57778],
			"rotation": {"angle": 0, "axis": "x", "origin": [6, 6, 4]},
			"faces": {
				"north": {"uv": [0, 0, 3, 1], "rotation": 180, "texture": "#4"},
				"east": {"uv": [0, 0, 1, 16], "rotation": 90, "texture": "#4"},
				"south": {"uv": [0, 0, 3, 1], "texture": "#4"},
				"west": {"uv": [0, 0, 1, 16], "rotation": 270, "texture": "#4"},
				"up": {"uv": [0, 0, 3, 16], "texture": "#4"},
				"down": {"uv": [0, 0, 3, 16], "rotation": 180, "texture": "#4"}
			}
		},
		{
			"from": [7.25, 5.15556, -4.42222],
			"to": [8.5, 5.40556, 2.57778],
			"rotation": {"angle": 0, "axis": "x", "origin": [6, 6, 4]},
			"faces": {
				"north": {"uv": [0, 0, 5, 1], "rotation": 180, "texture": "#4"},
				"east": {"uv": [0, 0, 1, 16], "rotation": 90, "texture": "#4"},
				"south": {"uv": [0, 0, 5, 1], "texture": "#4"},
				"west": {"uv": [0, 0, 1, 16], "rotation": 270, "texture": "#4"},
				"up": {"uv": [0, 0, 5, 16], "texture": "#4"},
				"down": {"uv": [0, 0, 5, 16], "rotation": 180, "texture": "#4"}
			}
		}
	],
	"gui_light": "front",
	"display": {
		"thirdperson_righthand": {
			"translation": [0, 4.5, -6.25]
		},
		"thirdperson_lefthand": {
			"translation": [0, 4.75, -5.25]
		},
		"firstperson_righthand": {
			"rotation": [5, 0, 0],
			"translation": [-8.75, 6.25, -0.5]
		},
		"firstperson_lefthand": {
			"rotation": [6, 0.5, 0],
			"translation": [-9, 8.25, 12]
		},
		"ground": {
			"translation": [0, 4.5, 0]
		},
		"gui": {
			"rotation": [45, -45, 45],
			"translation": [0, 3.5, 0],
			"scale": [0.6, 0.6, 0.6]
		},
		"head": {
			"rotation": [45, 90, 0],
			"translation": [0, -7.5, 2.5]
		},
		"fixed": {
			"rotation": [-1, 90, 1],
			"translation": [0, 0, -0.5]
		}
	},
	"groups": [
		0,
		1,
		2,
		3,
		4,
		5,
		6,
		7,
		8,
		9,
		10,
		11,
		12,
		13,
		14,
		15,
		16,
		17,
		18,
		19,
		20,
		21,
		22,
		23,
		24,
		25,
		26,
		27,
		28,
		29,
		30,
		31,
		32,
		33,
		34,
		35,
		36,
		37,
		38,
		39,
		40,
		41,
		42,
		43,
		44,
		45,
		46,
		47,
		48,
		49,
		50,
		51,
		52,
		53,
		54,
		55,
		56,
		57,
		58,
		59,
		60,
		61,
		62,
		63,
		64,
		65,
		66,
		67,
		68,
		69,
		70,
		71,
		72,
		73,
		74,
		75,
		76,
		77,
		78,
		79,
		80,
		81,
		82,
		83,
		84,
		85,
		86,
		87,
		88,
		89,
		90,
		91,
		92,
		93,
		94,
		95,
		96,
		97,
		98,
		99,
		100,
		101,
		102,
		103,
		104,
		105,
		106,
		107,
		108,
		109,
		110,
		111,
		112,
		113,
		114,
		115,
		116,
		117,
		118,
		{
			"name": "suppressor",
			"origin": [8, 8, 8],
			"color": 0,
			"children": [119, 120, 121, 122, 123, 124]
		}
	]
}