{
	"format_version": "1.21.11",
	"credit": "Designed by ThePatriotsFan",
	"textures": {
		"machinepistol_atlas": "items/machinepistol",
		"particle": "items/machinepistol"
	},
	"elements": [
		{
			"name": "Voxels",
			"from": [7.4182, 8.7273, 7.8545],
			"to": [8.58184, 9.30912, 8.72723],
			"faces": {
				"north": {"uv": [5, 14.25, 4, 14.75], "texture": "#machinepistol_atlas"},
				"east": {"uv": [6.75, 13.75, 6, 14.25], "texture": "#machinepistol_atlas"},
				"south": {"uv": [4, 14.75, 5, 15.25], "texture": "#machinepistol_atlas"},
				"west": {"uv": [6, 14.25, 6.75, 14.75], "texture": "#machinepistol_atlas"},
				"up": {"uv": [1.5, 13.5, 2.5, 12.75], "texture": "#machinepistol_atlas"},
				"down": {"uv": [1.5, 13.5, 2.5, 14.25], "texture": "#machinepistol_atlas"}
			}
		},
		{
			"name": "Voxels",
			"from": [7.4182, 8.8727, 8.7273],
			"to": [8.58184, 9.30906, 9.45457],
			"faces": {
				"north": {"uv": [8.625, 15.625, 7.625, 16], "texture": "#machinepistol_atlas"},
				"east": {"uv": [6, 11.75, 5.375, 12.125], "texture": "#machinepistol_atlas"},
				"south": {"uv": [8.625, 15.625, 9.625, 16], "texture": "#machinepistol_atlas"},
				"west": {"uv": [5.375, 12.125, 6, 12.5], "texture": "#machinepistol_atlas"},
				"up": {"uv": [1.5, 8.875, 2.5, 8.25], "texture": "#machinepistol_atlas"},
				"down": {"uv": [1.5, 8.875, 2.5, 9.5], "texture": "#machinepistol_atlas"}
			}
		},
		{
			"name": "Voxels",
			"from": [7.4182, 9.0182, 7.1273],
			"to": [8.58184, 9.60002, 7.85457],
			"faces": {
				"north": {"uv": [4, 8.25, 3, 8.75], "texture": "#machinepistol_atlas"},
				"east": {"uv": [5.375, 9.375, 4.75, 9.875], "texture": "#machinepistol_atlas"},
				"south": {"uv": [3, 8.75, 4, 9.25], "texture": "#machinepistol_atlas"},
				"west": {"uv": [4.75, 10, 5.375, 10.5], "texture": "#machinepistol_atlas"},
				"up": {"uv": [3, 15.375, 4, 14.75], "texture": "#machinepistol_atlas"},
				"down": {"uv": [3, 15.375, 4, 16], "texture": "#machinepistol_atlas"}
			}
		},
		{
			"name": "Voxels",
			"from": [7.4182, 9.0182, 9.4545],
			"to": [8.58184, 9.30911, 9.59996],
			"faces": {
				"north": {"uv": [2.5, 8, 1.5, 8.25], "texture": "#machinepistol_atlas"},
				"east": {"uv": [3, 13.25, 2.875, 13.5], "texture": "#machinepistol_atlas"},
				"south": {"uv": [3, 8, 4, 8.25], "texture": "#machinepistol_atlas"},
				"west": {"uv": [8.875, 12.75, 9, 13], "texture": "#machinepistol_atlas"},
				"up": {"uv": [10.375, 15.375, 11.375, 15.25], "texture": "#machinepistol_atlas"},
				"down": {"uv": [9.375, 15.25, 10.375, 15.375], "texture": "#machinepistol_atlas"}
			}
		},
		{
			"name": "Voxels",
			"from": [7.4182, 9.0182, 9.6],
			"to": [8.58184, 9.16365, 10.03636],
			"faces": {
				"north": {"uv": [9.75, 15, 8.75, 15.125], "texture": "#machinepistol_atlas"},
				"east": {"uv": [5.375, 14.25, 5, 14.375], "texture": "#machinepistol_atlas"},
				"south": {"uv": [14.75, 15.125, 15.75, 15.25], "texture": "#machinepistol_atlas"},
				"west": {"uv": [5, 14.75, 5.375, 14.875], "texture": "#machinepistol_atlas"},
				"up": {"uv": [12.625, 16, 13.625, 15.625], "texture": "#machinepistol_atlas"},
				"down": {"uv": [11.625, 15.625, 12.625, 16], "texture": "#machinepistol_atlas"}
			}
		},
		{
			"name": "Voxels",
			"from": [7.4182, 9.1636, 9.7455],
			"to": [8.58184, 9.30905, 10.03641],
			"faces": {
				"north": {"uv": [14.75, 15.125, 13.75, 15.25], "texture": "#machinepistol_atlas"},
				"east": {"uv": [9.25, 11.625, 9, 11.75], "texture": "#machinepistol_atlas"},
				"south": {"uv": [11.375, 15.25, 12.375, 15.375], "texture": "#machinepistol_atlas"},
				"west": {"uv": [9.25, 10, 9.5, 10.125], "texture": "#machinepistol_atlas"},
				"up": {"uv": [8.625, 15.625, 9.625, 15.375], "texture": "#machinepistol_atlas"},
				"down": {"uv": [7.625, 15.375, 8.625, 15.625], "texture": "#machinepistol_atlas"}
			}
		},
		{
			"name": "Voxels",
			"from": [7.4182, 9.3091, 6.9818],
			"to": [8.58184, 9.60001, 7.12725],
			"faces": {
				"north": {"uv": [10.625, 15.375, 9.625, 15.625], "texture": "#machinepistol_atlas"},
				"east": {"uv": [9.375, 11.875, 9.25, 12.125], "texture": "#machinepistol_atlas"},
				"south": {"uv": [10.625, 15.375, 11.625, 15.625], "texture": "#machinepistol_atlas"},
				"west": {"uv": [9.375, 11.875, 9.5, 12.125], "texture": "#machinepistol_atlas"},
				"up": {"uv": [12.75, 15.25, 13.75, 15.125], "texture": "#machinepistol_atlas"},
				"down": {"uv": [11.75, 15.125, 12.75, 15.25], "texture": "#machinepistol_atlas"}
			}
		},
		{
			"name": "Voxels",
			"from": [7.4182, 9.3091, 8],
			"to": [8.58184, 9.60001, 8.43636],
			"faces": {
				"north": {"uv": [12.625, 15.375, 11.625, 15.625], "texture": "#machinepistol_atlas"},
				"east": {"uv": [7.625, 9.5, 7.25, 9.75], "texture": "#machinepistol_atlas"},
				"south": {"uv": [12.625, 15.375, 13.625, 15.625], "texture": "#machinepistol_atlas"},
				"west": {"uv": [7.25, 9.125, 7.625, 9.375], "texture": "#machinepistol_atlas"},
				"up": {"uv": [10.625, 16, 11.625, 15.625], "texture": "#machinepistol_atlas"},
				"down": {"uv": [9.625, 15.625, 10.625, 16], "texture": "#machinepistol_atlas"}
			}
		},
		{
			"name": "Voxels",
			"from": [7.4182, 9.3091, 8.4364],
			"to": [8.58184, 9.45455, 8.58185],
			"faces": {
				"north": {"uv": [9.75, 15.125, 8.75, 15.25], "texture": "#machinepistol_atlas"},
				"east": {"uv": [9.375, 9.125, 9.25, 9.25], "texture": "#machinepistol_atlas"},
				"south": {"uv": [14.375, 15.25, 15.375, 15.375], "texture": "#machinepistol_atlas"},
				"west": {"uv": [9.375, 9.125, 9.5, 9.25], "texture": "#machinepistol_atlas"},
				"up": {"uv": [9.75, 15.25, 10.75, 15.125], "texture": "#machinepistol_atlas"},
				"down": {"uv": [10.75, 15.125, 11.75, 15.25], "texture": "#machinepistol_atlas"}
			}
		},
		{
			"name": "Voxels",
			"from": [7.4182, 9.4545, 8.4364],
			"to": [8.43638, 9.74541, 8.58185],
			"faces": {
				"north": {"uv": [7.625, 13.75, 6.75, 14], "texture": "#machinepistol_atlas"},
				"east": {"uv": [9.125, 11.875, 9, 12.125], "texture": "#machinepistol_atlas"},
				"south": {"uv": [6.75, 14, 7.625, 14.25], "texture": "#machinepistol_atlas"},
				"west": {"uv": [9.125, 11.875, 9.25, 12.125], "texture": "#machinepistol_atlas"},
				"up": {"uv": [10.625, 15.125, 11.5, 15], "texture": "#machinepistol_atlas"},
				"down": {"uv": [15, 15, 15.875, 15.125], "texture": "#machinepistol_atlas"}
			}
		},
		{
			"name": "Voxels",
			"from": [7.4182, 9.6, 7.2727],
			"to": [8.58184, 9.74545, 7.85452],
			"faces": {
				"north": {"uv": [14.375, 15.25, 13.375, 15.375], "texture": "#machinepistol_atlas"},
				"east": {"uv": [13.75, 14.5, 13.25, 14.625], "texture": "#machinepistol_atlas"},
				"south": {"uv": [12.375, 15.25, 13.375, 15.375], "texture": "#machinepistol_atlas"},
				"west": {"uv": [11.25, 14.5, 11.75, 14.625], "texture": "#machinepistol_atlas"},
				"up": {"uv": [3, 10.25, 4, 9.75], "texture": "#machinepistol_atlas"},
				"down": {"uv": [3, 9.25, 4, 9.75], "texture": "#machinepistol_atlas"}
			}
		},
		{
			"name": "Voxels",
			"from": [7.4182, 9.6, 7.8545],
			"to": [8.43638, 9.74545, 8.43632],
			"faces": {
				"north": {"uv": [13.125, 14.875, 12.25, 15], "texture": "#machinepistol_atlas"},
				"east": {"uv": [8.625, 11.375, 8.125, 11.5], "texture": "#machinepistol_atlas"},
				"south": {"uv": [11.5, 15, 12.375, 15.125], "texture": "#machinepistol_atlas"},
				"west": {"uv": [9, 14.25, 9.5, 14.375], "texture": "#machinepistol_atlas"},
				"up": {"uv": [6.75, 16, 7.625, 15.5], "texture": "#machinepistol_atlas"},
				"down": {"uv": [6.75, 15, 7.625, 15.5], "texture": "#machinepistol_atlas"}
			}
		},
		{
			"name": "Voxels",
			"from": [7.4182, 9.6, 8.5818],
			"to": [8.43638, 9.74545, 8.87271],
			"faces": {
				"north": {"uv": [15, 15, 14.125, 15.125], "texture": "#machinepistol_atlas"},
				"east": {"uv": [9, 8.25, 8.75, 8.375], "texture": "#machinepistol_atlas"},
				"south": {"uv": [13.25, 15, 14.125, 15.125], "texture": "#machinepistol_atlas"},
				"west": {"uv": [9, 13.75, 9.25, 13.875], "texture": "#machinepistol_atlas"},
				"up": {"uv": [6.75, 14.75, 7.625, 14.5], "texture": "#machinepistol_atlas"},
				"down": {"uv": [6.75, 14.75, 7.625, 15], "texture": "#machinepistol_atlas"}
			}
		},
		{
			"name": "Voxels",
			"from": [7.5636, 8.5818, 7.8545],
			"to": [8.43633, 8.72725, 10.18177],
			"faces": {
				"north": {"uv": [14.75, 14.75, 14, 14.875], "texture": "#machinepistol_atlas"},
				"east": {"uv": [15.625, 15.75, 13.625, 15.875], "texture": "#machinepistol_atlas"},
				"south": {"uv": [11.75, 14.75, 12.5, 14.875], "texture": "#machinepistol_atlas"},
				"west": {"uv": [13.625, 15.875, 15.625, 16], "texture": "#machinepistol_atlas"},
				"up": {"uv": [0, 16, 0.75, 14], "texture": "#machinepistol_atlas"},
				"down": {"uv": [0, 12, 0.75, 14], "texture": "#machinepistol_atlas"}
			}
		},
		{
			"name": "Voxels",
			"from": [7.5636, 8.7273, 8.7273],
			"to": [8.43633, 8.87275, 10.18184],
			"faces": {
				"north": {"uv": [11.75, 14.75, 11, 14.875], "texture": "#machinepistol_atlas"},
				"east": {"uv": [9.375, 15.25, 8.125, 15.375], "texture": "#machinepistol_atlas"},
				"south": {"uv": [10.25, 14.75, 11, 14.875], "texture": "#machinepistol_atlas"},
				"west": {"uv": [13.625, 15.625, 14.875, 15.75], "texture": "#machinepistol_atlas"},
				"up": {"uv": [0, 9.25, 0.75, 8], "texture": "#machinepistol_atlas"},
				"down": {"uv": [0.75, 14.75, 1.5, 16], "texture": "#machinepistol_atlas"}
			}
		},
		{
			"name": "Voxels",
			"from": [7.5636, 8.8727, 6.2545],
			"to": [8.43633, 9.74543, 6.98177],
			"faces": {
				"north": {"uv": [3.75, 11.75, 3, 12.5], "texture": "#machinepistol_atlas"},
				"east": {"uv": [6, 14.5, 5.375, 15.25], "texture": "#machinepistol_atlas"},
				"south": {"uv": [3, 11, 3.75, 11.75], "texture": "#machinepistol_atlas"},
				"west": {"uv": [5.375, 15.25, 6, 16], "texture": "#machinepistol_atlas"},
				"up": {"uv": [6, 15.375, 6.75, 14.75], "texture": "#machinepistol_atlas"},
				"down": {"uv": [4, 9.25, 4.75, 9.875], "texture": "#machinepistol_atlas"}
			}
		},
		{
			"name": "Voxels",
			"from": [7.5636, 8.8727, 6.9818],
			"to": [8.43633, 9.30906, 7.12725],
			"faces": {
				"north": {"uv": [6.75, 9.75, 6, 10.125], "texture": "#machinepistol_atlas"},
				"east": {"uv": [7.625, 11.375, 7.5, 11.75], "texture": "#machinepistol_atlas"},
				"south": {"uv": [6, 10.875, 6.75, 11.25], "texture": "#machinepistol_atlas"},
				"west": {"uv": [7.5, 9.75, 7.625, 10.125], "texture": "#machinepistol_atlas"},
				"up": {"uv": [11.75, 14.75, 12.5, 14.625], "texture": "#machinepistol_atlas"},
				"down": {"uv": [13.125, 14.875, 13.875, 15], "texture": "#machinepistol_atlas"}
			}
		},
		{
			"name": "Voxels",
			"from": [7.5636, 8.8727, 7.1273],
			"to": [8.43633, 9.01815, 7.85457],
			"faces": {
				"north": {"uv": [9.5, 14.5, 8.75, 14.625], "texture": "#machinepistol_atlas"},
				"east": {"uv": [5.375, 9.25, 4.75, 9.375], "texture": "#machinepistol_atlas"},
				"south": {"uv": [14.75, 14.625, 15.5, 14.75], "texture": "#machinepistol_atlas"},
				"west": {"uv": [4.75, 9.875, 5.375, 10], "texture": "#machinepistol_atlas"},
				"up": {"uv": [4, 12.375, 4.75, 11.75], "texture": "#machinepistol_atlas"},
				"down": {"uv": [4, 11.125, 4.75, 11.75], "texture": "#machinepistol_atlas"}
			}
		},
		{
			"name": "Voxels",
			"from": [7.5636, 8.8727, 9.4545],
			"to": [8.43633, 9.01815, 10.18177],
			"faces": {
				"north": {"uv": [14.75, 14.625, 14, 14.75], "texture": "#machinepistol_atlas"},
				"east": {"uv": [5.375, 8, 4.75, 8.125], "texture": "#machinepistol_atlas"},
				"south": {"uv": [13.25, 14.625, 14, 14.75], "texture": "#machinepistol_atlas"},
				"west": {"uv": [4.75, 8.625, 5.375, 8.75], "texture": "#machinepistol_atlas"},
				"up": {"uv": [4, 9.25, 4.75, 8.625], "texture": "#machinepistol_atlas"},
				"down": {"uv": [4, 12.375, 4.75, 13], "texture": "#machinepistol_atlas"}
			}
		},
		{
			"name": "Voxels",
			"from": [7.5636, 9.0182, 6.1091],
			"to": [8.43633, 9.74547, 6.25455],
			"faces": {
				"north": {"uv": [4.75, 8, 4, 8.625], "texture": "#machinepistol_atlas"},
				"east": {"uv": [8.5, 12.875, 8.375, 13.5], "texture": "#machinepistol_atlas"},
				"south": {"uv": [6, 15.375, 6.75, 16], "texture": "#machinepistol_atlas"},
				"west": {"uv": [8.25, 12.875, 8.375, 13.5], "texture": "#machinepistol_atlas"},
				"up": {"uv": [12.5, 14.875, 13.25, 14.75], "texture": "#machinepistol_atlas"},
				"down": {"uv": [9.5, 14.75, 10.25, 14.875], "texture": "#machinepistol_atlas"}
			}
		},
		{
			"name": "Voxels",
			"from": [7.5636, 9.0182, 10.0364],
			"to": [8.43633, 10.03638, 11.20004],
			"faces": {
				"north": {"uv": [2.25, 9.5, 1.5, 10.375], "texture": "#machinepistol_atlas"},
				"east": {"uv": [2.5, 14.25, 1.5, 15.125], "texture": "#machinepistol_atlas"},
				"south": {"uv": [1.5, 10.375, 2.25, 11.25], "texture": "#machinepistol_atlas"},
				"west": {"uv": [1.5, 15.125, 2.5, 16], "texture": "#machinepistol_atlas"},
				"up": {"uv": [0.75, 11.5, 1.5, 10.5], "texture": "#machinepistol_atlas"},
				"down": {"uv": [0.75, 9.5, 1.5, 10.5], "texture": "#machinepistol_atlas"}
			}
		},
		{
			"name": "Voxels",
			"from": [7.5636, 9.0182, 11.2],
			"to": [8.43633, 9.89093, 11.34545],
			"faces": {
				"north": {"uv": [3.75, 10.25, 3, 11], "texture": "#machinepistol_atlas"},
				"east": {"uv": [8.375, 13.5, 8.25, 14.25], "texture": "#machinepistol_atlas"},
				"south": {"uv": [3, 13.25, 3.75, 14], "texture": "#machinepistol_atlas"},
				"west": {"uv": [8.125, 13.5, 8.25, 14.25], "texture": "#machinepistol_atlas"},
				"up": {"uv": [13.875, 15, 14.625, 14.875], "texture": "#machinepistol_atlas"},
				"down": {"uv": [13.25, 14.75, 14, 14.875], "texture": "#machinepistol_atlas"}
			}
		},
		{
			"name": "Voxels",
			"from": [7.5636, 9.1636, 5.6727],
			"to": [8.43633, 9.74542, 5.81815],
			"faces": {
				"north": {"uv": [6.75, 12.75, 6, 13.25], "texture": "#machinepistol_atlas"},
				"east": {"uv": [8.375, 8.875, 8.25, 9.375], "texture": "#machinepistol_atlas"},
				"south": {"uv": [6, 13.25, 6.75, 13.75], "texture": "#machinepistol_atlas"},
				"west": {"uv": [8.375, 14.25, 8.5, 14.75], "texture": "#machinepistol_atlas"},
				"up": {"uv": [9.5, 14.75, 10.25, 14.625], "texture": "#machinepistol_atlas"},
				"down": {"uv": [8.75, 14.625, 9.5, 14.75], "texture": "#machinepistol_atlas"}
			}
		},
		{
			"name": "Voxels",
			"from": [7.5636, 9.1636, 5.8182],
			"to": [8.43633, 9.59996, 6.10911],
			"faces": {
				"north": {"uv": [6.75, 11.625, 6, 12], "texture": "#machinepistol_atlas"},
				"east": {"uv": [6.75, 8.5, 6.5, 8.875], "texture": "#machinepistol_atlas"},
				"south": {"uv": [6, 12, 6.75, 12.375], "texture": "#machinepistol_atlas"},
				"west": {"uv": [7.25, 9.75, 7.5, 10.125], "texture": "#machinepistol_atlas"},
				"up": {"uv": [6.75, 10.625, 7.5, 10.375], "texture": "#machinepistol_atlas"},
				"down": {"uv": [6, 9.5, 6.75, 9.75], "texture": "#machinepistol_atlas"}
			}
		},
		{
			"name": "Voxels",
			"from": [7.5636, 9.1636, 9.6],
			"to": [8.43633, 10.03633, 9.74545],
			"faces": {
				"north": {"uv": [3.75, 14, 3, 14.75], "texture": "#machinepistol_atlas"},
				"east": {"uv": [6, 11, 5.875, 11.75], "texture": "#machinepistol_atlas"},
				"south": {"uv": [3, 12.5, 3.75, 13.25], "texture": "#machinepistol_atlas"},
				"west": {"uv": [5.875, 10.125, 6, 10.875], "texture": "#machinepistol_atlas"},
				"up": {"uv": [10.25, 14.75, 11, 14.625], "texture": "#machinepistol_atlas"},
				"down": {"uv": [11, 14.625, 11.75, 14.75], "texture": "#machinepistol_atlas"}
			}
		},
		{
			"name": "Voxels",
			"from": [7.5636, 9.3091, 7.8545],
			"to": [8.58178, 9.60001, 7.99995],
			"faces": {
				"north": {"uv": [7.625, 13, 6.75, 13.25], "texture": "#machinepistol_atlas"},
				"east": {"uv": [8.75, 8.875, 8.625, 9.125], "texture": "#machinepistol_atlas"},
				"south": {"uv": [6.75, 13.5, 7.625, 13.75], "texture": "#machinepistol_atlas"},
				"west": {"uv": [8.625, 8, 8.75, 8.25], "texture": "#machinepistol_atlas"},
				"up": {"uv": [8.75, 15, 9.625, 14.875], "texture": "#machinepistol_atlas"},
				"down": {"uv": [9.75, 15, 10.625, 15.125], "texture": "#machinepistol_atlas"}
			}
		},
		{
			"name": "Voxels",
			"from": [7.5636, 9.3091, 8.5818],
			"to": [8.43633, 9.60001, 8.87271],
			"faces": {
				"north": {"uv": [7.5, 11.125, 6.75, 11.375], "texture": "#machinepistol_atlas"},
				"east": {"uv": [9, 13, 8.75, 13.25], "texture": "#machinepistol_atlas"},
				"south": {"uv": [6.75, 10.125, 7.5, 10.375], "texture": "#machinepistol_atlas"},
				"west": {"uv": [8.375, 8.875, 8.625, 9.125], "texture": "#machinepistol_atlas"},
				"up": {"uv": [15.125, 15.625, 15.875, 15.375], "texture": "#machinepistol_atlas"},
				"down": {"uv": [6, 8, 6.75, 8.25], "texture": "#machinepistol_atlas"}
			}
		},
		{
			"name": "Voxels",
			"from": [7.5636, 9.3091, 8.8727],
			"to": [8.43633, 9.45455, 9.59997],
			"faces": {
				"north": {"uv": [15.5, 14.75, 14.75, 14.875], "texture": "#machinepistol_atlas"},
				"east": {"uv": [8.75, 12.75, 8.125, 12.875], "texture": "#machinepistol_atlas"},
				"south": {"uv": [9.5, 14.5, 10.25, 14.625], "texture": "#machinepistol_atlas"},
				"west": {"uv": [15.375, 15.25, 16, 15.375], "texture": "#machinepistol_atlas"},
				"up": {"uv": [4, 11.125, 4.75, 10.5], "texture": "#machinepistol_atlas"},
				"down": {"uv": [4, 9.875, 4.75, 10.5], "texture": "#machinepistol_atlas"}
			}
		},
		{
			"name": "Voxels",
			"from": [7.5636, 9.3091, 9.7455],
			"to": [8.43633, 10.03637, 10.03641],
			"faces": {
				"north": {"uv": [4.75, 13, 4, 13.625], "texture": "#machinepistol_atlas"},
				"east": {"uv": [4, 10.375, 3.75, 11], "texture": "#machinepistol_atlas"},
				"south": {"uv": [4, 13.625, 4.75, 14.25], "texture": "#machinepistol_atlas"},
				"west": {"uv": [3.75, 11.125, 4, 11.75], "texture": "#machinepistol_atlas"},
				"up": {"uv": [13.625, 15.625, 14.375, 15.375], "texture": "#machinepistol_atlas"},
				"down": {"uv": [14.375, 15.375, 15.125, 15.625], "texture": "#machinepistol_atlas"}
			}
		},
		{
			"name": "Voxels",
			"from": [7.5636, 9.4545, 8.8727],
			"to": [8.29087, 10.18177, 9.59997],
			"faces": {
				"north": {"uv": [5.375, 12.375, 4.75, 13], "texture": "#machinepistol_atlas"},
				"east": {"uv": [5.375, 10.5, 4.75, 11.125], "texture": "#machinepistol_atlas"},
				"south": {"uv": [4.75, 11.75, 5.375, 12.375], "texture": "#machinepistol_atlas"},
				"west": {"uv": [4.75, 11.125, 5.375, 11.75], "texture": "#machinepistol_atlas"},
				"up": {"uv": [4.75, 13.625, 5.375, 13], "texture": "#machinepistol_atlas"},
				"down": {"uv": [4.75, 13.625, 5.375, 14.25], "texture": "#machinepistol_atlas"}
			}
		},
		{
			"name": "Voxels",
			"from": [7.5636, 9.6, 6.9818],
			"to": [8.43633, 9.74545, 7.27271],
			"faces": {
				"north": {"uv": [13.25, 14.625, 12.5, 14.75], "texture": "#machinepistol_atlas"},
				"east": {"uv": [9, 9.5, 8.75, 9.625], "texture": "#machinepistol_atlas"},
				"south": {"uv": [14.875, 15.625, 15.625, 15.75], "texture": "#machinepistol_atlas"},
				"west": {"uv": [8.75, 9.375, 9, 9.5], "texture": "#machinepistol_atlas"},
				"up": {"uv": [6.75, 12.375, 7.5, 12.125], "texture": "#machinepistol_atlas"},
				"down": {"uv": [6.75, 10.625, 7.5, 10.875], "texture": "#machinepistol_atlas"}
			}
		},
		{
			"name": "Voxels",
			"from": [7.5636, 9.7455, 6.5455],
			"to": [8.43633, 9.89095, 6.83641],
			"faces": {
				"north": {"uv": [15.375, 14.875, 14.625, 15], "texture": "#machinepistol_atlas"},
				"east": {"uv": [9, 10.5, 8.75, 10.625], "texture": "#machinepistol_atlas"},
				"south": {"uv": [8.75, 14.75, 9.5, 14.875], "texture": "#machinepistol_atlas"},
				"west": {"uv": [8.75, 10.375, 9, 10.5], "texture": "#machinepistol_atlas"},
				"up": {"uv": [6.75, 11.125, 7.5, 10.875], "texture": "#machinepistol_atlas"},
				"down": {"uv": [6.75, 12.375, 7.5, 12.625], "texture": "#machinepistol_atlas"}
			}
		},
		{
			"name": "Voxels",
			"from": [7.5636, 9.7455, 7.2727],
			"to": [8.43633, 10.18186, 8.8727],
			"faces": {
				"north": {"uv": [6.75, 12.375, 6, 12.75], "texture": "#machinepistol_atlas"},
				"east": {"uv": [5.375, 15.625, 4, 16], "texture": "#machinepistol_atlas"},
				"south": {"uv": [6, 11.25, 6.75, 11.625], "texture": "#machinepistol_atlas"},
				"west": {"uv": [4, 15.25, 5.375, 15.625], "texture": "#machinepistol_atlas"},
				"up": {"uv": [0, 10.625, 0.75, 9.25], "texture": "#machinepistol_atlas"},
				"down": {"uv": [0, 10.625, 0.75, 12], "texture": "#machinepistol_atlas"}
			}
		},
		{
			"name": "Voxels",
			"from": [7.5636, 10.0364, 10.6182],
			"to": [8.43633, 10.32731, 11.05456],
			"faces": {
				"north": {"uv": [6.75, 8.25, 6, 8.5], "texture": "#machinepistol_atlas"},
				"east": {"uv": [16, 15.75, 15.625, 16], "texture": "#machinepistol_atlas"},
				"south": {"uv": [6, 8.875, 6.75, 9.125], "texture": "#machinepistol_atlas"},
				"west": {"uv": [7.25, 11.875, 7.625, 12.125], "texture": "#machinepistol_atlas"},
				"up": {"uv": [6, 10.5, 6.75, 10.125], "texture": "#machinepistol_atlas"},
				"down": {"uv": [6, 10.5, 6.75, 10.875], "texture": "#machinepistol_atlas"}
			}
		},
		{
			"name": "Voxels",
			"from": [7.7091, 5.5273, 9.6],
			"to": [8.29092, 5.67275, 10.18182],
			"faces": {
				"north": {"uv": [14.75, 14.5, 14.25, 14.625], "texture": "#machinepistol_atlas"},
				"east": {"uv": [13.25, 14.5, 12.75, 14.625], "texture": "#machinepistol_atlas"},
				"south": {"uv": [15.5, 14.75, 16, 14.875], "texture": "#machinepistol_atlas"},
				"west": {"uv": [13.75, 14.5, 14.25, 14.625], "texture": "#machinepistol_atlas"},
				"up": {"uv": [4.75, 9.25, 5.25, 8.75], "texture": "#machinepistol_atlas"},
				"down": {"uv": [4.75, 8.125, 5.25, 8.625], "texture": "#machinepistol_atlas"}
			}
		},
		{
			"name": "Voxels",
			"from": [7.7091, 5.6727, 9.8909],
			"to": [8.29092, 5.81815, 10.32726],
			"faces": {
				"north": {"uv": [12.75, 14.5, 12.25, 14.625], "texture": "#machinepistol_atlas"},
				"east": {"uv": [6, 12.5, 5.625, 12.625], "texture": "#machinepistol_atlas"},
				"south": {"uv": [11.75, 14.5, 12.25, 14.625], "texture": "#machinepistol_atlas"},
				"west": {"uv": [15.625, 15.625, 16, 15.75], "texture": "#machinepistol_atlas"},
				"up": {"uv": [5.375, 9.125, 5.875, 8.75], "texture": "#machinepistol_atlas"},
				"down": {"uv": [5.375, 8.375, 5.875, 8.75], "texture": "#machinepistol_atlas"}
			}
		},
		{
			"name": "Voxels",
			"from": [7.7091, 6.6909, 9.3091],
			"to": [8.29092, 8.58181, 9.60001],
			"faces": {
				"north": {"uv": [1.25, 11.5, 0.75, 13.125], "texture": "#machinepistol_atlas"},
				"east": {"uv": [1.5, 13.125, 1.25, 14.75], "texture": "#machinepistol_atlas"},
				"south": {"uv": [0.75, 13.125, 1.25, 14.75], "texture": "#machinepistol_atlas"},
				"west": {"uv": [1.25, 11.5, 1.5, 13.125], "texture": "#machinepistol_atlas"},
				"up": {"uv": [7.625, 13.25, 8.125, 13], "texture": "#machinepistol_atlas"},
				"down": {"uv": [7.625, 13.25, 8.125, 13.5], "texture": "#machinepistol_atlas"}
			}
		},
		{
			"name": "Voxels",
			"from": [7.7091, 6.8364, 9.6],
			"to": [8.29092, 8.58185, 10.03636],
			"faces": {
				"north": {"uv": [2, 11.25, 1.5, 12.75], "texture": "#machinepistol_atlas"},
				"east": {"uv": [2.875, 13.25, 2.5, 14.75], "texture": "#machinepistol_atlas"},
				"south": {"uv": [0.75, 8, 1.25, 9.5], "texture": "#machinepistol_atlas"},
				"west": {"uv": [2.5, 11.75, 2.875, 13.25], "texture": "#machinepistol_atlas"},
				"up": {"uv": [6.75, 13, 7.25, 12.625], "texture": "#machinepistol_atlas"},
				"down": {"uv": [6, 8.5, 6.5, 8.875], "texture": "#machinepistol_atlas"}
			}
		},
		{
			"name": "Voxels",
			"from": [7.7091, 6.8364, 10.0364],
			"to": [8.29092, 7.85458, 10.18185],
			"faces": {
				"north": {"uv": [3, 8.25, 2.5, 9.125], "texture": "#machinepistol_atlas"},
				"east": {"uv": [6, 12.625, 5.875, 13.5], "texture": "#machinepistol_atlas"},
				"south": {"uv": [2.5, 10.875, 3, 11.75], "texture": "#machinepistol_atlas"},
				"west": {"uv": [5.875, 13.625, 6, 14.5], "texture": "#machinepistol_atlas"},
				"up": {"uv": [8.125, 12, 8.625, 11.875], "texture": "#machinepistol_atlas"},
				"down": {"uv": [8.125, 11.75, 8.625, 11.875], "texture": "#machinepistol_atlas"}
			}
		},
		{
			"name": "Voxels",
			"from": [7.7091, 6.9818, 10.1818],
			"to": [8.29092, 7.27271, 10.32725],
			"faces": {
				"north": {"uv": [8.125, 12.75, 7.625, 13], "texture": "#machinepistol_atlas"},
				"east": {"uv": [7.625, 10.875, 7.5, 11.125], "texture": "#machinepistol_atlas"},
				"south": {"uv": [7.625, 12.5, 8.125, 12.75], "texture": "#machinepistol_atlas"},
				"west": {"uv": [8.625, 9.125, 8.75, 9.375], "texture": "#machinepistol_atlas"},
				"up": {"uv": [14.75, 14.625, 15.25, 14.5], "texture": "#machinepistol_atlas"},
				"down": {"uv": [8.125, 12.5, 8.625, 12.625], "texture": "#machinepistol_atlas"}
			}
		},
		{
			"name": "Voxels",
			"from": [7.7091, 7.1273, 9.1636],
			"to": [8.29092, 8.58185, 9.30905],
			"faces": {
				"north": {"uv": [3, 14.75, 2.5, 16], "texture": "#machinepistol_atlas"},
				"east": {"uv": [3, 12, 2.875, 13.25], "texture": "#machinepistol_atlas"},
				"south": {"uv": [2, 11.5, 2.5, 12.75], "texture": "#machinepistol_atlas"},
				"west": {"uv": [2.875, 13.5, 3, 14.75], "texture": "#machinepistol_atlas"},
				"up": {"uv": [8.125, 8.375, 8.625, 8.25], "texture": "#machinepistol_atlas"},
				"down": {"uv": [15.5, 14.625, 16, 14.75], "texture": "#machinepistol_atlas"}
			}
		},
		{
			"name": "Voxels",
			"from": [7.7091, 8.1455, 9.0182],
			"to": [8.29092, 8.58186, 9.16365],
			"faces": {
				"north": {"uv": [7.25, 9, 6.75, 9.375], "texture": "#machinepistol_atlas"},
				"east": {"uv": [6, 8.75, 5.875, 9.125], "texture": "#machinepistol_atlas"},
				"south": {"uv": [6.75, 8.25, 7.25, 8.625], "texture": "#machinepistol_atlas"},
				"west": {"uv": [5.875, 8.375, 6, 8.75], "texture": "#machinepistol_atlas"},
				"up": {"uv": [8.25, 10.125, 8.75, 10], "texture": "#machinepistol_atlas"},
				"down": {"uv": [8.125, 8.375, 8.625, 8.5], "texture": "#machinepistol_atlas"}
			}
		},
		{
			"name": "Voxels",
			"from": [7.7091, 9.0182, 5.6727],
			"to": [8.29092, 9.16365, 5.96361],
			"faces": {
				"north": {"uv": [8.625, 10.875, 8.125, 11], "texture": "#machinepistol_atlas"},
				"east": {"uv": [4, 12.5, 3.75, 12.625], "texture": "#machinepistol_atlas"},
				"south": {"uv": [8.125, 11.25, 8.625, 11.375], "texture": "#machinepistol_atlas"},
				"west": {"uv": [3.75, 11.75, 4, 11.875], "texture": "#machinepistol_atlas"},
				"up": {"uv": [7.625, 10.25, 8.125, 10], "texture": "#machinepistol_atlas"},
				"down": {"uv": [7.625, 10.25, 8.125, 10.5], "texture": "#machinepistol_atlas"}
			}
		},
		{
			"name": "Voxels",
			"from": [7.7091, 9.3091, 4.6545],
			"to": [8.29092, 9.60001, 5.67268],
			"faces": {
				"north": {"uv": [8.125, 8.75, 7.625, 9], "texture": "#machinepistol_atlas"},
				"east": {"uv": [7.625, 13.25, 6.75, 13.5], "texture": "#machinepistol_atlas"},
				"south": {"uv": [7.625, 8.5, 8.125, 8.75], "texture": "#machinepistol_atlas"},
				"west": {"uv": [6.75, 14.25, 7.625, 14.5], "texture": "#machinepistol_atlas"},
				"up": {"uv": [2.5, 10, 3, 9.125], "texture": "#machinepistol_atlas"},
				"down": {"uv": [2.5, 10, 3, 10.875], "texture": "#machinepistol_atlas"}
			}
		},
		{
			"name": "Voxels",
			"from": [7.7091, 9.6, 5.8182],
			"to": [8.29092, 9.74545, 6.10911],
			"faces": {
				"north": {"uv": [8.625, 11.5, 8.125, 11.625], "texture": "#machinepistol_atlas"},
				"east": {"uv": [4, 14, 3.75, 14.125], "texture": "#machinepistol_atlas"},
				"south": {"uv": [8.125, 11.625, 8.625, 11.75], "texture": "#machinepistol_atlas"},
				"west": {"uv": [3.75, 13.25, 4, 13.375], "texture": "#machinepistol_atlas"},
				"up": {"uv": [7.625, 8.5, 8.125, 8.25], "texture": "#machinepistol_atlas"},
				"down": {"uv": [2, 11.25, 2.5, 11.5], "texture": "#machinepistol_atlas"}
			}
		},
		{
			"name": "Voxels",
			"from": [7.7091, 9.7455, 5.6727],
			"to": [8.29092, 9.89095, 5.81815],
			"faces": {
				"north": {"uv": [8.625, 12.25, 8.125, 12.375], "texture": "#machinepistol_atlas"},
				"east": {"uv": [6, 10, 5.875, 10.125], "texture": "#machinepistol_atlas"},
				"south": {"uv": [8.125, 12.375, 8.625, 12.5], "texture": "#machinepistol_atlas"},
				"west": {"uv": [9.125, 9.125, 9.25, 9.25], "texture": "#machinepistol_atlas"},
				"up": {"uv": [8.125, 12.25, 8.625, 12.125], "texture": "#machinepistol_atlas"},
				"down": {"uv": [8.125, 12, 8.625, 12.125], "texture": "#machinepistol_atlas"}
			}
		},
		{
			"name": "Voxels",
			"from": [7.7091, 9.7455, 6.1091],
			"to": [8.29092, 9.89095, 6.54546],
			"faces": {
				"north": {"uv": [15.875, 14.875, 15.375, 15], "texture": "#machinepistol_atlas"},
				"east": {"uv": [7.625, 12.625, 7.25, 12.75], "texture": "#machinepistol_atlas"},
				"south": {"uv": [8.125, 8.75, 8.625, 8.875], "texture": "#machinepistol_atlas"},
				"west": {"uv": [7.25, 9, 7.625, 9.125], "texture": "#machinepistol_atlas"},
				"up": {"uv": [7.625, 14.25, 8.125, 13.875], "texture": "#machinepistol_atlas"},
				"down": {"uv": [6, 9.125, 6.5, 9.5], "texture": "#machinepistol_atlas"}
			}
		},
		{
			"name": "Voxels",
			"from": [7.7091, 9.7455, 6.8364],
			"to": [8.29092, 10.03641, 7.27276],
			"faces": {
				"north": {"uv": [3, 8, 2.5, 8.25], "texture": "#machinepistol_atlas"},
				"east": {"uv": [8, 8, 7.625, 8.25], "texture": "#machinepistol_atlas"},
				"south": {"uv": [7.625, 9.75, 8.125, 10], "texture": "#machinepistol_atlas"},
				"west": {"uv": [7.25, 12.75, 7.625, 13], "texture": "#machinepistol_atlas"},
				"up": {"uv": [7.625, 14.625, 8.125, 14.25], "texture": "#machinepistol_atlas"},
				"down": {"uv": [6.75, 9.375, 7.25, 9.75], "texture": "#machinepistol_atlas"}
			}
		},
		{
			"name": "Voxels",
			"from": [7.7091, 9.8909, 6.2545],
			"to": [8.29092, 10.32726, 6.69086],
			"faces": {
				"north": {"uv": [5.875, 8, 5.375, 8.375], "texture": "#machinepistol_atlas"},
				"east": {"uv": [5.375, 14.375, 5, 14.75], "texture": "#machinepistol_atlas"},
				"south": {"uv": [7.625, 14.625, 8.125, 15], "texture": "#machinepistol_atlas"},
				"west": {"uv": [5, 14.875, 5.375, 15.25], "texture": "#machinepistol_atlas"},
				"up": {"uv": [7.625, 13.875, 8.125, 13.5], "texture": "#machinepistol_atlas"},
				"down": {"uv": [6.75, 11.75, 7.25, 12.125], "texture": "#machinepistol_atlas"}
			}
		},
		{
			"name": "Voxels",
			"from": [7.7091, 9.8909, 6.6909],
			"to": [8.29092, 10.18181, 6.83635],
			"faces": {
				"north": {"uv": [8.125, 9.5, 7.625, 9.75], "texture": "#machinepistol_atlas"},
				"east": {"uv": [7.625, 12.375, 7.5, 12.625], "texture": "#machinepistol_atlas"},
				"south": {"uv": [6.75, 8, 7.25, 8.25], "texture": "#machinepistol_atlas"},
				"west": {"uv": [2.875, 11.75, 3, 12], "texture": "#machinepistol_atlas"},
				"up": {"uv": [8.125, 11.125, 8.625, 11], "texture": "#machinepistol_atlas"},
				"down": {"uv": [8.125, 11.125, 8.625, 11.25], "texture": "#machinepistol_atlas"}
			}
		},
		{
			"name": "Voxels",
			"from": [7.7091, 9.8909, 11.2],
			"to": [8.29092, 10.03635, 11.34545],
			"faces": {
				"north": {"uv": [8.625, 10.5, 8.125, 10.625], "texture": "#machinepistol_atlas"},
				"east": {"uv": [9.5, 9.25, 9.375, 9.375], "texture": "#machinepistol_atlas"},
				"south": {"uv": [8.125, 10.375, 8.625, 10.5], "texture": "#machinepistol_atlas"},
				"west": {"uv": [9, 9.125, 9.125, 9.25], "texture": "#machinepistol_atlas"},
				"up": {"uv": [8.125, 10.75, 8.625, 10.625], "texture": "#machinepistol_atlas"},
				"down": {"uv": [8.125, 10.75, 8.625, 10.875], "texture": "#machinepistol_atlas"}
			}
		},
		{
			"name": "Voxels",
			"from": [7.7091, 10.0364, 9.6],
			"to": [8.29092, 10.18185, 10.03636],
			"faces": {
				"north": {"uv": [8.75, 9.875, 8.25, 10], "texture": "#machinepistol_atlas"},
				"east": {"uv": [7.625, 9.375, 7.25, 9.5], "texture": "#machinepistol_atlas"},
				"south": {"uv": [8.25, 9.75, 8.75, 9.875], "texture": "#machinepistol_atlas"},
				"west": {"uv": [7.25, 11.75, 7.625, 11.875], "texture": "#machinepistol_atlas"},
				"up": {"uv": [6.75, 10.125, 7.25, 9.75], "texture": "#machinepistol_atlas"},
				"down": {"uv": [7.625, 15, 8.125, 15.375], "texture": "#machinepistol_atlas"}
			}
		},
		{
			"name": "Voxels",
			"from": [7.7091, 10.0364, 10.4727],
			"to": [8.29092, 10.18185, 10.61815],
			"faces": {
				"north": {"uv": [8.75, 9.5, 8.25, 9.625], "texture": "#machinepistol_atlas"},
				"east": {"uv": [9.25, 9.25, 9.125, 9.375], "texture": "#machinepistol_atlas"},
				"south": {"uv": [8.25, 9.375, 8.75, 9.5], "texture": "#machinepistol_atlas"},
				"west": {"uv": [9.25, 9.25, 9.375, 9.375], "texture": "#machinepistol_atlas"},
				"up": {"uv": [8.25, 9.75, 8.75, 9.625], "texture": "#machinepistol_atlas"},
				"down": {"uv": [8.125, 12.625, 8.625, 12.75], "texture": "#machinepistol_atlas"}
			}
		},
		{
			"name": "Voxels",
			"from": [7.7091, 10.0364, 11.0545],
			"to": [8.29092, 10.32731, 11.19995],
			"faces": {
				"north": {"uv": [8.125, 11.25, 7.625, 11.5], "texture": "#machinepistol_atlas"},
				"east": {"uv": [7.625, 11.125, 7.5, 11.375], "texture": "#machinepistol_atlas"},
				"south": {"uv": [7.625, 11.75, 8.125, 12], "texture": "#machinepistol_atlas"},
				"west": {"uv": [7.5, 12.125, 7.625, 12.375], "texture": "#machinepistol_atlas"},
				"up": {"uv": [8.125, 8.625, 8.625, 8.5], "texture": "#machinepistol_atlas"},
				"down": {"uv": [8.125, 8.625, 8.625, 8.75], "texture": "#machinepistol_atlas"}
			}
		},
		{
			"name": "Voxels",
			"from": [7.7091, 10.1818, 6.6909],
			"to": [7.85455, 10.32725, 6.83635],
			"faces": {
				"north": {"uv": [8.75, 10.5, 8.625, 10.625], "texture": "#machinepistol_atlas"},
				"east": {"uv": [9.5, 9.75, 9.375, 9.875], "texture": "#machinepistol_atlas"},
				"south": {"uv": [8.625, 12.625, 8.75, 12.75], "texture": "#machinepistol_atlas"},
				"west": {"uv": [8.375, 13.5, 8.5, 13.625], "texture": "#machinepistol_atlas"},
				"up": {"uv": [8.625, 10.5, 8.75, 10.375], "texture": "#machinepistol_atlas"},
				"down": {"uv": [9, 9.25, 9.125, 9.375], "texture": "#machinepistol_atlas"}
			}
		},
		{
			"name": "Voxels",
			"from": [7.7091, 10.1818, 7.7091],
			"to": [8.29092, 10.32725, 8.00001],
			"faces": {
				"north": {"uv": [10.75, 14.5, 10.25, 14.625], "texture": "#machinepistol_atlas"},
				"east": {"uv": [4, 10.25, 3.75, 10.375], "texture": "#machinepistol_atlas"},
				"south": {"uv": [10.75, 14.5, 11.25, 14.625], "texture": "#machinepistol_atlas"},
				"west": {"uv": [3.75, 11, 4, 11.125], "texture": "#machinepistol_atlas"},
				"up": {"uv": [7.625, 12.5, 8.125, 12.25], "texture": "#machinepistol_atlas"},
				"down": {"uv": [7.625, 12, 8.125, 12.25], "texture": "#machinepistol_atlas"}
			}
		},
		{
			"name": "Voxels",
			"from": [7.7091, 10.1818, 10.4727],
			"to": [7.85455, 10.47271, 10.61815],
			"faces": {
				"north": {"uv": [7.625, 10.625, 7.5, 10.875], "texture": "#machinepistol_atlas"},
				"east": {"uv": [7.625, 8.75, 7.5, 9], "texture": "#machinepistol_atlas"},
				"south": {"uv": [7.5, 10.375, 7.625, 10.625], "texture": "#machinepistol_atlas"},
				"west": {"uv": [7.5, 10.125, 7.625, 10.375], "texture": "#machinepistol_atlas"},
				"up": {"uv": [8.625, 12.5, 8.75, 12.375], "texture": "#machinepistol_atlas"},
				"down": {"uv": [9.125, 9.75, 9.25, 9.875], "texture": "#machinepistol_atlas"}
			}
		},
		{
			"name": "Voxels",
			"from": [7.7091, 10.3273, 6.4],
			"to": [7.85455, 10.47275, 6.69091],
			"faces": {
				"north": {"uv": [8.75, 12.5, 8.625, 12.625], "texture": "#machinepistol_atlas"},
				"east": {"uv": [16, 15.125, 15.75, 15.25], "texture": "#machinepistol_atlas"},
				"south": {"uv": [5.875, 10.875, 6, 11], "texture": "#machinepistol_atlas"},
				"west": {"uv": [8.5, 13.5, 8.75, 13.625], "texture": "#machinepistol_atlas"},
				"up": {"uv": [8, 8.25, 8.125, 8], "texture": "#machinepistol_atlas"},
				"down": {"uv": [15.875, 15.375, 16, 15.625], "texture": "#machinepistol_atlas"}
			}
		},
		{
			"name": "Voxels",
			"from": [7.7091, 10.3273, 10.6182],
			"to": [8.29092, 10.47275, 11.05456],
			"faces": {
				"north": {"uv": [15.75, 14.5, 15.25, 14.625], "texture": "#machinepistol_atlas"},
				"east": {"uv": [7.625, 8, 7.25, 8.125], "texture": "#machinepistol_atlas"},
				"south": {"uv": [9, 14.375, 9.5, 14.5], "texture": "#machinepistol_atlas"},
				"west": {"uv": [9, 13.875, 9.375, 14], "texture": "#machinepistol_atlas"},
				"up": {"uv": [6.75, 11.75, 7.25, 11.375], "texture": "#machinepistol_atlas"},
				"down": {"uv": [6.75, 8.625, 7.25, 9], "texture": "#machinepistol_atlas"}
			}
		},
		{
			"name": "Voxels",
			"from": [7.7091, 10.3273, 11.0545],
			"to": [7.85455, 10.47275, 11.19995],
			"faces": {
				"north": {"uv": [9.375, 9.75, 9.25, 9.875], "texture": "#machinepistol_atlas"},
				"east": {"uv": [9.375, 9.875, 9.25, 10], "texture": "#machinepistol_atlas"},
				"south": {"uv": [9, 9, 9.125, 9.125], "texture": "#machinepistol_atlas"},
				"west": {"uv": [9.375, 9.625, 9.5, 9.75], "texture": "#machinepistol_atlas"},
				"up": {"uv": [9.25, 9.75, 9.375, 9.625], "texture": "#machinepistol_atlas"},
				"down": {"uv": [5.875, 13.5, 6, 13.625], "texture": "#machinepistol_atlas"}
			}
		},
		{
			"name": "Voxels",
			"from": [7.8545, 5.5273, 10.1818],
			"to": [8.14541, 5.67275, 10.32725],
			"faces": {
				"north": {"uv": [9, 11.75, 8.75, 11.875], "texture": "#machinepistol_atlas"},
				"east": {"uv": [8.75, 11.25, 8.625, 11.375], "texture": "#machinepistol_atlas"},
				"south": {"uv": [8.75, 11.625, 9, 11.75], "texture": "#machinepistol_atlas"},
				"west": {"uv": [8.625, 11.125, 8.75, 11.25], "texture": "#machinepistol_atlas"},
				"up": {"uv": [8.75, 12, 9, 11.875], "texture": "#machinepistol_atlas"},
				"down": {"uv": [15.75, 14.5, 16, 14.625], "texture": "#machinepistol_atlas"}
			}
		},
		{
			"name": "Voxels",
			"from": [7.8545, 5.6727, 9.6],
			"to": [8.14541, 6.83634, 9.89091],
			"faces": {
				"north": {"uv": [1.5, 8.5, 1.25, 9.5], "texture": "#machinepistol_atlas"},
				"east": {"uv": [5.625, 12.5, 5.375, 13.5], "texture": "#machinepistol_atlas"},
				"south": {"uv": [5.375, 13.5, 5.625, 14.5], "texture": "#machinepistol_atlas"},
				"west": {"uv": [5.625, 13.5, 5.875, 14.5], "texture": "#machinepistol_atlas"},
				"up": {"uv": [8.375, 9.375, 8.625, 9.125], "texture": "#machinepistol_atlas"},
				"down": {"uv": [8.5, 10.125, 8.75, 10.375], "texture": "#machinepistol_atlas"}
			}
		},
		{
			"name": "Voxels",
			"from": [7.8545, 5.6727, 10.3273],
			"to": [8.14541, 5.81815, 10.47275],
			"faces": {
				"north": {"uv": [9, 11.25, 8.75, 11.375], "texture": "#machinepistol_atlas"},
				"east": {"uv": [8.75, 11, 8.625, 11.125], "texture": "#machinepistol_atlas"},
				"south": {"uv": [8.75, 11.125, 9, 11.25], "texture": "#machinepistol_atlas"},
				"west": {"uv": [8.625, 12.25, 8.75, 12.375], "texture": "#machinepistol_atlas"},
				"up": {"uv": [8.75, 11.5, 9, 11.375], "texture": "#machinepistol_atlas"},
				"down": {"uv": [8.75, 11.5, 9, 11.625], "texture": "#machinepistol_atlas"}
			}
		},
		{
			"name": "Voxels",
			"from": [7.8545, 5.8182, 9.8909],
			"to": [8.14541, 6.83638, 10.18181],
			"faces": {
				"north": {"uv": [5.875, 12.625, 5.625, 13.5], "texture": "#machinepistol_atlas"},
				"east": {"uv": [2.5, 9.5, 2.25, 10.375], "texture": "#machinepistol_atlas"},
				"south": {"uv": [5.625, 10, 5.875, 10.875], "texture": "#machinepistol_atlas"},
				"west": {"uv": [5.375, 10.875, 5.625, 11.75], "texture": "#machinepistol_atlas"},
				"up": {"uv": [8.75, 13.75, 9, 13.5], "texture": "#machinepistol_atlas"},
				"down": {"uv": [8.125, 8, 8.375, 8.25], "texture": "#machinepistol_atlas"}
			}
		},
		{
			"name": "Voxels",
			"from": [7.8545, 5.8182, 10.1818],
			"to": [8.14541, 6.40002, 10.32725],
			"faces": {
				"north": {"uv": [1.5, 8, 1.25, 8.5], "texture": "#machinepistol_atlas"},
				"east": {"uv": [7.625, 8.125, 7.5, 8.625], "texture": "#machinepistol_atlas"},
				"south": {"uv": [7.875, 9, 8.125, 9.5], "texture": "#machinepistol_atlas"},
				"west": {"uv": [8.75, 12.5, 8.875, 13], "texture": "#machinepistol_atlas"},
				"up": {"uv": [8.75, 11, 9, 10.875], "texture": "#machinepistol_atlas"},
				"down": {"uv": [8.75, 11, 9, 11.125], "texture": "#machinepistol_atlas"}
			}
		},
		{
			"name": "Voxels",
			"from": [7.8545, 6.1091, 9.4545],
			"to": [8.14541, 6.69092, 9.59996],
			"faces": {
				"north": {"uv": [7.875, 10.75, 7.625, 11.25], "texture": "#machinepistol_atlas"},
				"east": {"uv": [8.75, 14.25, 8.625, 14.75], "texture": "#machinepistol_atlas"},
				"south": {"uv": [5.625, 9.5, 5.875, 10], "texture": "#machinepistol_atlas"},
				"west": {"uv": [8.5, 14.25, 8.625, 14.75], "texture": "#machinepistol_atlas"},
				"up": {"uv": [8.75, 10.75, 9, 10.625], "texture": "#machinepistol_atlas"},
				"down": {"uv": [8.75, 10.75, 9, 10.875], "texture": "#machinepistol_atlas"}
			}
		},
		{
			"name": "Voxels",
			"from": [7.8545, 6.9818, 9.1636],
			"to": [8.14541, 7.12725, 9.30905],
			"faces": {
				"north": {"uv": [9, 10, 8.75, 10.125], "texture": "#machinepistol_atlas"},
				"east": {"uv": [7.625, 8.625, 7.5, 8.75], "texture": "#machinepistol_atlas"},
				"south": {"uv": [8.75, 9.875, 9, 10], "texture": "#machinepistol_atlas"},
				"west": {"uv": [8.625, 12.125, 8.75, 12.25], "texture": "#machinepistol_atlas"},
				"up": {"uv": [8.75, 10.25, 9, 10.125], "texture": "#machinepistol_atlas"},
				"down": {"uv": [8.75, 10.25, 9, 10.375], "texture": "#machinepistol_atlas"}
			}
		},
		{
			"name": "Voxels",
			"from": [7.8545, 7.2727, 10.1818],
			"to": [8.14541, 7.70906, 10.32725],
			"faces": {
				"north": {"uv": [6.75, 9.125, 6.5, 9.5], "texture": "#machinepistol_atlas"},
				"east": {"uv": [6, 9.125, 5.875, 9.5], "texture": "#machinepistol_atlas"},
				"south": {"uv": [5.625, 9.125, 5.875, 9.5], "texture": "#machinepistol_atlas"},
				"west": {"uv": [5.875, 8, 6, 8.375], "texture": "#machinepistol_atlas"},
				"up": {"uv": [8.75, 9.75, 9, 9.625], "texture": "#machinepistol_atlas"},
				"down": {"uv": [8.75, 9.75, 9, 9.875], "texture": "#machinepistol_atlas"}
			}
		},
		{
			"name": "Voxels",
			"from": [7.8545, 7.8545, 8],
			"to": [8.14541, 8.58177, 8.14545],
			"faces": {
				"north": {"uv": [4, 12.625, 3.75, 13.25], "texture": "#machinepistol_atlas"},
				"east": {"uv": [8.625, 12.875, 8.5, 13.5], "texture": "#machinepistol_atlas"},
				"south": {"uv": [3.75, 13.375, 4, 14], "texture": "#machinepistol_atlas"},
				"west": {"uv": [8.625, 12.875, 8.75, 13.5], "texture": "#machinepistol_atlas"},
				"up": {"uv": [8.75, 9.25, 9, 9.125], "texture": "#machinepistol_atlas"},
				"down": {"uv": [8.75, 9.25, 9, 9.375], "texture": "#machinepistol_atlas"}
			}
		},
		{
			"name": "Voxels",
			"from": [7.8545, 7.8545, 8.1455],
			"to": [8.14541, 8.14541, 8.87277],
			"faces": {
				"north": {"uv": [9, 13.25, 8.75, 13.5], "texture": "#machinepistol_atlas"},
				"east": {"uv": [8.75, 14.75, 8.125, 15], "texture": "#machinepistol_atlas"},
				"south": {"uv": [8.25, 10.125, 8.5, 10.375], "texture": "#machinepistol_atlas"},
				"west": {"uv": [8.125, 15, 8.75, 15.25], "texture": "#machinepistol_atlas"},
				"up": {"uv": [3.75, 12.5, 4, 11.875], "texture": "#machinepistol_atlas"},
				"down": {"uv": [3.75, 14.125, 4, 14.75], "texture": "#machinepistol_atlas"}
			}
		},
		{
			"name": "Voxels",
			"from": [7.8545, 7.8545, 10.0364],
			"to": [8.14541, 7.99995, 10.18185],
			"faces": {
				"north": {"uv": [9, 8.75, 8.75, 8.875], "texture": "#machinepistol_atlas"},
				"east": {"uv": [16, 15, 15.875, 15.125], "texture": "#machinepistol_atlas"},
				"south": {"uv": [8.75, 8.625, 9, 8.75], "texture": "#machinepistol_atlas"},
				"west": {"uv": [8.625, 10.875, 8.75, 11], "texture": "#machinepistol_atlas"},
				"up": {"uv": [8.75, 9, 9, 8.875], "texture": "#machinepistol_atlas"},
				"down": {"uv": [8.75, 9, 9, 9.125], "texture": "#machinepistol_atlas"}
			}
		},
		{
			"name": "Voxels",
			"from": [7.8545, 8, 7.8545],
			"to": [8.14541, 8.58182, 7.99995],
			"faces": {
				"north": {"uv": [7.5, 8.125, 7.25, 8.625], "texture": "#machinepistol_atlas"},
				"east": {"uv": [8.25, 9.375, 8.125, 9.875], "texture": "#machinepistol_atlas"},
				"south": {"uv": [7.875, 10.75, 8.125, 11.25], "texture": "#machinepistol_atlas"},
				"west": {"uv": [8.125, 8.875, 8.25, 9.375], "texture": "#machinepistol_atlas"},
				"up": {"uv": [8.75, 8.5, 9, 8.375], "texture": "#machinepistol_atlas"},
				"down": {"uv": [8.75, 8.5, 9, 8.625], "texture": "#machinepistol_atlas"}
			}
		},
		{
			"name": "Voxels",
			"from": [7.8545, 8, 8.8727],
			"to": [8.14541, 8.58182, 9.01815],
			"faces": {
				"north": {"uv": [7.875, 9, 7.625, 9.5], "texture": "#machinepistol_atlas"},
				"east": {"uv": [5.375, 8.75, 5.25, 9.25], "texture": "#machinepistol_atlas"},
				"south": {"uv": [8.125, 14.25, 8.375, 14.75], "texture": "#machinepistol_atlas"},
				"west": {"uv": [5.25, 8.125, 5.375, 8.625], "texture": "#machinepistol_atlas"},
				"up": {"uv": [8.75, 8.125, 9, 8], "texture": "#machinepistol_atlas"},
				"down": {"uv": [8.75, 8.125, 9, 8.25], "texture": "#machinepistol_atlas"}
			}
		},
		{
			"name": "Voxels",
			"from": [7.8545, 8, 9.0182],
			"to": [8.14541, 8.14545, 9.16365],
			"faces": {
				"north": {"uv": [9.5, 13.625, 9.25, 13.75], "texture": "#machinepistol_atlas"},
				"east": {"uv": [8.75, 11.875, 8.625, 12], "texture": "#machinepistol_atlas"},
				"south": {"uv": [9, 13.5, 9.25, 13.625], "texture": "#machinepistol_atlas"},
				"west": {"uv": [8.625, 12, 8.75, 12.125], "texture": "#machinepistol_atlas"},
				"up": {"uv": [9, 13.75, 9.25, 13.625], "texture": "#machinepistol_atlas"},
				"down": {"uv": [9.25, 13.75, 9.5, 13.875], "texture": "#machinepistol_atlas"}
			}
		},
		{
			"name": "Voxels",
			"from": [7.8545, 8.1455, 8.7273],
			"to": [8.14541, 8.29096, 8.87275],
			"faces": {
				"north": {"uv": [9.5, 13.375, 9.25, 13.5], "texture": "#machinepistol_atlas"},
				"east": {"uv": [8.75, 8.375, 8.625, 8.5], "texture": "#machinepistol_atlas"},
				"south": {"uv": [9, 13.25, 9.25, 13.375], "texture": "#machinepistol_atlas"},
				"west": {"uv": [8.625, 8.5, 8.75, 8.625], "texture": "#machinepistol_atlas"},
				"up": {"uv": [9, 13.5, 9.25, 13.375], "texture": "#machinepistol_atlas"},
				"down": {"uv": [9.25, 13.5, 9.5, 13.625], "texture": "#machinepistol_atlas"}
			}
		},
		{
			"name": "Voxels",
			"from": [7.8545, 8.2909, 8.5818],
			"to": [8.14541, 8.58181, 8.72725],
			"faces": {
				"north": {"uv": [9, 12, 8.75, 12.25], "texture": "#machinepistol_atlas"},
				"east": {"uv": [9.125, 12.875, 9, 13.125], "texture": "#machinepistol_atlas"},
				"south": {"uv": [8.75, 12.25, 9, 12.5], "texture": "#machinepistol_atlas"},
				"west": {"uv": [8.875, 12.5, 9, 12.75], "texture": "#machinepistol_atlas"},
				"up": {"uv": [9, 13.25, 9.25, 13.125], "texture": "#machinepistol_atlas"},
				"down": {"uv": [9.25, 13.25, 9.5, 13.375], "texture": "#machinepistol_atlas"}
			}
		},
		{
			"name": "Voxels",
			"from": [7.8545, 8.4364, 8.1455],
			"to": [8.14541, 8.58185, 8.58186],
			"faces": {
				"north": {"uv": [9.5, 13.125, 9.25, 13.25], "texture": "#machinepistol_atlas"},
				"east": {"uv": [9.375, 14, 9, 14.125], "texture": "#machinepistol_atlas"},
				"south": {"uv": [9.125, 13, 9.375, 13.125], "texture": "#machinepistol_atlas"},
				"west": {"uv": [9, 14.125, 9.375, 14.25], "texture": "#machinepistol_atlas"},
				"up": {"uv": [7.25, 9, 7.5, 8.625], "texture": "#machinepistol_atlas"},
				"down": {"uv": [7.25, 11.375, 7.5, 11.75], "texture": "#machinepistol_atlas"}
			}
		},
		{
			"name": "Voxels",
			"from": [7.8545, 8.4364, 8.7273],
			"to": [8.14541, 8.58185, 8.87275],
			"faces": {
				"north": {"uv": [9.5, 12.75, 9.25, 12.875], "texture": "#machinepistol_atlas"},
				"east": {"uv": [8.75, 11.625, 8.625, 11.75], "texture": "#machinepistol_atlas"},
				"south": {"uv": [9, 12.625, 9.25, 12.75], "texture": "#machinepistol_atlas"},
				"west": {"uv": [8.625, 11.75, 8.75, 11.875], "texture": "#machinepistol_atlas"},
				"up": {"uv": [9, 12.875, 9.25, 12.75], "texture": "#machinepistol_atlas"},
				"down": {"uv": [9.125, 12.875, 9.375, 13], "texture": "#machinepistol_atlas"}
			}
		},
		{
			"name": "Voxels",
			"from": [7.8545, 8.8727, 6.1091],
			"to": [8.14541, 9.01815, 6.25455],
			"faces": {
				"north": {"uv": [9.5, 12.5, 9.25, 12.625], "texture": "#machinepistol_atlas"},
				"east": {"uv": [8.75, 8.625, 8.625, 8.75], "texture": "#machinepistol_atlas"},
				"south": {"uv": [9, 12.375, 9.25, 12.5], "texture": "#machinepistol_atlas"},
				"west": {"uv": [8.625, 8.75, 8.75, 8.875], "texture": "#machinepistol_atlas"},
				"up": {"uv": [9, 12.625, 9.25, 12.5], "texture": "#machinepistol_atlas"},
				"down": {"uv": [9.25, 12.625, 9.5, 12.75], "texture": "#machinepistol_atlas"}
			}
		},
		{
			"name": "Voxels",
			"from": [7.8545, 9.0182, 5.9636],
			"to": [8.14541, 9.16365, 6.10905],
			"faces": {
				"north": {"uv": [9.5, 12.25, 9.25, 12.375], "texture": "#machinepistol_atlas"},
				"east": {"uv": [9.125, 9.75, 9, 9.875], "texture": "#machinepistol_atlas"},
				"south": {"uv": [9, 12.125, 9.25, 12.25], "texture": "#machinepistol_atlas"},
				"west": {"uv": [9.375, 9.875, 9.5, 10], "texture": "#machinepistol_atlas"},
				"up": {"uv": [9, 12.375, 9.25, 12.25], "texture": "#machinepistol_atlas"},
				"down": {"uv": [9.25, 12.375, 9.5, 12.5], "texture": "#machinepistol_atlas"}
			}
		},
		{
			"name": "Voxels",
			"from": [7.8545, 9.1636, 4.6545],
			"to": [8.14541, 9.30905, 5.67268],
			"faces": {
				"north": {"uv": [9.5, 10.625, 9.25, 10.75], "texture": "#machinepistol_atlas"},
				"east": {"uv": [12.25, 14.875, 11.375, 15], "texture": "#machinepistol_atlas"},
				"south": {"uv": [9.25, 12.125, 9.5, 12.25], "texture": "#machinepistol_atlas"},
				"west": {"uv": [12.375, 15, 13.25, 15.125], "texture": "#machinepistol_atlas"},
				"up": {"uv": [2.25, 11.25, 2.5, 10.375], "texture": "#machinepistol_atlas"},
				"down": {"uv": [5.625, 10.875, 5.875, 11.75], "texture": "#machinepistol_atlas"}
			}
		},
		{
			"name": "Voxels",
			"from": [7.8545, 9.6, 4.6545],
			"to": [8.14541, 9.74545, 5.67268],
			"faces": {
				"north": {"uv": [9.25, 11.75, 9, 11.875], "texture": "#machinepistol_atlas"},
				"east": {"uv": [11.375, 14.875, 10.5, 15], "texture": "#machinepistol_atlas"},
				"south": {"uv": [9.25, 11.75, 9.5, 11.875], "texture": "#machinepistol_atlas"},
				"west": {"uv": [9.625, 14.875, 10.5, 15], "texture": "#machinepistol_atlas"},
				"up": {"uv": [5.375, 10, 5.625, 9.125], "texture": "#machinepistol_atlas"},
				"down": {"uv": [5.375, 10, 5.625, 10.875], "texture": "#machinepistol_atlas"}
			}
		},
		{
			"name": "Voxels",
			"from": [7.8545, 9.7455, 5.8182],
			"to": [8.14541, 9.89095, 6.10911],
			"faces": {
				"north": {"uv": [9.5, 11.625, 9.25, 11.75], "texture": "#machinepistol_atlas"},
				"east": {"uv": [9.25, 11.375, 9, 11.5], "texture": "#machinepistol_atlas"},
				"south": {"uv": [9, 11.5, 9.25, 11.625], "texture": "#machinepistol_atlas"},
				"west": {"uv": [9.25, 11.5, 9.5, 11.625], "texture": "#machinepistol_atlas"},
				"up": {"uv": [8.75, 14.25, 9, 14], "texture": "#machinepistol_atlas"},
				"down": {"uv": [8.75, 13.75, 9, 14], "texture": "#machinepistol_atlas"}
			}
		},
		{
			"name": "Voxels",
			"from": [7.8545, 10.1818, 7.5636],
			"to": [8.14541, 10.32725, 7.70905],
			"faces": {
				"north": {"uv": [9.5, 11.25, 9.25, 11.375], "texture": "#machinepistol_atlas"},
				"east": {"uv": [8.75, 11.375, 8.625, 11.5], "texture": "#machinepistol_atlas"},
				"south": {"uv": [9, 11.125, 9.25, 11.25], "texture": "#machinepistol_atlas"},
				"west": {"uv": [8.625, 11.5, 8.75, 11.625], "texture": "#machinepistol_atlas"},
				"up": {"uv": [9, 11.375, 9.25, 11.25], "texture": "#machinepistol_atlas"},
				"down": {"uv": [9.25, 11.375, 9.5, 11.5], "texture": "#machinepistol_atlas"}
			}
		},
		{
			"name": "Voxels",
			"from": [7.8545, 10.1818, 8],
			"to": [8.14541, 10.32725, 8.14545],
			"faces": {
				"north": {"uv": [9.5, 11, 9.25, 11.125], "texture": "#machinepistol_atlas"},
				"east": {"uv": [8.75, 10.625, 8.625, 10.75], "texture": "#machinepistol_atlas"},
				"south": {"uv": [9, 10.875, 9.25, 11], "texture": "#machinepistol_atlas"},
				"west": {"uv": [8.625, 10.75, 8.75, 10.875], "texture": "#machinepistol_atlas"},
				"up": {"uv": [9, 11.125, 9.25, 11], "texture": "#machinepistol_atlas"},
				"down": {"uv": [9.25, 11.125, 9.5, 11.25], "texture": "#machinepistol_atlas"}
			}
		},
		{
			"name": "Voxels",
			"from": [7.8545, 10.3273, 7.7091],
			"to": [8.14541, 10.47275, 8.00001],
			"faces": {
				"north": {"uv": [9.5, 10.875, 9.25, 11], "texture": "#machinepistol_atlas"},
				"east": {"uv": [9.25, 10.625, 9, 10.75], "texture": "#machinepistol_atlas"},
				"south": {"uv": [9, 10.75, 9.25, 10.875], "texture": "#machinepistol_atlas"},
				"west": {"uv": [9.25, 10.75, 9.5, 10.875], "texture": "#machinepistol_atlas"},
				"up": {"uv": [8.375, 8.25, 8.625, 8], "texture": "#machinepistol_atlas"},
				"down": {"uv": [8.75, 14.25, 9, 14.5], "texture": "#machinepistol_atlas"}
			}
		},
		{
			"name": "Voxels",
			"from": [8.1455, 10.1818, 6.6909],
			"to": [8.29096, 10.32725, 6.83635],
			"faces": {
				"north": {"uv": [16, 14.875, 15.875, 15], "texture": "#machinepistol_atlas"},
				"east": {"uv": [9.5, 13.875, 9.375, 14], "texture": "#machinepistol_atlas"},
				"south": {"uv": [9.375, 14.125, 9.5, 14.25], "texture": "#machinepistol_atlas"},
				"west": {"uv": [9.375, 14, 9.5, 14.125], "texture": "#machinepistol_atlas"},
				"up": {"uv": [9.125, 9.125, 9.25, 9], "texture": "#machinepistol_atlas"},
				"down": {"uv": [8.625, 8.25, 8.75, 8.375], "texture": "#machinepistol_atlas"}
			}
		},
		{
			"name": "Voxels",
			"from": [8.1455, 10.1818, 10.4727],
			"to": [8.29096, 10.47271, 10.61815],
			"faces": {
				"north": {"uv": [9.125, 10.375, 9, 10.625], "texture": "#machinepistol_atlas"},
				"east": {"uv": [9.5, 10.375, 9.375, 10.625], "texture": "#machinepistol_atlas"},
				"south": {"uv": [9.125, 10.375, 9.25, 10.625], "texture": "#machinepistol_atlas"},
				"west": {"uv": [9.25, 10.375, 9.375, 10.625], "texture": "#machinepistol_atlas"},
				"up": {"uv": [9.375, 13, 9.5, 12.875], "texture": "#machinepistol_atlas"},
				"down": {"uv": [9.375, 13, 9.5, 13.125], "texture": "#machinepistol_atlas"}
			}
		},
		{
			"name": "Voxels",
			"from": [8.1455, 10.3273, 6.4],
			"to": [8.29096, 10.47275, 6.69091],
			"faces": {
				"north": {"uv": [9.125, 9.625, 9, 9.75], "texture": "#machinepistol_atlas"},
				"east": {"uv": [9.5, 10.125, 9.25, 10.25], "texture": "#machinepistol_atlas"},
				"south": {"uv": [9.125, 9.625, 9.25, 9.75], "texture": "#machinepistol_atlas"},
				"west": {"uv": [9.25, 10.25, 9.5, 10.375], "texture": "#machinepistol_atlas"},
				"up": {"uv": [9.125, 10.375, 9.25, 10.125], "texture": "#machinepistol_atlas"},
				"down": {"uv": [9, 10.125, 9.125, 10.375], "texture": "#machinepistol_atlas"}
			}
		},
		{
			"name": "Voxels",
			"from": [8.1455, 10.3273, 11.0545],
			"to": [8.29096, 10.47275, 11.19995],
			"faces": {
				"north": {"uv": [9.375, 9.5, 9.25, 9.625], "texture": "#machinepistol_atlas"},
				"east": {"uv": [9.25, 9.375, 9.125, 9.5], "texture": "#machinepistol_atlas"},
				"south": {"uv": [9.375, 9.5, 9.5, 9.625], "texture": "#machinepistol_atlas"},
				"west": {"uv": [9, 9.375, 9.125, 9.5], "texture": "#machinepistol_atlas"},
				"up": {"uv": [9.125, 9.625, 9.25, 9.5], "texture": "#machinepistol_atlas"},
				"down": {"uv": [9, 9.5, 9.125, 9.625], "texture": "#machinepistol_atlas"}
			}
		},
		{
			"name": "Voxels",
			"from": [8.2909, 9.4545, 9.4545],
			"to": [8.43636, 10.18177, 9.59996],
			"faces": {
				"north": {"uv": [8.5, 13.625, 8.375, 14.25], "texture": "#machinepistol_atlas"},
				"east": {"uv": [8.25, 12.875, 8.125, 13.5], "texture": "#machinepistol_atlas"},
				"south": {"uv": [8.5, 13.625, 8.625, 14.25], "texture": "#machinepistol_atlas"},
				"west": {"uv": [8.625, 13.625, 8.75, 14.25], "texture": "#machinepistol_atlas"},
				"up": {"uv": [9.375, 9.5, 9.5, 9.375], "texture": "#machinepistol_atlas"},
				"down": {"uv": [9.25, 9.375, 9.375, 9.5], "texture": "#machinepistol_atlas"}
			}
		},
		{
			"name": "Voxels",
			"from": [8.2909, 9.8909, 8.8727],
			"to": [8.43636, 10.18181, 9.45452],
			"faces": {
				"north": {"uv": [9.125, 9.875, 9, 10.125], "texture": "#machinepistol_atlas"},
				"east": {"uv": [8.125, 11.5, 7.625, 11.75], "texture": "#machinepistol_atlas"},
				"south": {"uv": [9.125, 9.875, 9.25, 10.125], "texture": "#machinepistol_atlas"},
				"west": {"uv": [7.625, 10.5, 8.125, 10.75], "texture": "#machinepistol_atlas"},
				"up": {"uv": [5.875, 10, 6, 9.5], "texture": "#machinepistol_atlas"},
				"down": {"uv": [8.125, 9.875, 8.25, 10.375], "texture": "#machinepistol_atlas"}
			}
		}
	],
	"gui_light": "front",
	"display": {
		"firstperson_righthand": {
			"rotation": [12, 0, 0],
			"translation": [-9, 3.75, 3.5]
		},
		"gui": {
			"rotation": [90, -70, 90],
			"scale": [1.5, 1.5, 1.5]
		},
		"fixed": {
			"rotation": [-180, 90, -180]
		},
		"on_shelf": {
			"rotation": [0, -90, 0],
			"translation": [0, -5, -4],
			"scale": [1.5, 1.5, 1.5]
		}
	}
}