{
	"format_version": "1.21.11",
	"credit": "Made with Blockbench",
	"textures": {
		"1": "items/item/gun_2",
		"particle": "items/item/gun_2"
	},
	"elements": [
		{
			"name": "gun_2_0",
			"from": [0.5, 14.5, 0],
			"to": [1, 16, 0.5],
			"rotation": {"x": 0, "y": -90, "z": 0, "origin": [0, 0, 0]},
			"faces": {
				"north": {"uv": [1, 0, 0.5, 1.5], "texture": "#1"},
				"east": {"uv": [0.5, 0, 1, 1.5], "texture": "#1"},
				"south": {"uv": [0.5, 0, 1, 1.5], "texture": "#1"},
				"west": {"uv": [0.5, 0, 1, 1.5], "texture": "#1"},
				"up": {"uv": [0.5, 0, 1, 0.5], "texture": "#1"},
				"down": {"uv": [0.5, 1, 1, 1.5], "texture": "#1"}
			}
		},
		{
			"name": "gun_2_1",
			"from": [0, 15, 0],
			"to": [0.5, 15.5, 0.5],
			"rotation": {"x": 0, "y": -90, "z": 0, "origin": [0, 0, 0]},
			"faces": {
				"north": {"uv": [0.5, 0.5, 0, 1], "texture": "#1"},
				"east": {"uv": [0, 0.5, 0.5, 1], "texture": "#1"},
				"south": {"uv": [0, 0.5, 0.5, 1], "texture": "#1"},
				"west": {"uv": [0, 0.5, 0.5, 1], "texture": "#1"},
				"up": {"uv": [0, 0.5, 0.5, 1], "texture": "#1"},
				"down": {"uv": [0, 0.5, 0.5, 1], "texture": "#1"}
			}
		},
		{
			"name": "gun_2_2",
			"from": [1, 14, 0],
			"to": [1.5, 15.5, 0.5],
			"rotation": {"x": 0, "y": -90, "z": 0, "origin": [0, 0, 0]},
			"faces": {
				"north": {"uv": [1.5, 0.5, 1, 2], "texture": "#1"},
				"east": {"uv": [1, 0.5, 1.5, 2], "texture": "#1"},
				"south": {"uv": [1, 0.5, 1.5, 2], "texture": "#1"},
				"west": {"uv": [1, 0.5, 1.5, 2], "texture": "#1"},
				"up": {"uv": [1, 0.5, 1.5, 1], "texture": "#1"},
				"down": {"uv": [1, 1.5, 1.5, 2], "texture": "#1"}
			}
		},
		{
			"name": "gun_2_3",
			"from": [1.5, 13.5, 0],
			"to": [2, 15, 0.5],
			"rotation": {"x": 0, "y": -90, "z": 0, "origin": [0, 0, 0]},
			"faces": {
				"north": {"uv": [2, 1, 1.5, 2.5], "texture": "#1"},
				"east": {"uv": [1.5, 1, 2, 2.5], "texture": "#1"},
				"south": {"uv": [1.5, 1, 2, 2.5], "texture": "#1"},
				"west": {"uv": [1.5, 1, 2, 2.5], "texture": "#1"},
				"up": {"uv": [1.5, 1, 2, 1.5], "texture": "#1"},
				"down": {"uv": [1.5, 2, 2, 2.5], "texture": "#1"}
			}
		},
		{
			"name": "gun_2_4",
			"from": [2, 13, 0],
			"to": [2.5, 14.5, 0.5],
			"rotation": {"x": 0, "y": -90, "z": 0, "origin": [0, 0, 0]},
			"faces": {
				"north": {"uv": [2.5, 1.5, 2, 3], "texture": "#1"},
				"east": {"uv": [2, 1.5, 2.5, 3], "texture": "#1"},
				"south": {"uv": [2, 1.5, 2.5, 3], "texture": "#1"},
				"west": {"uv": [2, 1.5, 2.5, 3], "texture": "#1"},
				"up": {"uv": [2, 1.5, 2.5, 2], "texture": "#1"},
				"down": {"uv": [2, 2.5, 2.5, 3], "texture": "#1"}
			}
		},
		{
			"name": "gun_2_5",
			"from": [2.5, 12.5, 0],
			"to": [3, 14, 0.5],
			"rotation": {"x": 0, "y": -90, "z": 0, "origin": [0, 0, 0]},
			"faces": {
				"north": {"uv": [3, 2, 2.5, 3.5], "texture": "#1"},
				"east": {"uv": [2.5, 2, 3, 3.5], "texture": "#1"},
				"south": {"uv": [2.5, 2, 3, 3.5], "texture": "#1"},
				"west": {"uv": [2.5, 2, 3, 3.5], "texture": "#1"},
				"up": {"uv": [2.5, 2, 3, 2.5], "texture": "#1"},
				"down": {"uv": [2.5, 3, 3, 3.5], "texture": "#1"}
			}
		},
		{
			"name": "gun_2_6",
			"from": [3, 12, 0],
			"to": [3.5, 13.5, 0.5],
			"rotation": {"x": 0, "y": -90, "z": 0, "origin": [0, 0, 0]},
			"faces": {
				"north": {"uv": [3.5, 2.5, 3, 4], "texture": "#1"},
				"east": {"uv": [3, 2.5, 3.5, 4], "texture": "#1"},
				"south": {"uv": [3, 2.5, 3.5, 4], "texture": "#1"},
				"west": {"uv": [3, 2.5, 3.5, 4], "texture": "#1"},
				"up": {"uv": [3, 2.5, 3.5, 3], "texture": "#1"},
				"down": {"uv": [3, 3.5, 3.5, 4], "texture": "#1"}
			}
		},
		{
			"name": "gun_2_7",
			"from": [3.5, 11.5, 0],
			"to": [4, 13, 0.5],
			"rotation": {"x": 0, "y": -90, "z": 0, "origin": [0, 0, 0]},
			"faces": {
				"north": {"uv": [4, 3, 3.5, 4.5], "texture": "#1"},
				"east": {"uv": [3.5, 3, 4, 4.5], "texture": "#1"},
				"south": {"uv": [3.5, 3, 4, 4.5], "texture": "#1"},
				"west": {"uv": [3.5, 3, 4, 4.5], "texture": "#1"},
				"up": {"uv": [3.5, 3, 4, 3.5], "texture": "#1"},
				"down": {"uv": [3.5, 4, 4, 4.5], "texture": "#1"}
			}
		},
		{
			"name": "gun_2_8",
			"from": [4, 11, 0],
			"to": [4.5, 12.5, 0.5],
			"rotation": {"x": 0, "y": -90, "z": 0, "origin": [0, 0, 0]},
			"faces": {
				"north": {"uv": [4.5, 3.5, 4, 5], "texture": "#1"},
				"east": {"uv": [4, 3.5, 4.5, 5], "texture": "#1"},
				"south": {"uv": [4, 3.5, 4.5, 5], "texture": "#1"},
				"west": {"uv": [4, 3.5, 4.5, 5], "texture": "#1"},
				"up": {"uv": [4, 3.5, 4.5, 4], "texture": "#1"},
				"down": {"uv": [4, 4.5, 4.5, 5], "texture": "#1"}
			}
		},
		{
			"name": "gun_2_9",
			"from": [4.5, 9.5, 0],
			"to": [5, 12, 0.5],
			"rotation": {"x": 0, "y": -90, "z": 0, "origin": [0, 0, 0]},
			"faces": {
				"north": {"uv": [5, 4, 4.5, 6.5], "texture": "#1"},
				"east": {"uv": [4.5, 4, 5, 6.5], "texture": "#1"},
				"south": {"uv": [4.5, 4, 5, 6.5], "texture": "#1"},
				"west": {"uv": [4.5, 4, 5, 6.5], "texture": "#1"},
				"up": {"uv": [4.5, 4, 5, 4.5], "texture": "#1"},
				"down": {"uv": [4.5, 6, 5, 6.5], "texture": "#1"}
			}
		},
		{
			"name": "gun_2_10",
			"from": [5, 9, 0],
			"to": [5.5, 11.5, 0.5],
			"rotation": {"x": 0, "y": -90, "z": 0, "origin": [0, 0, 0]},
			"faces": {
				"north": {"uv": [5.5, 4.5, 5, 7], "texture": "#1"},
				"east": {"uv": [5, 4.5, 5.5, 7], "texture": "#1"},
				"south": {"uv": [5, 4.5, 5.5, 7], "texture": "#1"},
				"west": {"uv": [5, 4.5, 5.5, 7], "texture": "#1"},
				"up": {"uv": [5, 4.5, 5.5, 5], "texture": "#1"},
				"down": {"uv": [5, 6.5, 5.5, 7], "texture": "#1"}
			}
		},
		{
			"name": "gun_2_11",
			"from": [5.5, 8.5, 0],
			"to": [6, 11, 0.5],
			"rotation": {"x": 0, "y": -90, "z": 0, "origin": [0, 0, 0]},
			"faces": {
				"north": {"uv": [6, 5, 5.5, 7.5], "texture": "#1"},
				"east": {"uv": [5.5, 5, 6, 7.5], "texture": "#1"},
				"south": {"uv": [5.5, 5, 6, 7.5], "texture": "#1"},
				"west": {"uv": [5.5, 5, 6, 7.5], "texture": "#1"},
				"up": {"uv": [5.5, 5, 6, 5.5], "texture": "#1"},
				"down": {"uv": [5.5, 7, 6, 7.5], "texture": "#1"}
			}
		},
		{
			"name": "gun_2_12",
			"from": [6, 8, 0],
			"to": [6.5, 10.5, 0.5],
			"rotation": {"x": 0, "y": -90, "z": 0, "origin": [0, 0, 0]},
			"faces": {
				"north": {"uv": [6.5, 5.5, 6, 8], "texture": "#1"},
				"east": {"uv": [6, 5.5, 6.5, 8], "texture": "#1"},
				"south": {"uv": [6, 5.5, 6.5, 8], "texture": "#1"},
				"west": {"uv": [6, 5.5, 6.5, 8], "texture": "#1"},
				"up": {"uv": [6, 5.5, 6.5, 6], "texture": "#1"},
				"down": {"uv": [6, 7.5, 6.5, 8], "texture": "#1"}
			}
		},
		{
			"name": "gun_2_13",
			"from": [6.5, 7.5, 0],
			"to": [7, 10, 0.5],
			"rotation": {"x": 0, "y": -90, "z": 0, "origin": [0, 0, 0]},
			"faces": {
				"north": {"uv": [7, 6, 6.5, 8.5], "texture": "#1"},
				"east": {"uv": [6.5, 6, 7, 8.5], "texture": "#1"},
				"south": {"uv": [6.5, 6, 7, 8.5], "texture": "#1"},
				"west": {"uv": [6.5, 6, 7, 8.5], "texture": "#1"},
				"up": {"uv": [6.5, 6, 7, 6.5], "texture": "#1"},
				"down": {"uv": [6.5, 8, 7, 8.5], "texture": "#1"}
			}
		},
		{
			"name": "gun_2_14",
			"from": [7, 6.5, 0],
			"to": [7.5, 9.5, 0.5],
			"rotation": {"x": 0, "y": -90, "z": 0, "origin": [0, 0, 0]},
			"faces": {
				"north": {"uv": [7.5, 6.5, 7, 9.5], "texture": "#1"},
				"east": {"uv": [7, 6.5, 7.5, 9.5], "texture": "#1"},
				"south": {"uv": [7, 6.5, 7.5, 9.5], "texture": "#1"},
				"west": {"uv": [7, 6.5, 7.5, 9.5], "texture": "#1"},
				"up": {"uv": [7, 6.5, 7.5, 7], "texture": "#1"},
				"down": {"uv": [7, 9, 7.5, 9.5], "texture": "#1"}
			}
		},
		{
			"name": "gun_2_15",
			"from": [7.5, 7, 0],
			"to": [8, 9, 0.5],
			"rotation": {"x": 0, "y": -90, "z": 0, "origin": [0, 0, 0]},
			"faces": {
				"north": {"uv": [8, 7, 7.5, 9], "texture": "#1"},
				"east": {"uv": [7.5, 7, 8, 9], "texture": "#1"},
				"south": {"uv": [7.5, 7, 8, 9], "texture": "#1"},
				"west": {"uv": [7.5, 7, 8, 9], "texture": "#1"},
				"up": {"uv": [7.5, 7, 8, 7.5], "texture": "#1"},
				"down": {"uv": [7.5, 8.5, 8, 9], "texture": "#1"}
			}
		},
		{
			"name": "gun_2_16",
			"from": [8, 6, 0],
			"to": [8.5, 8.5, 0.5],
			"rotation": {"x": 0, "y": -90, "z": 0, "origin": [0, 0, 0]},
			"faces": {
				"north": {"uv": [8.5, 7.5, 8, 10], "texture": "#1"},
				"east": {"uv": [8, 7.5, 8.5, 10], "texture": "#1"},
				"south": {"uv": [8, 7.5, 8.5, 10], "texture": "#1"},
				"west": {"uv": [8, 7.5, 8.5, 10], "texture": "#1"},
				"up": {"uv": [8, 7.5, 8.5, 8], "texture": "#1"},
				"down": {"uv": [8, 9.5, 8.5, 10], "texture": "#1"}
			}
		},
		{
			"name": "gun_2_17",
			"from": [8.5, 4.5, 0],
			"to": [9, 8, 0.5],
			"rotation": {"x": 0, "y": -90, "z": 0, "origin": [0, 0, 0]},
			"faces": {
				"north": {"uv": [9, 8, 8.5, 11.5], "texture": "#1"},
				"east": {"uv": [8.5, 8, 9, 11.5], "texture": "#1"},
				"south": {"uv": [8.5, 8, 9, 11.5], "texture": "#1"},
				"west": {"uv": [8.5, 8, 9, 11.5], "texture": "#1"},
				"up": {"uv": [8.5, 8, 9, 8.5], "texture": "#1"},
				"down": {"uv": [8.5, 11, 9, 11.5], "texture": "#1"}
			}
		},
		{
			"name": "gun_2_18",
			"from": [9, 4, 0],
			"to": [9.5, 7.5, 0.5],
			"rotation": {"x": 0, "y": -90, "z": 0, "origin": [0, 0, 0]},
			"faces": {
				"north": {"uv": [9.5, 8.5, 9, 12], "texture": "#1"},
				"east": {"uv": [9, 8.5, 9.5, 12], "texture": "#1"},
				"south": {"uv": [9, 8.5, 9.5, 12], "texture": "#1"},
				"west": {"uv": [9, 8.5, 9.5, 12], "texture": "#1"},
				"up": {"uv": [9, 8.5, 9.5, 9], "texture": "#1"},
				"down": {"uv": [9, 11.5, 9.5, 12], "texture": "#1"}
			}
		},
		{
			"name": "gun_2_19",
			"from": [9.5, 3, 0],
			"to": [10, 7, 0.5],
			"rotation": {"x": 0, "y": -90, "z": 0, "origin": [0, 0, 0]},
			"faces": {
				"north": {"uv": [10, 9, 9.5, 13], "texture": "#1"},
				"east": {"uv": [9.5, 9, 10, 13], "texture": "#1"},
				"south": {"uv": [9.5, 9, 10, 13], "texture": "#1"},
				"west": {"uv": [9.5, 9, 10, 13], "texture": "#1"},
				"up": {"uv": [9.5, 9, 10, 9.5], "texture": "#1"},
				"down": {"uv": [9.5, 12.5, 10, 13], "texture": "#1"}
			}
		},
		{
			"name": "gun_2_20",
			"from": [7.5, 6, 0],
			"to": [8, 6.5, 0.5],
			"rotation": {"x": 0, "y": -90, "z": 0, "origin": [0, 0, 0]},
			"faces": {
				"north": {"uv": [8, 9.5, 7.5, 10], "texture": "#1"},
				"east": {"uv": [7.5, 9.5, 8, 10], "texture": "#1"},
				"south": {"uv": [7.5, 9.5, 8, 10], "texture": "#1"},
				"west": {"uv": [7.5, 9.5, 8, 10], "texture": "#1"},
				"up": {"uv": [7.5, 9.5, 8, 10], "texture": "#1"},
				"down": {"uv": [7.5, 9.5, 8, 10], "texture": "#1"}
			}
		},
		{
			"name": "gun_2_21",
			"from": [8, 4.5, 0],
			"to": [8.5, 5.5, 0.5],
			"rotation": {"x": 0, "y": -90, "z": 0, "origin": [0, 0, 0]},
			"faces": {
				"north": {"uv": [8.5, 10.5, 8, 11.5], "texture": "#1"},
				"east": {"uv": [8, 10.5, 8.5, 11.5], "texture": "#1"},
				"south": {"uv": [8, 10.5, 8.5, 11.5], "texture": "#1"},
				"west": {"uv": [8, 10.5, 8.5, 11.5], "texture": "#1"},
				"up": {"uv": [8, 10.5, 8.5, 11], "texture": "#1"},
				"down": {"uv": [8, 11, 8.5, 11.5], "texture": "#1"}
			}
		},
		{
			"name": "gun_2_22",
			"from": [10, 2, 0],
			"to": [10.5, 5.5, 0.5],
			"rotation": {"x": 0, "y": -90, "z": 0, "origin": [0, 0, 0]},
			"faces": {
				"north": {"uv": [10.5, 10.5, 10, 14], "texture": "#1"},
				"east": {"uv": [10, 10.5, 10.5, 14], "texture": "#1"},
				"south": {"uv": [10, 10.5, 10.5, 14], "texture": "#1"},
				"west": {"uv": [10, 10.5, 10.5, 14], "texture": "#1"},
				"up": {"uv": [10, 10.5, 10.5, 11], "texture": "#1"},
				"down": {"uv": [10, 13.5, 10.5, 14], "texture": "#1"}
			}
		},
		{
			"name": "gun_2_23",
			"from": [10.5, 1, 0],
			"to": [11, 5, 0.5],
			"rotation": {"x": 0, "y": -90, "z": 0, "origin": [0, 0, 0]},
			"faces": {
				"north": {"uv": [11, 11, 10.5, 15], "texture": "#1"},
				"east": {"uv": [10.5, 11, 11, 15], "texture": "#1"},
				"south": {"uv": [10.5, 11, 11, 15], "texture": "#1"},
				"west": {"uv": [10.5, 11, 11, 15], "texture": "#1"},
				"up": {"uv": [10.5, 11, 11, 11.5], "texture": "#1"},
				"down": {"uv": [10.5, 14.5, 11, 15], "texture": "#1"}
			}
		},
		{
			"name": "gun_2_24",
			"from": [11, 0, 0],
			"to": [11.5, 4.5, 0.5],
			"rotation": {"x": 0, "y": -90, "z": 0, "origin": [0, 0, 0]},
			"faces": {
				"north": {"uv": [11.5, 11.5, 11, 16], "texture": "#1"},
				"east": {"uv": [11, 11.5, 11.5, 16], "texture": "#1"},
				"south": {"uv": [11, 11.5, 11.5, 16], "texture": "#1"},
				"west": {"uv": [11, 11.5, 11.5, 16], "texture": "#1"},
				"up": {"uv": [11, 11.5, 11.5, 12], "texture": "#1"},
				"down": {"uv": [11, 15.5, 11.5, 16], "texture": "#1"}
			}
		},
		{
			"name": "gun_2_25",
			"from": [11.5, 0, 0],
			"to": [12, 4, 0.5],
			"rotation": {"x": 0, "y": -90, "z": 0, "origin": [0, 0, 0]},
			"faces": {
				"north": {"uv": [12, 12, 11.5, 16], "texture": "#1"},
				"east": {"uv": [11.5, 12, 12, 16], "texture": "#1"},
				"south": {"uv": [11.5, 12, 12, 16], "texture": "#1"},
				"west": {"uv": [11.5, 12, 12, 16], "texture": "#1"},
				"up": {"uv": [11.5, 12, 12, 12.5], "texture": "#1"},
				"down": {"uv": [11.5, 15.5, 12, 16], "texture": "#1"}
			}
		},
		{
			"name": "gun_2_26",
			"from": [12, 0.5, 0],
			"to": [12.5, 3.5, 0.5],
			"rotation": {"x": 0, "y": -90, "z": 0, "origin": [0, 0, 0]},
			"faces": {
				"north": {"uv": [12.5, 12.5, 12, 15.5], "texture": "#1"},
				"east": {"uv": [12, 12.5, 12.5, 15.5], "texture": "#1"},
				"south": {"uv": [12, 12.5, 12.5, 15.5], "texture": "#1"},
				"west": {"uv": [12, 12.5, 12.5, 15.5], "texture": "#1"},
				"up": {"uv": [12, 12.5, 12.5, 13], "texture": "#1"},
				"down": {"uv": [12, 15, 12.5, 15.5], "texture": "#1"}
			}
		},
		{
			"name": "gun_2_27",
			"from": [12.5, 1, 0],
			"to": [13, 3, 0.5],
			"rotation": {"x": 0, "y": -90, "z": 0, "origin": [0, 0, 0]},
			"faces": {
				"north": {"uv": [13, 13, 12.5, 15], "texture": "#1"},
				"east": {"uv": [12.5, 13, 13, 15], "texture": "#1"},
				"south": {"uv": [12.5, 13, 13, 15], "texture": "#1"},
				"west": {"uv": [12.5, 13, 13, 15], "texture": "#1"},
				"up": {"uv": [12.5, 13, 13, 13.5], "texture": "#1"},
				"down": {"uv": [12.5, 14.5, 13, 15], "texture": "#1"}
			}
		},
		{
			"name": "gun_2_28",
			"from": [13, 1.5, 0],
			"to": [13.5, 2.5, 0.5],
			"rotation": {"x": 0, "y": -90, "z": 0, "origin": [0, 0, 0]},
			"faces": {
				"north": {"uv": [13.5, 13.5, 13, 14.5], "texture": "#1"},
				"east": {"uv": [13, 13.5, 13.5, 14.5], "texture": "#1"},
				"south": {"uv": [13, 13.5, 13.5, 14.5], "texture": "#1"},
				"west": {"uv": [13, 13.5, 13.5, 14.5], "texture": "#1"},
				"up": {"uv": [13, 13.5, 13.5, 14], "texture": "#1"},
				"down": {"uv": [13, 14, 13.5, 14.5], "texture": "#1"}
			}
		}
	],
	"gui_light": "front",
	"display": {
		"thirdperson_righthand": {
			"rotation": [-36, 0, 0],
			"translation": [8.25, 1.5, 0]
		},
		"thirdperson_lefthand": {
			"rotation": [-40.5, 0, 0],
			"translation": [-8.5, 1.25, 0]
		},
		"firstperson_righthand": {
			"rotation": [-29.5, 0, 0.5],
			"translation": [0.25, 2.75, -3]
		},
		"firstperson_lefthand": {
			"rotation": [-28, 0, 0],
			"translation": [-2.25, 0, -6.25]
		},
		"ground": {
			"rotation": [165, -180, -180],
			"translation": [6.25, 2.75, 0.75],
			"scale": [0.75, 0.75, 0.75]
		},
		"gui": {
			"rotation": [-90, -86.25, -90],
			"translation": [-1, 0, 0]
		},
		"fixed": {
			"rotation": [0, -90, 0],
			"translation": [0, 0, 8.25]
		},
		"on_shelf": {
			"rotation": [0, 90, 0],
			"translation": [0, -0.75, -12.25]
		}
	},
	"groups": [
		{
			"name": "gun_2",
			"origin": [8, 8, 8],
			"color": 0,
			"children": [0, 1, 2, 3, 4, 5, 6, 7, 8, 9, 10, 11, 12, 13, 14, 15, 16, 17, 18, 19, 20, 21, 22, 23, 24, 25, 26, 27, 28]
		}
	]
}