{
	"credit": "Designed by ThePatriotsFan",
	"textures": {
		"ranger_atlas": "guns/ranger_atlas",
		"particle": "guns/ranger_atlas"
	},
	"elements": [
		{
			"name": "Voxels",
			"from": [7.2889, 6.4, 17.0667],
			"to": [8.35557, 8, 17.42226],
			"faces": {
				"north": {"uv": [9, 13.375, 8.25, 14.5], "texture": "#ranger_atlas"},
				"east": {"uv": [1, 3.625, 0.75, 4.75], "texture": "#ranger_atlas"},
				"south": {"uv": [9, 13.375, 9.75, 14.5], "texture": "#ranger_atlas"},
				"west": {"uv": [0.75, 4.75, 1, 5.875], "texture": "#ranger_atlas"},
				"up": {"uv": [6.875, 12, 7.625, 11.75], "texture": "#ranger_atlas"},
				"down": {"uv": [9.125, 11.75, 9.875, 12], "texture": "#ranger_atlas"}
			}
		},
		{
			"name": "Voxels",
			"from": [7.2889, 6.5778, 16.7111],
			"to": [8.35557, 8.00002, 17.06666],
			"faces": {
				"north": {"uv": [12, 13.5, 11.25, 14.5], "texture": "#ranger_atlas"},
				"east": {"uv": [1, 2.625, 0.75, 3.625], "texture": "#ranger_atlas"},
				"south": {"uv": [12.5, 13.5, 13.25, 14.5], "texture": "#ranger_atlas"},
				"west": {"uv": [0.75, 1.625, 1, 2.625], "texture": "#ranger_atlas"},
				"up": {"uv": [8.375, 12, 9.125, 11.75], "texture": "#ranger_atlas"},
				"down": {"uv": [7.625, 11.75, 8.375, 12], "texture": "#ranger_atlas"}
			}
		},
		{
			"name": "Voxels",
			"from": [7.2889, 6.5778, 17.4222],
			"to": [8.35557, 8.00002, 17.59998],
			"faces": {
				"north": {"uv": [15.5, 13.5, 14.75, 14.5], "texture": "#ranger_atlas"},
				"east": {"uv": [1.625, 4.875, 1.5, 5.875], "texture": "#ranger_atlas"},
				"south": {"uv": [2.75, 11.875, 3.5, 12.875], "texture": "#ranger_atlas"},
				"west": {"uv": [1.625, 6.375, 1.75, 7.375], "texture": "#ranger_atlas"},
				"up": {"uv": [9.25, 11.5, 10, 11.375], "texture": "#ranger_atlas"},
				"down": {"uv": [9.25, 11.25, 10, 11.375], "texture": "#ranger_atlas"}
			}
		},
		{
			"name": "Voxels",
			"from": [7.2889, 6.7556, 15.8222],
			"to": [8.35557, 8.00005, 15.99998],
			"faces": {
				"north": {"uv": [3.5, 2.625, 2.75, 3.5], "texture": "#ranger_atlas"},
				"east": {"uv": [1.625, 0.5, 1.5, 1.375], "texture": "#ranger_atlas"},
				"south": {"uv": [2.75, 8.75, 3.5, 9.625], "texture": "#ranger_atlas"},
				"west": {"uv": [1.875, 5.625, 2, 6.5], "texture": "#ranger_atlas"},
				"up": {"uv": [8.5, 11.375, 9.25, 11.25], "texture": "#ranger_atlas"},
				"down": {"uv": [8.5, 11.125, 9.25, 11.25], "texture": "#ranger_atlas"}
			}
		},
		{
			"name": "Voxels",
			"from": [7.2889, 6.7556, 16.1778],
			"to": [8.35557, 8.00005, 16.71113],
			"faces": {
				"north": {"uv": [3.5, 7, 2.75, 7.875], "texture": "#ranger_atlas"},
				"east": {"uv": [3.875, 4, 3.5, 4.875], "texture": "#ranger_atlas"},
				"south": {"uv": [2.75, 3.5, 3.5, 4.375], "texture": "#ranger_atlas"},
				"west": {"uv": [3.5, 3.125, 3.875, 4], "texture": "#ranger_atlas"},
				"up": {"uv": [4.5, 13.25, 5.25, 12.875], "texture": "#ranger_atlas"},
				"down": {"uv": [3.75, 12.875, 4.5, 13.25], "texture": "#ranger_atlas"}
			}
		},
		{
			"name": "Voxels",
			"from": [7.2889, 6.9333, 15.6444],
			"to": [8.35557, 7.99997, 15.82218],
			"faces": {
				"north": {"uv": [5.75, 12.125, 5, 12.875], "texture": "#ranger_atlas"},
				"east": {"uv": [1.875, 4.875, 1.75, 5.625], "texture": "#ranger_atlas"},
				"south": {"uv": [7.25, 12.125, 8, 12.875], "texture": "#ranger_atlas"},
				"west": {"uv": [1.875, 4.875, 2, 5.625], "texture": "#ranger_atlas"},
				"up": {"uv": [7.625, 11.25, 8.375, 11.125], "texture": "#ranger_atlas"},
				"down": {"uv": [8.5, 11.375, 9.25, 11.5], "texture": "#ranger_atlas"}
			}
		},
		{
			"name": "Voxels",
			"from": [7.2889, 6.9333, 16],
			"to": [8.35557, 7.99997, 16.17778],
			"faces": {
				"north": {"uv": [4.25, 12.125, 3.5, 12.875], "texture": "#ranger_atlas"},
				"east": {"uv": [2.5, 8.75, 2.375, 9.5], "texture": "#ranger_atlas"},
				"south": {"uv": [4.25, 12.125, 5, 12.875], "texture": "#ranger_atlas"},
				"west": {"uv": [2.375, 8, 2.5, 8.75], "texture": "#ranger_atlas"},
				"up": {"uv": [10.625, 11.125, 11.375, 11], "texture": "#ranger_atlas"},
				"down": {"uv": [7.25, 12.875, 8, 13], "texture": "#ranger_atlas"}
			}
		},
		{
			"name": "Voxels",
			"from": [7.2889, 6.9333, 17.6],
			"to": [8.35557, 7.99997, 17.77778],
			"faces": {
				"north": {"uv": [6.5, 12.125, 5.75, 12.875], "texture": "#ranger_atlas"},
				"east": {"uv": [2.5, 10.25, 2.375, 11], "texture": "#ranger_atlas"},
				"south": {"uv": [6.5, 12.125, 7.25, 12.875], "texture": "#ranger_atlas"},
				"west": {"uv": [2.375, 9.5, 2.5, 10.25], "texture": "#ranger_atlas"},
				"up": {"uv": [9.125, 11.125, 9.875, 11], "texture": "#ranger_atlas"},
				"down": {"uv": [9.875, 11, 10.625, 11.125], "texture": "#ranger_atlas"}
			}
		},
		{
			"name": "Voxels",
			"from": [7.2889, 7.1111, 15.4667],
			"to": [8.35557, 7.28888, 15.64448],
			"faces": {
				"north": {"uv": [13.75, 11.125, 13, 11.25], "texture": "#ranger_atlas"},
				"east": {"uv": [5.375, 2.25, 5.25, 2.375], "texture": "#ranger_atlas"},
				"south": {"uv": [5.375, 11, 6.125, 11.125], "texture": "#ranger_atlas"},
				"west": {"uv": [5.375, 2.25, 5.5, 2.375], "texture": "#ranger_atlas"},
				"up": {"uv": [6.125, 11.125, 6.875, 11], "texture": "#ranger_atlas"},
				"down": {"uv": [6.875, 11, 7.625, 11.125], "texture": "#ranger_atlas"}
			}
		},
		{
			"name": "Voxels",
			"from": [7.2889, 7.4667, 15.4667],
			"to": [8.35557, 7.82226, 15.64448],
			"faces": {
				"north": {"uv": [10.625, 11.75, 9.875, 12], "texture": "#ranger_atlas"},
				"east": {"uv": [15.625, 12.875, 15.5, 13.125], "texture": "#ranger_atlas"},
				"south": {"uv": [10.625, 11.75, 11.375, 12], "texture": "#ranger_atlas"},
				"west": {"uv": [15.875, 15.75, 16, 16], "texture": "#ranger_atlas"},
				"up": {"uv": [15.25, 11.5, 16, 11.375], "texture": "#ranger_atlas"},
				"down": {"uv": [4.625, 11, 5.375, 11.125], "texture": "#ranger_atlas"}
			}
		},
		{
			"name": "Voxels",
			"from": [7.2889, 7.8222, 8],
			"to": [8.35557, 8.53331, 10.48889],
			"faces": {
				"north": {"uv": [9.75, 12.875, 9, 13.375], "texture": "#ranger_atlas"},
				"east": {"uv": [8.25, 13.5, 6.5, 14], "texture": "#ranger_atlas"},
				"south": {"uv": [8.25, 12.875, 9, 13.375], "texture": "#ranger_atlas"},
				"west": {"uv": [6.5, 14, 8.25, 14.5], "texture": "#ranger_atlas"},
				"up": {"uv": [4.5, 15, 5.25, 13.25], "texture": "#ranger_atlas"},
				"down": {"uv": [3.75, 13.25, 4.5, 15], "texture": "#ranger_atlas"}
			}
		},
		{
			"name": "Voxels",
			"from": [7.2889, 8, 6.4],
			"to": [8.35557, 8.17778, 8],
			"faces": {
				"north": {"uv": [15.25, 11.125, 14.5, 11.25], "texture": "#ranger_atlas"},
				"east": {"uv": [14.375, 12, 13.25, 12.125], "texture": "#ranger_atlas"},
				"south": {"uv": [14.5, 11.25, 15.25, 11.375], "texture": "#ranger_atlas"},
				"west": {"uv": [12.125, 12, 13.25, 12.125], "texture": "#ranger_atlas"},
				"up": {"uv": [9.75, 14.5, 10.5, 13.375], "texture": "#ranger_atlas"},
				"down": {"uv": [10.5, 13.375, 11.25, 14.5], "texture": "#ranger_atlas"}
			}
		},
		{
			"name": "Voxels",
			"from": [7.2889, 8, 10.4889],
			"to": [8.35557, 8.71111, 10.66668],
			"faces": {
				"north": {"uv": [8, 13, 7.25, 13.5], "texture": "#ranger_atlas"},
				"east": {"uv": [2.625, 2.875, 2.5, 3.375], "texture": "#ranger_atlas"},
				"south": {"uv": [6.5, 13, 7.25, 13.5], "texture": "#ranger_atlas"},
				"west": {"uv": [2.5, 3.375, 2.625, 3.875], "texture": "#ranger_atlas"},
				"up": {"uv": [13.75, 11.25, 14.5, 11.125], "texture": "#ranger_atlas"},
				"down": {"uv": [14.5, 11.375, 15.25, 11.5], "texture": "#ranger_atlas"}
			}
		},
		{
			"name": "Voxels",
			"from": [7.2889, 8, 11.0222],
			"to": [8.35557, 8.35556, 11.37776],
			"faces": {
				"north": {"uv": [5.375, 11.5, 4.625, 11.75], "texture": "#ranger_atlas"},
				"east": {"uv": [3.5, 0.375, 3.25, 0.625], "texture": "#ranger_atlas"},
				"south": {"uv": [14.75, 12.875, 15.5, 13.125], "texture": "#ranger_atlas"},
				"west": {"uv": [3.25, 0.625, 3.5, 0.875], "texture": "#ranger_atlas"},
				"up": {"uv": [15.125, 12, 15.875, 11.75], "texture": "#ranger_atlas"},
				"down": {"uv": [14.375, 11.75, 15.125, 12], "texture": "#ranger_atlas"}
			}
		},
		{
			"name": "Voxels",
			"from": [7.2889, 8, 11.7333],
			"to": [8.35557, 8.53333, 12.97774],
			"faces": {
				"north": {"uv": [11, 12.125, 10.25, 12.5], "texture": "#ranger_atlas"},
				"east": {"uv": [15.625, 13.125, 14.75, 13.5], "texture": "#ranger_atlas"},
				"south": {"uv": [12.875, 12.5, 13.625, 12.875], "texture": "#ranger_atlas"},
				"west": {"uv": [10.25, 12.5, 11.125, 12.875], "texture": "#ranger_atlas"},
				"up": {"uv": [2.75, 6.125, 3.5, 5.25], "texture": "#ranger_atlas"},
				"down": {"uv": [2.75, 4.375, 3.5, 5.25], "texture": "#ranger_atlas"}
			}
		},
		{
			"name": "Voxels",
			"from": [7.2889, 8.1778, 6.5778],
			"to": [8.35557, 8.53336, 8.00002],
			"faces": {
				"north": {"uv": [14.875, 12.125, 14.125, 12.375], "texture": "#ranger_atlas"},
				"east": {"uv": [15.75, 15.5, 14.75, 15.75], "texture": "#ranger_atlas"},
				"south": {"uv": [4.625, 11.75, 5.375, 12], "texture": "#ranger_atlas"},
				"west": {"uv": [14.125, 12.375, 15.125, 12.625], "texture": "#ranger_atlas"},
				"up": {"uv": [13.25, 14.5, 14, 13.5], "texture": "#ranger_atlas"},
				"down": {"uv": [14, 13.5, 14.75, 14.5], "texture": "#ranger_atlas"}
			}
		},
		{
			"name": "Voxels",
			"from": [7.2889, 8.1778, 11.3778],
			"to": [8.35557, 8.35558, 11.73336],
			"faces": {
				"north": {"uv": [14.5, 11.25, 13.75, 11.375], "texture": "#ranger_atlas"},
				"east": {"uv": [5.25, 1.875, 5, 2], "texture": "#ranger_atlas"},
				"south": {"uv": [13.75, 11.375, 14.5, 11.5], "texture": "#ranger_atlas"},
				"west": {"uv": [15.75, 11, 16, 11.125], "texture": "#ranger_atlas"},
				"up": {"uv": [6.125, 12, 6.875, 11.75], "texture": "#ranger_atlas"},
				"down": {"uv": [5.375, 11.75, 6.125, 12], "texture": "#ranger_atlas"}
			}
		},
		{
			"name": "Voxels",
			"from": [7.2889, 8.1778, 12.9778],
			"to": [8.35557, 8.35558, 13.15558],
			"faces": {
				"north": {"uv": [13, 11.375, 12.25, 11.5], "texture": "#ranger_atlas"},
				"east": {"uv": [5.375, 2.5, 5.25, 2.625], "texture": "#ranger_atlas"},
				"south": {"uv": [11.5, 11.125, 12.25, 11.25], "texture": "#ranger_atlas"},
				"west": {"uv": [5.375, 2.5, 5.5, 2.625], "texture": "#ranger_atlas"},
				"up": {"uv": [12.25, 11.375, 13, 11.25], "texture": "#ranger_atlas"},
				"down": {"uv": [13, 11.25, 13.75, 11.375], "texture": "#ranger_atlas"}
			}
		},
		{
			"name": "Voxels",
			"from": [7.2889, 8.5333, 9.2444],
			"to": [8.35557, 8.71108, 10.48884],
			"faces": {
				"north": {"uv": [12.25, 11.25, 11.5, 11.375], "texture": "#ranger_atlas"},
				"east": {"uv": [7.625, 11.125, 6.75, 11.25], "texture": "#ranger_atlas"},
				"south": {"uv": [11.5, 11.375, 12.25, 11.5], "texture": "#ranger_atlas"},
				"west": {"uv": [7.625, 11.375, 8.5, 11.5], "texture": "#ranger_atlas"},
				"up": {"uv": [2.75, 8.75, 3.5, 7.875], "texture": "#ranger_atlas"},
				"down": {"uv": [2.75, 6.125, 3.5, 7], "texture": "#ranger_atlas"}
			}
		},
		{
			"name": "Voxels",
			"from": [7.2889, 8.5333, 10.6667],
			"to": [8.35557, 8.88886, 10.84448],
			"faces": {
				"north": {"uv": [12.875, 11.75, 12.125, 12], "texture": "#ranger_atlas"},
				"east": {"uv": [4, 6.875, 3.875, 7.125], "texture": "#ranger_atlas"},
				"south": {"uv": [12.875, 11.75, 13.625, 12], "texture": "#ranger_atlas"},
				"west": {"uv": [3.875, 7.875, 4, 8.125], "texture": "#ranger_atlas"},
				"up": {"uv": [10.75, 11.375, 11.5, 11.25], "texture": "#ranger_atlas"},
				"down": {"uv": [10.75, 11.125, 11.5, 11.25], "texture": "#ranger_atlas"}
			}
		},
		{
			"name": "Voxels",
			"from": [7.2889, 8.7111, 9.6],
			"to": [7.82223, 8.88888, 10.66667],
			"faces": {
				"north": {"uv": [14.625, 10.625, 14.25, 10.75], "texture": "#ranger_atlas"},
				"east": {"uv": [10.75, 11.125, 10, 11.25], "texture": "#ranger_atlas"},
				"south": {"uv": [13.875, 10.625, 14.25, 10.75], "texture": "#ranger_atlas"},
				"west": {"uv": [10.75, 11.375, 11.5, 11.5], "texture": "#ranger_atlas"},
				"up": {"uv": [12.5, 12.875, 12.875, 12.125], "texture": "#ranger_atlas"},
				"down": {"uv": [12.125, 12.125, 12.5, 12.875], "texture": "#ranger_atlas"}
			}
		},
		{
			"name": "Voxels",
			"from": [7.2889, 8.7111, 10.8444],
			"to": [8.35557, 8.88888, 11.02218],
			"faces": {
				"north": {"uv": [7.25, 12.875, 6.5, 13], "texture": "#ranger_atlas"},
				"east": {"uv": [5.25, 5.5, 5.125, 5.625], "texture": "#ranger_atlas"},
				"south": {"uv": [9.25, 11.125, 10, 11.25], "texture": "#ranger_atlas"},
				"west": {"uv": [5.125, 5.375, 5.25, 5.5], "texture": "#ranger_atlas"},
				"up": {"uv": [10, 11.5, 10.75, 11.375], "texture": "#ranger_atlas"},
				"down": {"uv": [10, 11.25, 10.75, 11.375], "texture": "#ranger_atlas"}
			}
		},
		{
			"name": "Voxels",
			"from": [7.4667, 6.2222, 17.0667],
			"to": [8.17781, 6.39998, 17.60003],
			"faces": {
				"north": {"uv": [5.125, 4.375, 4.625, 4.5], "texture": "#ranger_atlas"},
				"east": {"uv": [11.625, 10.625, 11.25, 10.75], "texture": "#ranger_atlas"},
				"south": {"uv": [4.625, 4.25, 5.125, 4.375], "texture": "#ranger_atlas"},
				"west": {"uv": [13.5, 10.625, 13.875, 10.75], "texture": "#ranger_atlas"},
				"up": {"uv": [4, 7.75, 4.5, 7.375], "texture": "#ranger_atlas"},
				"down": {"uv": [4, 7.75, 4.5, 8.125], "texture": "#ranger_atlas"}
			}
		},
		{
			"name": "Voxels",
			"from": [7.4667, 6.4, 16.7111],
			"to": [8.17781, 6.57778, 17.06666],
			"faces": {
				"north": {"uv": [5.125, 4.125, 4.625, 4.25], "texture": "#ranger_atlas"},
				"east": {"uv": [5.25, 0.125, 5, 0.25], "texture": "#ranger_atlas"},
				"south": {"uv": [4.625, 4, 5.125, 4.125], "texture": "#ranger_atlas"},
				"west": {"uv": [5, 0.25, 5.25, 0.375], "texture": "#ranger_atlas"},
				"up": {"uv": [10.375, 11.75, 10.875, 11.5], "texture": "#ranger_atlas"},
				"down": {"uv": [10.875, 11.5, 11.375, 11.75], "texture": "#ranger_atlas"}
			}
		},
		{
			"name": "Voxels",
			"from": [7.4667, 6.4, 17.4222],
			"to": [8.35559, 6.57778, 17.59998],
			"faces": {
				"north": {"uv": [5.25, 10.625, 4.625, 10.75], "texture": "#ranger_atlas"},
				"east": {"uv": [5.25, 6, 5.125, 6.125], "texture": "#ranger_atlas"},
				"south": {"uv": [4.625, 10.5, 5.25, 10.625], "texture": "#ranger_atlas"},
				"west": {"uv": [5.125, 5.875, 5.25, 6], "texture": "#ranger_atlas"},
				"up": {"uv": [15.25, 10.875, 15.875, 10.75], "texture": "#ranger_atlas"},
				"down": {"uv": [14.625, 10.75, 15.25, 10.875], "texture": "#ranger_atlas"}
			}
		},
		{
			"name": "Voxels",
			"from": [7.4667, 6.4, 17.6],
			"to": [8.17781, 6.93333, 17.77778],
			"faces": {
				"north": {"uv": [4.5, 5, 4, 5.375], "texture": "#ranger_atlas"},
				"east": {"uv": [3.5, 10.75, 3.375, 11.125], "texture": "#ranger_atlas"},
				"south": {"uv": [4, 4.625, 4.5, 5], "texture": "#ranger_atlas"},
				"west": {"uv": [3.375, 10.375, 3.5, 10.75], "texture": "#ranger_atlas"},
				"up": {"uv": [4.625, 3.875, 5.125, 3.75], "texture": "#ranger_atlas"},
				"down": {"uv": [4.625, 3.875, 5.125, 4], "texture": "#ranger_atlas"}
			}
		},
		{
			"name": "Voxels",
			"from": [7.4667, 6.5778, 14.0444],
			"to": [8.17781, 8.1778, 14.93329],
			"faces": {
				"north": {"uv": [4, 11, 3.5, 12.125], "texture": "#ranger_atlas"},
				"east": {"uv": [3.375, 10.75, 2.75, 11.875], "texture": "#ranger_atlas"},
				"south": {"uv": [3.5, 9.875, 4, 11], "texture": "#ranger_atlas"},
				"west": {"uv": [2.75, 9.625, 3.375, 10.75], "texture": "#ranger_atlas"},
				"up": {"uv": [11.625, 12.875, 12.125, 12.25], "texture": "#ranger_atlas"},
				"down": {"uv": [11.125, 12.25, 11.625, 12.875], "texture": "#ranger_atlas"}
			}
		},
		{
			"name": "Voxels",
			"from": [7.4667, 6.5778, 14.9333],
			"to": [8.17781, 6.75558, 16.71108],
			"faces": {
				"north": {"uv": [5.125, 3.625, 4.625, 3.75], "texture": "#ranger_atlas"},
				"east": {"uv": [15.75, 14.625, 14.5, 14.75], "texture": "#ranger_atlas"},
				"south": {"uv": [4.625, 3.25, 5.125, 3.375], "texture": "#ranger_atlas"},
				"west": {"uv": [14.625, 14.75, 15.875, 14.875], "texture": "#ranger_atlas"},
				"up": {"uv": [2.75, 1.375, 3.25, 0.125], "texture": "#ranger_atlas"},
				"down": {"uv": [2.75, 1.375, 3.25, 2.625], "texture": "#ranger_atlas"}
			}
		},
		{
			"name": "Voxels",
			"from": [7.4667, 6.7556, 15.6444],
			"to": [8.17781, 6.93338, 15.82218],
			"faces": {
				"north": {"uv": [12.5, 12.875, 12, 13], "texture": "#ranger_atlas"},
				"east": {"uv": [5.25, 6.5, 5.125, 6.625], "texture": "#ranger_atlas"},
				"south": {"uv": [2.75, 0, 3.25, 0.125], "texture": "#ranger_atlas"},
				"west": {"uv": [5.125, 6.375, 5.25, 6.5], "texture": "#ranger_atlas"},
				"up": {"uv": [4.625, 2.125, 5.125, 2], "texture": "#ranger_atlas"},
				"down": {"uv": [4.625, 3.125, 5.125, 3.25], "texture": "#ranger_atlas"}
			}
		},
		{
			"name": "Voxels",
			"from": [7.4667, 6.7556, 16],
			"to": [8.35559, 6.93338, 16.17778],
			"faces": {
				"north": {"uv": [14.5, 11, 13.875, 11.125], "texture": "#ranger_atlas"},
				"east": {"uv": [5.25, 8.5, 5.125, 8.625], "texture": "#ranger_atlas"},
				"south": {"uv": [13.25, 11, 13.875, 11.125], "texture": "#ranger_atlas"},
				"west": {"uv": [5.125, 8.375, 5.25, 8.5], "texture": "#ranger_atlas"},
				"up": {"uv": [15.125, 11.125, 15.75, 11], "texture": "#ranger_atlas"},
				"down": {"uv": [4.625, 10.875, 5.25, 11], "texture": "#ranger_atlas"}
			}
		},
		{
			"name": "Voxels",
			"from": [7.4667, 6.9333, 14.9333],
			"to": [8.00003, 8.35552, 15.46663],
			"faces": {
				"north": {"uv": [3.875, 7.875, 3.5, 8.875], "texture": "#ranger_atlas"},
				"east": {"uv": [3.875, 4.875, 3.5, 5.875], "texture": "#ranger_atlas"},
				"south": {"uv": [3.5, 6.875, 3.875, 7.875], "texture": "#ranger_atlas"},
				"west": {"uv": [3.5, 5.875, 3.875, 6.875], "texture": "#ranger_atlas"},
				"up": {"uv": [4.625, 11.5, 5, 11.125], "texture": "#ranger_atlas"},
				"down": {"uv": [4, 0.125, 4.375, 0.5], "texture": "#ranger_atlas"}
			}
		},
		{
			"name": "Voxels",
			"from": [7.4667, 6.9333, 15.4667],
			"to": [8.35559, 7.11108, 15.64448],
			"faces": {
				"north": {"uv": [12, 11, 11.375, 11.125], "texture": "#ranger_atlas"},
				"east": {"uv": [5.25, 8.75, 5.125, 8.875], "texture": "#ranger_atlas"},
				"south": {"uv": [15.375, 12, 16, 12.125], "texture": "#ranger_atlas"},
				"west": {"uv": [5.125, 8.625, 5.25, 8.75], "texture": "#ranger_atlas"},
				"up": {"uv": [12, 11.125, 12.625, 11], "texture": "#ranger_atlas"},
				"down": {"uv": [12.625, 11, 13.25, 11.125], "texture": "#ranger_atlas"}
			}
		},
		{
			"name": "Voxels",
			"from": [7.4667, 7.2889, 13.8667],
			"to": [8.17781, 8.17779, 14.04448],
			"faces": {
				"north": {"uv": [13.75, 12.875, 13.25, 13.5], "texture": "#ranger_atlas"},
				"east": {"uv": [2.5, 5.125, 2.375, 5.75], "texture": "#ranger_atlas"},
				"south": {"uv": [14, 12.875, 14.5, 13.5], "texture": "#ranger_atlas"},
				"west": {"uv": [2.375, 7.375, 2.5, 8], "texture": "#ranger_atlas"},
				"up": {"uv": [11.625, 12.25, 12.125, 12.125], "texture": "#ranger_atlas"},
				"down": {"uv": [11.125, 12.125, 11.625, 12.25], "texture": "#ranger_atlas"}
			}
		},
		{
			"name": "Voxels",
			"from": [7.4667, 7.2889, 15.4667],
			"to": [8.35559, 7.46668, 15.64448],
			"faces": {
				"north": {"uv": [12.125, 10.75, 11.5, 10.875], "texture": "#ranger_atlas"},
				"east": {"uv": [16, 10.75, 15.875, 10.875], "texture": "#ranger_atlas"},
				"south": {"uv": [10.875, 10.75, 11.5, 10.875], "texture": "#ranger_atlas"},
				"west": {"uv": [5.125, 8.875, 5.25, 9], "texture": "#ranger_atlas"},
				"up": {"uv": [12.125, 10.875, 12.75, 10.75], "texture": "#ranger_atlas"},
				"down": {"uv": [4.625, 10.125, 5.25, 10.25], "texture": "#ranger_atlas"}
			}
		},
		{
			"name": "Voxels",
			"from": [7.4667, 7.2889, 17.7778],
			"to": [8.35559, 7.64446, 17.95558],
			"faces": {
				"north": {"uv": [4.625, 1.75, 4, 2], "texture": "#ranger_atlas"},
				"east": {"uv": [4, 4.875, 3.875, 5.125], "texture": "#ranger_atlas"},
				"south": {"uv": [4, 2, 4.625, 2.25], "texture": "#ranger_atlas"},
				"west": {"uv": [3.875, 5.875, 4, 6.125], "texture": "#ranger_atlas"},
				"up": {"uv": [12.125, 11, 12.75, 10.875], "texture": "#ranger_atlas"},
				"down": {"uv": [9, 10.75, 9.625, 10.875], "texture": "#ranger_atlas"}
			}
		},
		{
			"name": "Voxels",
			"from": [7.4667, 7.4667, 13.6889],
			"to": [8.17781, 8.35559, 13.86668],
			"faces": {
				"north": {"uv": [11.75, 12.875, 11.25, 13.5], "texture": "#ranger_atlas"},
				"east": {"uv": [2.5, 6.125, 2.375, 6.75], "texture": "#ranger_atlas"},
				"south": {"uv": [12.5, 12.875, 13, 13.5], "texture": "#ranger_atlas"},
				"west": {"uv": [2.375, 6.75, 2.5, 7.375], "texture": "#ranger_atlas"},
				"up": {"uv": [6.25, 11.25, 6.75, 11.125], "texture": "#ranger_atlas"},
				"down": {"uv": [5.75, 11.125, 6.25, 11.25], "texture": "#ranger_atlas"}
			}
		},
		{
			"name": "Voxels",
			"from": [7.4667, 7.6444, 7.8222],
			"to": [8.17781, 7.99996, 7.99998],
			"faces": {
				"north": {"uv": [6.375, 11.5, 5.875, 11.75], "texture": "#ranger_atlas"},
				"east": {"uv": [4, 2.375, 3.875, 2.625], "texture": "#ranger_atlas"},
				"south": {"uv": [6.375, 11.5, 6.875, 11.75], "texture": "#ranger_atlas"},
				"west": {"uv": [3.875, 3.25, 4, 3.5], "texture": "#ranger_atlas"},
				"up": {"uv": [4.625, 8.25, 5.125, 8.125], "texture": "#ranger_atlas"},
				"down": {"uv": [4.625, 8.875, 5.125, 9], "texture": "#ranger_atlas"}
			}
		},
		{
			"name": "Voxels",
			"from": [7.4667, 7.6444, 8],
			"to": [8.17781, 7.82218, 13.68889],
			"faces": {
				"north": {"uv": [5.125, 8, 4.625, 8.125], "texture": "#ranger_atlas"},
				"east": {"uv": [14.125, 15.25, 10.125, 15.375], "texture": "#ranger_atlas"},
				"south": {"uv": [4.625, 7.875, 5.125, 8], "texture": "#ranger_atlas"},
				"west": {"uv": [10.125, 15.375, 14.125, 15.5], "texture": "#ranger_atlas"},
				"up": {"uv": [2, 15, 2.5, 11], "texture": "#ranger_atlas"},
				"down": {"uv": [0, 1.75, 0.5, 5.75], "texture": "#ranger_atlas"}
			}
		},
		{
			"name": "Voxels",
			"from": [7.4667, 7.6444, 17.7778],
			"to": [8.17781, 8.17773, 17.95558],
			"faces": {
				"north": {"uv": [4.5, 8.125, 4, 8.5], "texture": "#ranger_atlas"},
				"east": {"uv": [4, 6.125, 3.875, 6.5], "texture": "#ranger_atlas"},
				"south": {"uv": [3.5, 0, 4, 0.375], "texture": "#ranger_atlas"},
				"west": {"uv": [2.375, 0.5, 2.5, 0.875], "texture": "#ranger_atlas"},
				"up": {"uv": [4.625, 7.75, 5.125, 7.625], "texture": "#ranger_atlas"},
				"down": {"uv": [4.625, 7.75, 5.125, 7.875], "texture": "#ranger_atlas"}
			}
		},
		{
			"name": "Voxels",
			"from": [7.4667, 7.8222, 6.4],
			"to": [8.17781, 7.99998, 7.82222],
			"faces": {
				"north": {"uv": [5.125, 7.5, 4.625, 7.625], "texture": "#ranger_atlas"},
				"east": {"uv": [8.875, 11.625, 7.875, 11.75], "texture": "#ranger_atlas"},
				"south": {"uv": [4.625, 7.375, 5.125, 7.5], "texture": "#ranger_atlas"},
				"west": {"uv": [7.875, 11.5, 8.875, 11.625], "texture": "#ranger_atlas"},
				"up": {"uv": [15.5, 14.5, 16, 13.5], "texture": "#ranger_atlas"},
				"down": {"uv": [3.5, 8.875, 4, 9.875], "texture": "#ranger_atlas"}
			}
		},
		{
			"name": "Voxels",
			"from": [7.4667, 7.8222, 10.4889],
			"to": [8.35559, 7.99998, 13.51112],
			"faces": {
				"north": {"uv": [5.25, 9.75, 4.625, 9.875], "texture": "#ranger_atlas"},
				"east": {"uv": [15.75, 12.75, 13.625, 12.875], "texture": "#ranger_atlas"},
				"south": {"uv": [4.625, 9.875, 5.25, 10], "texture": "#ranger_atlas"},
				"west": {"uv": [13.625, 12.625, 15.75, 12.75], "texture": "#ranger_atlas"},
				"up": {"uv": [3.125, 15, 3.75, 12.875], "texture": "#ranger_atlas"},
				"down": {"uv": [2.5, 12.875, 3.125, 15], "texture": "#ranger_atlas"}
			}
		},
		{
			"name": "Voxels",
			"from": [7.4667, 7.8222, 13.5111],
			"to": [8.17781, 8.53331, 13.68888],
			"faces": {
				"north": {"uv": [2.5, 0, 2, 0.5], "texture": "#ranger_atlas"},
				"east": {"uv": [2.5, 1.875, 2.375, 2.375], "texture": "#ranger_atlas"},
				"south": {"uv": [13.625, 12.125, 14.125, 12.625], "texture": "#ranger_atlas"},
				"west": {"uv": [2.375, 2.375, 2.5, 2.875], "texture": "#ranger_atlas"},
				"up": {"uv": [4.625, 7, 5.125, 6.875], "texture": "#ranger_atlas"},
				"down": {"uv": [4.625, 7.25, 5.125, 7.375], "texture": "#ranger_atlas"}
			}
		},
		{
			"name": "Voxels",
			"from": [7.4667, 7.8222, 15.4667],
			"to": [8.35559, 7.99998, 15.64448],
			"faces": {
				"north": {"uv": [7.125, 10.75, 6.5, 10.875], "texture": "#ranger_atlas"},
				"east": {"uv": [4.625, 4.25, 4.5, 4.375], "texture": "#ranger_atlas"},
				"south": {"uv": [5.875, 10.75, 6.5, 10.875], "texture": "#ranger_atlas"},
				"west": {"uv": [15.25, 11.5, 15.375, 11.625], "texture": "#ranger_atlas"},
				"up": {"uv": [12.75, 10.875, 13.375, 10.75], "texture": "#ranger_atlas"},
				"down": {"uv": [13.375, 10.75, 14, 10.875], "texture": "#ranger_atlas"}
			}
		},
		{
			"name": "Voxels",
			"from": [7.4667, 8, 10.6667],
			"to": [8.35559, 8.53333, 11.02225],
			"faces": {
				"north": {"uv": [4.625, 9.625, 4, 10], "texture": "#ranger_atlas"},
				"east": {"uv": [0.75, 0, 0.5, 0.375], "texture": "#ranger_atlas"},
				"south": {"uv": [4, 9.25, 4.625, 9.625], "texture": "#ranger_atlas"},
				"west": {"uv": [1.75, 2.25, 2, 2.625], "texture": "#ranger_atlas"},
				"up": {"uv": [4, 1.75, 4.625, 1.5], "texture": "#ranger_atlas"},
				"down": {"uv": [4, 2.5, 4.625, 2.75], "texture": "#ranger_atlas"}
			}
		},
		{
			"name": "Voxels",
			"from": [7.4667, 8, 11.3778],
			"to": [8.35559, 8.17778, 11.73336],
			"faces": {
				"north": {"uv": [14.625, 10.75, 14, 10.875], "texture": "#ranger_atlas"},
				"east": {"uv": [6.875, 10.5, 6.625, 10.625], "texture": "#ranger_atlas"},
				"south": {"uv": [4.625, 9.625, 5.25, 9.75], "texture": "#ranger_atlas"},
				"west": {"uv": [6.375, 10.5, 6.625, 10.625], "texture": "#ranger_atlas"},
				"up": {"uv": [5.875, 13.125, 6.5, 12.875], "texture": "#ranger_atlas"},
				"down": {"uv": [4, 2.75, 4.625, 3], "texture": "#ranger_atlas"}
			}
		},
		{
			"name": "Voxels",
			"from": [7.4667, 8, 12.9778],
			"to": [8.35559, 8.17778, 13.51113],
			"faces": {
				"north": {"uv": [5.25, 9.125, 4.625, 9.25], "texture": "#ranger_atlas"},
				"east": {"uv": [15.75, 10.625, 15.375, 10.75], "texture": "#ranger_atlas"},
				"south": {"uv": [4.625, 9, 5.25, 9.125], "texture": "#ranger_atlas"},
				"west": {"uv": [9.375, 10.625, 9.75, 10.75], "texture": "#ranger_atlas"},
				"up": {"uv": [12.875, 12.5, 13.5, 12.125], "texture": "#ranger_atlas"},
				"down": {"uv": [4, 8.5, 4.625, 8.875], "texture": "#ranger_atlas"}
			}
		},
		{
			"name": "Voxels",
			"from": [7.4667, 8, 15.4667],
			"to": [8.17781, 8.35556, 17.60003],
			"faces": {
				"north": {"uv": [10.375, 11.5, 9.875, 11.75], "texture": "#ranger_atlas"},
				"east": {"uv": [15.875, 15.75, 14.375, 16], "texture": "#ranger_atlas"},
				"south": {"uv": [5.375, 11.5, 5.875, 11.75], "texture": "#ranger_atlas"},
				"west": {"uv": [14.125, 15.25, 15.625, 15.5], "texture": "#ranger_atlas"},
				"up": {"uv": [0, 1.75, 0.5, 0.25], "texture": "#ranger_atlas"},
				"down": {"uv": [12, 13, 12.5, 14.5], "texture": "#ranger_atlas"}
			}
		},
		{
			"name": "Voxels",
			"from": [7.4667, 8, 17.6],
			"to": [8.35559, 8.17778, 17.77778],
			"faces": {
				"north": {"uv": [6.5, 10.875, 5.875, 11], "texture": "#ranger_atlas"},
				"east": {"uv": [4.625, 6.25, 4.5, 6.375], "texture": "#ranger_atlas"},
				"south": {"uv": [4.625, 10.75, 5.25, 10.875], "texture": "#ranger_atlas"},
				"west": {"uv": [4.5, 5.875, 4.625, 6], "texture": "#ranger_atlas"},
				"up": {"uv": [5.25, 11, 5.875, 10.875], "texture": "#ranger_atlas"},
				"down": {"uv": [14.5, 11, 15.125, 11.125], "texture": "#ranger_atlas"}
			}
		},
		{
			"name": "Voxels",
			"from": [7.4667, 8.1778, 6.4],
			"to": [8.17781, 8.71113, 6.57778],
			"faces": {
				"north": {"uv": [4.5, 6.625, 4, 7], "texture": "#ranger_atlas"},
				"east": {"uv": [4, 6.5, 3.875, 6.875], "texture": "#ranger_atlas"},
				"south": {"uv": [4, 5.875, 4.5, 6.25], "texture": "#ranger_atlas"},
				"west": {"uv": [2.625, 1.625, 2.75, 2], "texture": "#ranger_atlas"},
				"up": {"uv": [4.625, 6.5, 5.125, 6.375], "texture": "#ranger_atlas"},
				"down": {"uv": [4.625, 6.5, 5.125, 6.625], "texture": "#ranger_atlas"}
			}
		},
		{
			"name": "Voxels",
			"from": [7.4667, 8.1778, 13.1556],
			"to": [8.35559, 8.53336, 13.51116],
			"faces": {
				"north": {"uv": [4.625, 4, 4, 4.25], "texture": "#ranger_atlas"},
				"east": {"uv": [3.5, 2.375, 3.25, 2.625], "texture": "#ranger_atlas"},
				"south": {"uv": [4, 3.5, 4.625, 3.75], "texture": "#ranger_atlas"},
				"west": {"uv": [13.75, 12.875, 14, 13.125], "texture": "#ranger_atlas"},
				"up": {"uv": [4, 3.25, 4.625, 3], "texture": "#ranger_atlas"},
				"down": {"uv": [5.25, 12.875, 5.875, 13.125], "texture": "#ranger_atlas"}
			}
		},
		{
			"name": "Voxels",
			"from": [7.4667, 8.1778, 14.7556],
			"to": [8.35559, 8.35558, 14.93338],
			"faces": {
				"north": {"uv": [5.25, 9.5, 4.625, 9.625], "texture": "#ranger_atlas"},
				"east": {"uv": [5.375, 1.5, 5.25, 1.625], "texture": "#ranger_atlas"},
				"south": {"uv": [7.125, 10.875, 7.75, 11], "texture": "#ranger_atlas"},
				"west": {"uv": [5.375, 1.5, 5.5, 1.625], "texture": "#ranger_atlas"},
				"up": {"uv": [4.625, 9.375, 5.25, 9.25], "texture": "#ranger_atlas"},
				"down": {"uv": [6.5, 10.875, 7.125, 11], "texture": "#ranger_atlas"}
			}
		},
		{
			"name": "Voxels",
			"from": [7.4667, 8.3556, -1.4222],
			"to": [8.17781, 8.71116, -1.06664],
			"faces": {
				"north": {"uv": [0.5, 0, 0, 0.25], "texture": "#ranger_atlas"},
				"east": {"uv": [3.5, 0.875, 3.25, 1.125], "texture": "#ranger_atlas"},
				"south": {"uv": [11.375, 11.5, 11.875, 11.75], "texture": "#ranger_atlas"},
				"west": {"uv": [3.25, 1.125, 3.5, 1.375], "texture": "#ranger_atlas"},
				"up": {"uv": [6.875, 11.75, 7.375, 11.5], "texture": "#ranger_atlas"},
				"down": {"uv": [12.375, 11.5, 12.875, 11.75], "texture": "#ranger_atlas"}
			}
		},
		{
			"name": "Voxels",
			"from": [7.4667, 8.3556, 11.0222],
			"to": [8.35559, 8.88893, 11.73331],
			"faces": {
				"north": {"uv": [4.625, 8.875, 4, 9.25], "texture": "#ranger_atlas"},
				"east": {"uv": [4.5, 4.25, 4, 4.625], "texture": "#ranger_atlas"},
				"south": {"uv": [4, 10, 4.625, 10.375], "texture": "#ranger_atlas"},
				"west": {"uv": [3.5, 0.375, 4, 0.75], "texture": "#ranger_atlas"},
				"up": {"uv": [9.75, 13.375, 10.375, 12.875], "texture": "#ranger_atlas"},
				"down": {"uv": [10.5, 12.875, 11.125, 13.375], "texture": "#ranger_atlas"}
			}
		},
		{
			"name": "Voxels",
			"from": [7.4667, 8.3556, 12.9778],
			"to": [8.35559, 8.71116, 13.15558],
			"faces": {
				"north": {"uv": [4.625, 2.25, 4, 2.5], "texture": "#ranger_atlas"},
				"east": {"uv": [4, 1.125, 3.875, 1.375], "texture": "#ranger_atlas"},
				"south": {"uv": [4, 3.25, 4.625, 3.5], "texture": "#ranger_atlas"},
				"west": {"uv": [3.875, 1.5, 4, 1.75], "texture": "#ranger_atlas"},
				"up": {"uv": [4.625, 10.125, 5.25, 10], "texture": "#ranger_atlas"},
				"down": {"uv": [4.625, 9.375, 5.25, 9.5], "texture": "#ranger_atlas"}
			}
		},
		{
			"name": "Voxels",
			"from": [7.4667, 8.5333, -1.9556],
			"to": [8.17781, 8.71108, -1.42227],
			"faces": {
				"north": {"uv": [5.125, 5.625, 4.625, 5.75], "texture": "#ranger_atlas"},
				"east": {"uv": [13.5, 10.625, 13.125, 10.75], "texture": "#ranger_atlas"},
				"south": {"uv": [4.625, 5.25, 5.125, 5.375], "texture": "#ranger_atlas"},
				"west": {"uv": [12.375, 10.625, 12.75, 10.75], "texture": "#ranger_atlas"},
				"up": {"uv": [4, 7.375, 4.5, 7], "texture": "#ranger_atlas"},
				"down": {"uv": [4, 6.25, 4.5, 6.625], "texture": "#ranger_atlas"}
			}
		},
		{
			"name": "Voxels",
			"from": [7.4667, 8.5333, -1.0667],
			"to": [8.35559, 8.71108, -0.88892],
			"faces": {
				"north": {"uv": [10.875, 10.75, 10.25, 10.875], "texture": "#ranger_atlas"},
				"east": {"uv": [5.375, 2.375, 5.25, 2.5], "texture": "#ranger_atlas"},
				"south": {"uv": [4.625, 10.375, 5.25, 10.5], "texture": "#ranger_atlas"},
				"west": {"uv": [5.375, 2.375, 5.5, 2.5], "texture": "#ranger_atlas"},
				"up": {"uv": [4.625, 10.375, 5.25, 10.25], "texture": "#ranger_atlas"},
				"down": {"uv": [5.25, 10.75, 5.875, 10.875], "texture": "#ranger_atlas"}
			}
		},
		{
			"name": "Voxels",
			"from": [7.4667, 8.5333, -0.8889],
			"to": [8.17781, 8.71108, 6.39999],
			"faces": {
				"north": {"uv": [5.125, 4.875, 4.625, 5], "texture": "#ranger_atlas"},
				"east": {"uv": [14.75, 15.5, 9.625, 15.625], "texture": "#ranger_atlas"},
				"south": {"uv": [4.625, 4.5, 5.125, 4.625], "texture": "#ranger_atlas"},
				"west": {"uv": [9.625, 15.625, 14.75, 15.75], "texture": "#ranger_atlas"},
				"up": {"uv": [0, 16, 0.5, 10.875], "texture": "#ranger_atlas"},
				"down": {"uv": [0, 5.75, 0.5, 10.875], "texture": "#ranger_atlas"}
			}
		},
		{
			"name": "Voxels",
			"from": [7.4667, 8.5333, 6.5778],
			"to": [8.35559, 8.71108, 9.24447],
			"faces": {
				"north": {"uv": [14.625, 10.875, 14, 11], "texture": "#ranger_atlas"},
				"east": {"uv": [10.25, 12, 8.375, 12.125], "texture": "#ranger_atlas"},
				"south": {"uv": [13.375, 10.875, 14, 11], "texture": "#ranger_atlas"},
				"west": {"uv": [6.5, 12, 8.375, 12.125], "texture": "#ranger_atlas"},
				"up": {"uv": [5.875, 15, 6.5, 13.125], "texture": "#ranger_atlas"},
				"down": {"uv": [5.25, 13.125, 5.875, 15], "texture": "#ranger_atlas"}
			}
		},
		{
			"name": "Voxels",
			"from": [7.4667, 8.5333, 10.8444],
			"to": [8.35559, 8.71108, 11.02218],
			"faces": {
				"north": {"uv": [10.875, 10.875, 10.25, 11], "texture": "#ranger_atlas"},
				"east": {"uv": [5.375, 2.875, 5.25, 3], "texture": "#ranger_atlas"},
				"south": {"uv": [9.625, 10.875, 10.25, 11], "texture": "#ranger_atlas"},
				"west": {"uv": [5.375, 2.875, 5.5, 3], "texture": "#ranger_atlas"},
				"up": {"uv": [10.875, 11, 11.5, 10.875], "texture": "#ranger_atlas"},
				"down": {"uv": [11.5, 10.875, 12.125, 11], "texture": "#ranger_atlas"}
			}
		},
		{
			"name": "Voxels",
			"from": [7.4667, 8.5333, 11.7333],
			"to": [8.35559, 8.88886, 12.79997],
			"faces": {
				"north": {"uv": [4.625, 1.25, 4, 1.5], "texture": "#ranger_atlas"},
				"east": {"uv": [12.125, 11.75, 11.375, 12], "texture": "#ranger_atlas"},
				"south": {"uv": [4, 3.75, 4.625, 4], "texture": "#ranger_atlas"},
				"west": {"uv": [13.625, 11.75, 14.375, 12], "texture": "#ranger_atlas"},
				"up": {"uv": [8.625, 12.875, 9.25, 12.125], "texture": "#ranger_atlas"},
				"down": {"uv": [8, 12.125, 8.625, 12.875], "texture": "#ranger_atlas"}
			}
		},
		{
			"name": "Voxels",
			"from": [7.4667, 8.5333, 12.8],
			"to": [8.35559, 8.71108, 12.97778],
			"faces": {
				"north": {"uv": [15.25, 10.875, 14.625, 11], "texture": "#ranger_atlas"},
				"east": {"uv": [5.25, 5, 5.125, 5.125], "texture": "#ranger_atlas"},
				"south": {"uv": [8.375, 10.75, 9, 10.875], "texture": "#ranger_atlas"},
				"west": {"uv": [5.125, 4.875, 5.25, 5], "texture": "#ranger_atlas"},
				"up": {"uv": [15.25, 11, 15.875, 10.875], "texture": "#ranger_atlas"},
				"down": {"uv": [9.625, 10.75, 10.25, 10.875], "texture": "#ranger_atlas"}
			}
		},
		{
			"name": "Voxels",
			"from": [7.4667, 8.5333, 13.1556],
			"to": [8.17781, 8.71108, 13.33338],
			"faces": {
				"north": {"uv": [5.125, 8.375, 4.625, 8.5], "texture": "#ranger_atlas"},
				"east": {"uv": [5.375, 0.75, 5.25, 0.875], "texture": "#ranger_atlas"},
				"south": {"uv": [4.625, 8.25, 5.125, 8.375], "texture": "#ranger_atlas"},
				"west": {"uv": [5.375, 0.75, 5.5, 0.875], "texture": "#ranger_atlas"},
				"up": {"uv": [4.625, 8.625, 5.125, 8.5], "texture": "#ranger_atlas"},
				"down": {"uv": [4.625, 6.25, 5.125, 6.375], "texture": "#ranger_atlas"}
			}
		},
		{
			"name": "Voxels",
			"from": [7.4667, 8.7111, -1.9556],
			"to": [7.82226, 9.06666, 9.59996],
			"faces": {
				"north": {"uv": [12, 12.875, 11.75, 13.125], "texture": "#ranger_atlas"},
				"east": {"uv": [10.125, 15, 2, 15.25], "texture": "#ranger_atlas"},
				"south": {"uv": [13, 12.875, 13.25, 13.125], "texture": "#ranger_atlas"},
				"west": {"uv": [2, 15.25, 10.125, 15.5], "texture": "#ranger_atlas"},
				"up": {"uv": [1, 15.5, 1.25, 7.375], "texture": "#ranger_atlas"},
				"down": {"uv": [1.25, 7.375, 1.5, 15.5], "texture": "#ranger_atlas"}
			}
		},
		{
			"name": "Voxels",
			"from": [7.4667, 8.7111, 12.8],
			"to": [8.17781, 8.88888, 13.15555],
			"faces": {
				"north": {"uv": [5.125, 7.125, 4.625, 7.25], "texture": "#ranger_atlas"},
				"east": {"uv": [7.375, 10.5, 7.125, 10.625], "texture": "#ranger_atlas"},
				"south": {"uv": [4.625, 7, 5.125, 7.125], "texture": "#ranger_atlas"},
				"west": {"uv": [6.875, 10.5, 7.125, 10.625], "texture": "#ranger_atlas"},
				"up": {"uv": [13.375, 11.75, 13.875, 11.5], "texture": "#ranger_atlas"},
				"down": {"uv": [12.875, 11.5, 13.375, 11.75], "texture": "#ranger_atlas"}
			}
		},
		{
			"name": "Voxels",
			"from": [7.4667, 8.8889, 9.6],
			"to": [8.35559, 9.06668, 10.84444],
			"faces": {
				"north": {"uv": [8.375, 10.75, 7.75, 10.875], "texture": "#ranger_atlas"},
				"east": {"uv": [7.625, 11.25, 6.75, 11.375], "texture": "#ranger_atlas"},
				"south": {"uv": [7.125, 10.75, 7.75, 10.875], "texture": "#ranger_atlas"},
				"west": {"uv": [7.625, 11.25, 8.5, 11.375], "texture": "#ranger_atlas"},
				"up": {"uv": [4, 12.125, 4.625, 11.25], "texture": "#ranger_atlas"},
				"down": {"uv": [4, 10.375, 4.625, 11.25], "texture": "#ranger_atlas"}
			}
		},
		{
			"name": "Voxels",
			"from": [7.4667, 8.8889, 10.8444],
			"to": [8.17781, 9.06668, 11.91107],
			"faces": {
				"north": {"uv": [5.125, 6.125, 4.625, 6.25], "texture": "#ranger_atlas"},
				"east": {"uv": [13.75, 11.375, 13, 11.5], "texture": "#ranger_atlas"},
				"south": {"uv": [4.625, 6, 5.125, 6.125], "texture": "#ranger_atlas"},
				"west": {"uv": [12.25, 11.125, 13, 11.25], "texture": "#ranger_atlas"},
				"up": {"uv": [9.75, 12.875, 10.25, 12.125], "texture": "#ranger_atlas"},
				"down": {"uv": [9.25, 12.125, 9.75, 12.875], "texture": "#ranger_atlas"}
			}
		},
		{
			"name": "Voxels",
			"from": [7.4667, 8.8889, 11.9111],
			"to": [7.82226, 9.06668, 12.79999],
			"faces": {
				"north": {"uv": [8.625, 10.5, 8.375, 10.625], "texture": "#ranger_atlas"},
				"east": {"uv": [9.625, 10.875, 9, 11], "texture": "#ranger_atlas"},
				"south": {"uv": [8.625, 10.5, 8.875, 10.625], "texture": "#ranger_atlas"},
				"west": {"uv": [12.75, 10.875, 13.375, 11], "texture": "#ranger_atlas"},
				"up": {"uv": [1.25, 5.875, 1.5, 5.25], "texture": "#ranger_atlas"},
				"down": {"uv": [1.25, 4.625, 1.5, 5.25], "texture": "#ranger_atlas"}
			}
		},
		{
			"name": "Voxels",
			"from": [7.4667, 9.0667, -1.4222],
			"to": [8.17781, 9.24448, -1.06664],
			"faces": {
				"north": {"uv": [5.125, 4.75, 4.625, 4.875], "texture": "#ranger_atlas"},
				"east": {"uv": [9.375, 10.5, 9.125, 10.625], "texture": "#ranger_atlas"},
				"south": {"uv": [4.625, 4.625, 5.125, 4.75], "texture": "#ranger_atlas"},
				"west": {"uv": [8.875, 10.5, 9.125, 10.625], "texture": "#ranger_atlas"},
				"up": {"uv": [13.875, 11.75, 14.375, 11.5], "texture": "#ranger_atlas"},
				"down": {"uv": [8.875, 11.5, 9.375, 11.75], "texture": "#ranger_atlas"}
			}
		},
		{
			"name": "Voxels",
			"from": [7.6444, 6.2222, 16.8889],
			"to": [7.99996, 6.39998, 17.06668],
			"faces": {
				"north": {"uv": [11.125, 10.5, 10.875, 10.625], "texture": "#ranger_atlas"},
				"east": {"uv": [5.375, 1.125, 5.25, 1.25], "texture": "#ranger_atlas"},
				"south": {"uv": [11.125, 10.5, 11.375, 10.625], "texture": "#ranger_atlas"},
				"west": {"uv": [5.375, 1.125, 5.5, 1.25], "texture": "#ranger_atlas"},
				"up": {"uv": [10.625, 10.625, 10.875, 10.5], "texture": "#ranger_atlas"},
				"down": {"uv": [10.375, 10.5, 10.625, 10.625], "texture": "#ranger_atlas"}
			}
		},
		{
			"name": "Voxels",
			"from": [7.6444, 6.4, 14.0444],
			"to": [7.99996, 6.57778, 14.39995],
			"faces": {
				"north": {"uv": [11.625, 10.5, 11.375, 10.625], "texture": "#ranger_atlas"},
				"east": {"uv": [13.375, 10.5, 13.125, 10.625], "texture": "#ranger_atlas"},
				"south": {"uv": [11.625, 10.5, 11.875, 10.625], "texture": "#ranger_atlas"},
				"west": {"uv": [12.875, 10.5, 13.125, 10.625], "texture": "#ranger_atlas"},
				"up": {"uv": [14.875, 12.375, 15.125, 12.125], "texture": "#ranger_atlas"},
				"down": {"uv": [3.25, 0.125, 3.5, 0.375], "texture": "#ranger_atlas"}
			}
		},
		{
			"name": "Voxels",
			"from": [7.6444, 6.4, 16.3556],
			"to": [8.17773, 6.57778, 16.71116],
			"faces": {
				"north": {"uv": [10.5, 10.625, 10.125, 10.75], "texture": "#ranger_atlas"},
				"east": {"uv": [13.875, 10.5, 13.625, 10.625], "texture": "#ranger_atlas"},
				"south": {"uv": [9, 10.625, 9.375, 10.75], "texture": "#ranger_atlas"},
				"west": {"uv": [13.375, 10.5, 13.625, 10.625], "texture": "#ranger_atlas"},
				"up": {"uv": [15.625, 15.5, 16, 15.25], "texture": "#ranger_atlas"},
				"down": {"uv": [15.625, 15, 16, 15.25], "texture": "#ranger_atlas"}
			}
		},
		{
			"name": "Voxels",
			"from": [7.6444, 6.7556, 14.9333],
			"to": [8.17773, 6.93338, 15.64441],
			"faces": {
				"north": {"uv": [12, 10.625, 11.625, 10.75], "texture": "#ranger_atlas"},
				"east": {"uv": [5.125, 5.75, 4.625, 5.875], "texture": "#ranger_atlas"},
				"south": {"uv": [9.75, 10.625, 10.125, 10.75], "texture": "#ranger_atlas"},
				"west": {"uv": [4.625, 5.875, 5.125, 6], "texture": "#ranger_atlas"},
				"up": {"uv": [15.625, 12.625, 16, 12.125], "texture": "#ranger_atlas"},
				"down": {"uv": [4, 5.375, 4.375, 5.875], "texture": "#ranger_atlas"}
			}
		},
		{
			"name": "Voxels",
			"from": [7.6444, 7.1111, 12.4444],
			"to": [7.99996, 7.64443, 12.62218],
			"faces": {
				"north": {"uv": [2, 1.875, 1.75, 2.25], "texture": "#ranger_atlas"},
				"east": {"uv": [2.75, 0.875, 2.625, 1.25], "texture": "#ranger_atlas"},
				"south": {"uv": [13.75, 13.125, 14, 13.5], "texture": "#ranger_atlas"},
				"west": {"uv": [2.625, 1.25, 2.75, 1.625], "texture": "#ranger_atlas"},
				"up": {"uv": [14.125, 10.625, 14.375, 10.5], "texture": "#ranger_atlas"},
				"down": {"uv": [13.875, 10.5, 14.125, 10.625], "texture": "#ranger_atlas"}
			}
		},
		{
			"name": "Voxels",
			"from": [7.6444, 7.1111, 12.6222],
			"to": [7.99996, 7.28888, 13.15553],
			"faces": {
				"north": {"uv": [15.625, 10.5, 15.375, 10.625], "texture": "#ranger_atlas"},
				"east": {"uv": [15, 10.625, 14.625, 10.75], "texture": "#ranger_atlas"},
				"south": {"uv": [15.625, 10.5, 15.875, 10.625], "texture": "#ranger_atlas"},
				"west": {"uv": [5.25, 10.5, 5.625, 10.625], "texture": "#ranger_atlas"},
				"up": {"uv": [1.75, 1.5, 2, 1.125], "texture": "#ranger_atlas"},
				"down": {"uv": [13, 13.125, 13.25, 13.5], "texture": "#ranger_atlas"}
			}
		},
		{
			"name": "Voxels",
			"from": [7.6444, 7.1111, 13.8667],
			"to": [7.99996, 7.28888, 14.04448],
			"faces": {
				"north": {"uv": [5.5, 10.125, 5.25, 10.25], "texture": "#ranger_atlas"},
				"east": {"uv": [5.875, 10.375, 5.75, 10.5], "texture": "#ranger_atlas"},
				"south": {"uv": [5.25, 10, 5.5, 10.125], "texture": "#ranger_atlas"},
				"west": {"uv": [5.875, 10.375, 6, 10.5], "texture": "#ranger_atlas"},
				"up": {"uv": [5.25, 10.375, 5.5, 10.25], "texture": "#ranger_atlas"},
				"down": {"uv": [5.25, 10.375, 5.5, 10.5], "texture": "#ranger_atlas"}
			}
		},
		{
			"name": "Voxels",
			"from": [7.6444, 7.2889, 12.2667],
			"to": [7.99996, 7.64446, 12.44448],
			"faces": {
				"north": {"uv": [4.625, 5.625, 4.375, 5.875], "texture": "#ranger_atlas"},
				"east": {"uv": [4.625, 6.75, 4.5, 7], "texture": "#ranger_atlas"},
				"south": {"uv": [4.375, 5.375, 4.625, 5.625], "texture": "#ranger_atlas"},
				"west": {"uv": [4.5, 7.125, 4.625, 7.375], "texture": "#ranger_atlas"},
				"up": {"uv": [5.25, 9.625, 5.5, 9.5], "texture": "#ranger_atlas"},
				"down": {"uv": [5.25, 9.625, 5.5, 9.75], "texture": "#ranger_atlas"}
			}
		},
		{
			"name": "Voxels",
			"from": [7.6444, 7.2889, 12.8],
			"to": [7.99996, 7.46668, 13.33333],
			"faces": {
				"north": {"uv": [5.5, 9.125, 5.25, 9.25], "texture": "#ranger_atlas"},
				"east": {"uv": [5, 1.5, 4.625, 1.625], "texture": "#ranger_atlas"},
				"south": {"uv": [5.25, 9, 5.5, 9.125], "texture": "#ranger_atlas"},
				"west": {"uv": [4.625, 1, 5, 1.125], "texture": "#ranger_atlas"},
				"up": {"uv": [1.75, 0.75, 2, 0.375], "texture": "#ranger_atlas"},
				"down": {"uv": [1.75, 0.75, 2, 1.125], "texture": "#ranger_atlas"}
			}
		},
		{
			"name": "Voxels",
			"from": [7.6444, 7.2889, 13.6889],
			"to": [7.99996, 7.46668, 13.86668],
			"faces": {
				"north": {"uv": [5.5, 7.375, 5.25, 7.5], "texture": "#ranger_atlas"},
				"east": {"uv": [5.5, 1.25, 5.375, 1.375], "texture": "#ranger_atlas"},
				"south": {"uv": [5.25, 7.25, 5.5, 7.375], "texture": "#ranger_atlas"},
				"west": {"uv": [5.25, 1.25, 5.375, 1.375], "texture": "#ranger_atlas"},
				"up": {"uv": [5.25, 8.625, 5.5, 8.5], "texture": "#ranger_atlas"},
				"down": {"uv": [5.25, 8.625, 5.5, 8.75], "texture": "#ranger_atlas"}
			}
		},
		{
			"name": "Voxels",
			"from": [7.6444, 7.4667, 13.1556],
			"to": [7.99996, 7.64448, 13.68893],
			"faces": {
				"north": {"uv": [5.5, 7.125, 5.25, 7.25], "texture": "#ranger_atlas"},
				"east": {"uv": [5, 0.375, 4.625, 0.5], "texture": "#ranger_atlas"},
				"south": {"uv": [5.25, 7, 5.5, 7.125], "texture": "#ranger_atlas"},
				"west": {"uv": [4.625, 0.25, 5, 0.375], "texture": "#ranger_atlas"},
				"up": {"uv": [1, 0.375, 1.25, 0], "texture": "#ranger_atlas"},
				"down": {"uv": [1.5, 0.125, 1.75, 0.5], "texture": "#ranger_atlas"}
			}
		},
		{
			"name": "Voxels",
			"from": [7.6444, 7.6444, 7.1111],
			"to": [7.99996, 7.82218, 7.82221],
			"faces": {
				"north": {"uv": [5.5, 6.875, 5.25, 7], "texture": "#ranger_atlas"},
				"east": {"uv": [5.125, 8.75, 4.625, 8.875], "texture": "#ranger_atlas"},
				"south": {"uv": [5.25, 6.75, 5.5, 6.875], "texture": "#ranger_atlas"},
				"west": {"uv": [4.625, 8.625, 5.125, 8.75], "texture": "#ranger_atlas"},
				"up": {"uv": [1.25, 2.125, 1.5, 1.625], "texture": "#ranger_atlas"},
				"down": {"uv": [1.25, 1.125, 1.5, 1.625], "texture": "#ranger_atlas"}
			}
		},
		{
			"name": "Voxels",
			"from": [7.6444, 8.1778, 13.8667],
			"to": [8.35551, 8.35558, 14.04448],
			"faces": {
				"north": {"uv": [5.125, 5, 4.625, 5.125], "texture": "#ranger_atlas"},
				"east": {"uv": [5.5, 1.75, 5.375, 1.875], "texture": "#ranger_atlas"},
				"south": {"uv": [4.625, 5.125, 5.125, 5.25], "texture": "#ranger_atlas"},
				"west": {"uv": [5.25, 1.75, 5.375, 1.875], "texture": "#ranger_atlas"},
				"up": {"uv": [4.625, 3.625, 5.125, 3.5], "texture": "#ranger_atlas"},
				"down": {"uv": [4.625, 3.375, 5.125, 3.5], "texture": "#ranger_atlas"}
			}
		},
		{
			"name": "Voxels",
			"from": [7.6444, 8.1778, 14.0444],
			"to": [7.99996, 8.35558, 14.39995],
			"faces": {
				"north": {"uv": [5.5, 6.625, 5.25, 6.75], "texture": "#ranger_atlas"},
				"east": {"uv": [5.5, 6.25, 5.25, 6.375], "texture": "#ranger_atlas"},
				"south": {"uv": [5.25, 6.5, 5.5, 6.625], "texture": "#ranger_atlas"},
				"west": {"uv": [5.25, 6.375, 5.5, 6.5], "texture": "#ranger_atlas"},
				"up": {"uv": [3.25, 2.375, 3.5, 2.125], "texture": "#ranger_atlas"},
				"down": {"uv": [3.25, 1.375, 3.5, 1.625], "texture": "#ranger_atlas"}
			}
		},
		{
			"name": "Voxels",
			"from": [7.6444, 8.1778, 14.5778],
			"to": [7.99996, 8.35558, 14.75558],
			"faces": {
				"north": {"uv": [5.5, 4.875, 5.25, 5], "texture": "#ranger_atlas"},
				"east": {"uv": [4.625, 6.625, 4.5, 6.75], "texture": "#ranger_atlas"},
				"south": {"uv": [5.25, 4.75, 5.5, 4.875], "texture": "#ranger_atlas"},
				"west": {"uv": [4.5, 7, 4.625, 7.125], "texture": "#ranger_atlas"},
				"up": {"uv": [5.25, 6.125, 5.5, 6], "texture": "#ranger_atlas"},
				"down": {"uv": [5.25, 6.125, 5.5, 6.25], "texture": "#ranger_atlas"}
			}
		},
		{
			"name": "Voxels",
			"from": [7.6444, 8.1778, 17.6],
			"to": [8.17773, 8.35558, 17.77778],
			"faces": {
				"north": {"uv": [12.375, 10.625, 12, 10.75], "texture": "#ranger_atlas"},
				"east": {"uv": [16, 10.875, 15.875, 11], "texture": "#ranger_atlas"},
				"south": {"uv": [5.625, 10.5, 6, 10.625], "texture": "#ranger_atlas"},
				"west": {"uv": [8.375, 11.125, 8.5, 11.25], "texture": "#ranger_atlas"},
				"up": {"uv": [15, 10.75, 15.375, 10.625], "texture": "#ranger_atlas"},
				"down": {"uv": [4.625, 1.375, 5, 1.5], "texture": "#ranger_atlas"}
			}
		},
		{
			"name": "Voxels",
			"from": [7.6444, 8.3556, -1.9556],
			"to": [8.17773, 8.53338, -1.42227],
			"faces": {
				"north": {"uv": [5, 0.875, 4.625, 1], "texture": "#ranger_atlas"},
				"east": {"uv": [5, 0, 4.625, 0.125], "texture": "#ranger_atlas"},
				"south": {"uv": [4.625, 0.5, 5, 0.625], "texture": "#ranger_atlas"},
				"west": {"uv": [4.625, 0.125, 5, 0.25], "texture": "#ranger_atlas"},
				"up": {"uv": [5, 11.5, 5.375, 11.125], "texture": "#ranger_atlas"},
				"down": {"uv": [5.375, 11.125, 5.75, 11.5], "texture": "#ranger_atlas"}
			}
		},
		{
			"name": "Voxels",
			"from": [7.6444, 8.3556, -1.0667],
			"to": [8.17773, 8.53338, 6.39997],
			"faces": {
				"north": {"uv": [8.625, 10.625, 8.25, 10.75], "texture": "#ranger_atlas"},
				"east": {"uv": [14.375, 15.75, 9.125, 15.875], "texture": "#ranger_atlas"},
				"south": {"uv": [8.625, 10.625, 9, 10.75], "texture": "#ranger_atlas"},
				"west": {"uv": [9.125, 15.875, 14.375, 16], "texture": "#ranger_atlas"},
				"up": {"uv": [2, 5.75, 2.375, 0.5], "texture": "#ranger_atlas"},
				"down": {"uv": [2, 5.75, 2.375, 11], "texture": "#ranger_atlas"}
			}
		},
		{
			"name": "Voxels",
			"from": [7.6444, 8.3556, 13.6889],
			"to": [7.99996, 8.53338, 13.86668],
			"faces": {
				"north": {"uv": [14.75, 12.875, 14.5, 13], "texture": "#ranger_atlas"},
				"east": {"uv": [5.5, 2.75, 5.375, 2.875], "texture": "#ranger_atlas"},
				"south": {"uv": [3.25, 0, 3.5, 0.125], "texture": "#ranger_atlas"},
				"west": {"uv": [5.25, 2.75, 5.375, 2.875], "texture": "#ranger_atlas"},
				"up": {"uv": [15.75, 14.625, 16, 14.5], "texture": "#ranger_atlas"},
				"down": {"uv": [15.75, 14.625, 16, 14.75], "texture": "#ranger_atlas"}
			}
		},
		{
			"name": "Voxels",
			"from": [7.6444, 8.3556, 14.7556],
			"to": [7.99996, 8.53338, 16.53338],
			"faces": {
				"north": {"uv": [4.625, 0.875, 4.375, 1], "texture": "#ranger_atlas"},
				"east": {"uv": [15.75, 14.5, 14.5, 14.625], "texture": "#ranger_atlas"},
				"south": {"uv": [4.375, 0.5, 4.625, 0.625], "texture": "#ranger_atlas"},
				"west": {"uv": [14.625, 14.875, 15.875, 15], "texture": "#ranger_atlas"},
				"up": {"uv": [0.5, 1.625, 0.75, 0.375], "texture": "#ranger_atlas"},
				"down": {"uv": [0.75, 5.875, 1, 7.125], "texture": "#ranger_atlas"}
			}
		},
		{
			"name": "Voxels",
			"from": [7.6444, 8.5333, 13.3333],
			"to": [8.17773, 8.71108, 13.51108],
			"faces": {
				"north": {"uv": [6.375, 10.625, 6, 10.75], "texture": "#ranger_atlas"},
				"east": {"uv": [5.5, 1.375, 5.375, 1.5], "texture": "#ranger_atlas"},
				"south": {"uv": [6.375, 10.625, 6.75, 10.75], "texture": "#ranger_atlas"},
				"west": {"uv": [5.25, 1.375, 5.375, 1.5], "texture": "#ranger_atlas"},
				"up": {"uv": [5.625, 10.75, 6, 10.625], "texture": "#ranger_atlas"},
				"down": {"uv": [5.25, 10.625, 5.625, 10.75], "texture": "#ranger_atlas"}
			}
		},
		{
			"name": "Voxels",
			"from": [7.6444, 8.5333, 13.5111],
			"to": [7.99996, 8.71108, 13.68888],
			"faces": {
				"north": {"uv": [5.25, 1.5, 5, 1.625], "texture": "#ranger_atlas"},
				"east": {"uv": [5.5, 1, 5.375, 1.125], "texture": "#ranger_atlas"},
				"south": {"uv": [5, 1.375, 5.25, 1.5], "texture": "#ranger_atlas"},
				"west": {"uv": [5.25, 1, 5.375, 1.125], "texture": "#ranger_atlas"},
				"up": {"uv": [5, 1.75, 5.25, 1.625], "texture": "#ranger_atlas"},
				"down": {"uv": [5, 1.75, 5.25, 1.875], "texture": "#ranger_atlas"}
			}
		},
		{
			"name": "Voxels",
			"from": [7.6444, 8.7111, 13.1556],
			"to": [7.99996, 8.88888, 13.33338],
			"faces": {
				"north": {"uv": [5.25, 1, 5, 1.125], "texture": "#ranger_atlas"},
				"east": {"uv": [4.625, 7.375, 4.5, 7.5], "texture": "#ranger_atlas"},
				"south": {"uv": [5, 0.875, 5.25, 1], "texture": "#ranger_atlas"},
				"west": {"uv": [4.5, 7.75, 4.625, 7.875], "texture": "#ranger_atlas"},
				"up": {"uv": [5, 1.25, 5.25, 1.125], "texture": "#ranger_atlas"},
				"down": {"uv": [5, 1.25, 5.25, 1.375], "texture": "#ranger_atlas"}
			}
		},
		{
			"name": "Voxels",
			"from": [7.6444, 8.8889, 12.8],
			"to": [7.99996, 9.06668, 12.97778],
			"faces": {
				"north": {"uv": [5.25, 0.5, 5, 0.625], "texture": "#ranger_atlas"},
				"east": {"uv": [4.625, 4.625, 4.5, 4.75], "texture": "#ranger_atlas"},
				"south": {"uv": [5, 0.375, 5.25, 0.5], "texture": "#ranger_atlas"},
				"west": {"uv": [4.5, 5, 4.625, 5.125], "texture": "#ranger_atlas"},
				"up": {"uv": [5, 0.75, 5.25, 0.625], "texture": "#ranger_atlas"},
				"down": {"uv": [5, 0.75, 5.25, 0.875], "texture": "#ranger_atlas"}
			}
		},
		{
			"name": "Voxels",
			"from": [7.6444, 9.0667, -1.9556],
			"to": [8.17773, 9.24448, -1.42227],
			"faces": {
				"north": {"uv": [7.125, 10.625, 6.75, 10.75], "texture": "#ranger_atlas"},
				"east": {"uv": [8.25, 10.625, 7.875, 10.75], "texture": "#ranger_atlas"},
				"south": {"uv": [7.125, 10.625, 7.5, 10.75], "texture": "#ranger_atlas"},
				"west": {"uv": [7.5, 10.625, 7.875, 10.75], "texture": "#ranger_atlas"},
				"up": {"uv": [4, 0.875, 4.375, 0.5], "texture": "#ranger_atlas"},
				"down": {"uv": [4, 0.875, 4.375, 1.25], "texture": "#ranger_atlas"}
			}
		},
		{
			"name": "Voxels",
			"from": [7.6444, 9.0667, -1.0667],
			"to": [7.99996, 9.60003, -0.88892],
			"faces": {
				"north": {"uv": [2, 0, 1.75, 0.375], "texture": "#ranger_atlas"},
				"east": {"uv": [3.5, 9.625, 3.375, 10], "texture": "#ranger_atlas"},
				"south": {"uv": [8, 13.125, 8.25, 13.5], "texture": "#ranger_atlas"},
				"west": {"uv": [3.375, 10, 3.5, 10.375], "texture": "#ranger_atlas"},
				"up": {"uv": [15.75, 10.75, 16, 10.625], "texture": "#ranger_atlas"},
				"down": {"uv": [5, 0, 5.25, 0.125], "texture": "#ranger_atlas"}
			}
		},
		{
			"name": "Voxels",
			"from": [7.6444, 9.0667, -0.8889],
			"to": [7.99996, 9.42226, 11.37777],
			"faces": {
				"north": {"uv": [4.625, 1, 4.375, 1.25], "texture": "#ranger_atlas"},
				"east": {"uv": [9.625, 15.5, 1, 15.75], "texture": "#ranger_atlas"},
				"south": {"uv": [4.375, 0, 4.625, 0.25], "texture": "#ranger_atlas"},
				"west": {"uv": [0.5, 15.75, 9.125, 16], "texture": "#ranger_atlas"},
				"up": {"uv": [0.5, 15.75, 0.75, 7.125], "texture": "#ranger_atlas"},
				"down": {"uv": [0.75, 7.125, 1, 15.75], "texture": "#ranger_atlas"}
			}
		},
		{
			"name": "Voxels",
			"from": [7.6444, 9.0667, 11.3778],
			"to": [8.17773, 9.24448, 12.26669],
			"faces": {
				"north": {"uv": [13.125, 10.625, 12.75, 10.75], "texture": "#ranger_atlas"},
				"east": {"uv": [9, 10.875, 8.375, 11], "texture": "#ranger_atlas"},
				"south": {"uv": [6, 10.5, 6.375, 10.625], "texture": "#ranger_atlas"},
				"west": {"uv": [7.75, 10.875, 8.375, 11], "texture": "#ranger_atlas"},
				"up": {"uv": [3.5, 1.375, 3.875, 0.75], "texture": "#ranger_atlas"},
				"down": {"uv": [15.625, 12.875, 16, 13.5], "texture": "#ranger_atlas"}
			}
		},
		{
			"name": "Voxels",
			"from": [7.6444, 9.0667, 12.2667],
			"to": [7.99996, 9.24448, 12.62226],
			"faces": {
				"north": {"uv": [12.125, 10.5, 11.875, 10.625], "texture": "#ranger_atlas"},
				"east": {"uv": [12.875, 10.5, 12.625, 10.625], "texture": "#ranger_atlas"},
				"south": {"uv": [12.125, 10.5, 12.375, 10.625], "texture": "#ranger_atlas"},
				"west": {"uv": [12.375, 10.5, 12.625, 10.625], "texture": "#ranger_atlas"},
				"up": {"uv": [4.875, 3.125, 5.125, 2.875], "texture": "#ranger_atlas"},
				"down": {"uv": [4.625, 2.875, 4.875, 3.125], "texture": "#ranger_atlas"}
			}
		},
		{
			"name": "Voxels",
			"from": [7.6444, 9.2444, -1.4222],
			"to": [7.99996, 9.59996, -1.06664],
			"faces": {
				"north": {"uv": [4.875, 2.375, 4.625, 2.625], "texture": "#ranger_atlas"},
				"east": {"uv": [5.125, 2.125, 4.875, 2.375], "texture": "#ranger_atlas"},
				"south": {"uv": [4.875, 2.375, 5.125, 2.625], "texture": "#ranger_atlas"},
				"west": {"uv": [4.625, 2.125, 4.875, 2.375], "texture": "#ranger_atlas"},
				"up": {"uv": [4.875, 2.875, 5.125, 2.625], "texture": "#ranger_atlas"},
				"down": {"uv": [4.625, 2.625, 4.875, 2.875], "texture": "#ranger_atlas"}
			}
		},
		{
			"name": "Voxels",
			"from": [7.6444, 9.6, -1.2444],
			"to": [7.99996, 9.77778, -1.06662],
			"faces": {
				"north": {"uv": [15.125, 10.5, 14.875, 10.625], "texture": "#ranger_atlas"},
				"east": {"uv": [5.5, 0.875, 5.375, 1], "texture": "#ranger_atlas"},
				"south": {"uv": [15.125, 10.5, 15.375, 10.625], "texture": "#ranger_atlas"},
				"west": {"uv": [5.25, 0.875, 5.375, 1], "texture": "#ranger_atlas"},
				"up": {"uv": [14.625, 10.625, 14.875, 10.5], "texture": "#ranger_atlas"},
				"down": {"uv": [14.375, 10.5, 14.625, 10.625], "texture": "#ranger_atlas"}
			}
		},
		{
			"name": "Voxels",
			"from": [7.8222, 7.4667, 12.6222],
			"to": [7.99998, 7.64448, 13.15553],
			"faces": {
				"north": {"uv": [5.375, 0.5, 5.25, 0.625], "texture": "#ranger_atlas"},
				"east": {"uv": [5, 1.875, 4.625, 2], "texture": "#ranger_atlas"},
				"south": {"uv": [5.375, 0.5, 5.5, 0.625], "texture": "#ranger_atlas"},
				"west": {"uv": [4, 0, 4.375, 0.125], "texture": "#ranger_atlas"},
				"up": {"uv": [2.375, 6.125, 2.5, 5.75], "texture": "#ranger_atlas"},
				"down": {"uv": [3.875, 4.5, 4, 4.875], "texture": "#ranger_atlas"}
			}
		},
		{
			"name": "Voxels",
			"from": [7.8222, 8.1778, 14.4],
			"to": [7.99998, 8.35558, 14.57778],
			"faces": {
				"north": {"uv": [7.625, 10.375, 7.5, 10.5], "texture": "#ranger_atlas"},
				"east": {"uv": [9.75, 10.375, 9.625, 10.5], "texture": "#ranger_atlas"},
				"south": {"uv": [7.625, 10.375, 7.75, 10.5], "texture": "#ranger_atlas"},
				"west": {"uv": [9.5, 10.375, 9.625, 10.5], "texture": "#ranger_atlas"},
				"up": {"uv": [7.125, 10.5, 7.25, 10.375], "texture": "#ranger_atlas"},
				"down": {"uv": [7, 10.375, 7.125, 10.5], "texture": "#ranger_atlas"}
			}
		},
		{
			"name": "Voxels",
			"from": [7.8222, 8.1778, 17.7778],
			"to": [7.99998, 8.35558, 17.95558],
			"faces": {
				"north": {"uv": [10.375, 10.375, 10.25, 10.5], "texture": "#ranger_atlas"},
				"east": {"uv": [11.25, 10.375, 11.125, 10.5], "texture": "#ranger_atlas"},
				"south": {"uv": [10.375, 10.375, 10.5, 10.5], "texture": "#ranger_atlas"},
				"west": {"uv": [11, 10.375, 11.125, 10.5], "texture": "#ranger_atlas"},
				"up": {"uv": [10.125, 10.5, 10.25, 10.375], "texture": "#ranger_atlas"},
				"down": {"uv": [10, 10.375, 10.125, 10.5], "texture": "#ranger_atlas"}
			}
		},
		{
			"name": "Voxels",
			"from": [7.8222, 8.3556, 13.8667],
			"to": [7.99998, 8.53338, 14.04448],
			"faces": {
				"north": {"uv": [4, 2, 3.875, 2.125], "texture": "#ranger_atlas"},
				"east": {"uv": [4.625, 8.125, 4.5, 8.25], "texture": "#ranger_atlas"},
				"south": {"uv": [3.875, 1.375, 4, 1.5], "texture": "#ranger_atlas"},
				"west": {"uv": [3.875, 0.75, 4, 0.875], "texture": "#ranger_atlas"},
				"up": {"uv": [3.875, 3.25, 4, 3.125], "texture": "#ranger_atlas"},
				"down": {"uv": [2.625, 0, 2.75, 0.125], "texture": "#ranger_atlas"}
			}
		},
		{
			"name": "Voxels",
			"from": [7.8222, 8.8889, -1.9556],
			"to": [8.17776, 9.06668, 9.59996],
			"faces": {
				"north": {"uv": [5.5, 9.875, 5.25, 10], "texture": "#ranger_atlas"},
				"east": {"uv": [14.625, 14.75, 6.5, 14.875], "texture": "#ranger_atlas"},
				"south": {"uv": [5.25, 9.75, 5.5, 9.875], "texture": "#ranger_atlas"},
				"west": {"uv": [6.5, 14.875, 14.625, 15], "texture": "#ranger_atlas"},
				"up": {"uv": [1.5, 15.5, 1.75, 7.375], "texture": "#ranger_atlas"},
				"down": {"uv": [1.75, 7.375, 2, 15.5], "texture": "#ranger_atlas"}
			}
		},
		{
			"name": "Voxels",
			"from": [7.8222, 8.8889, 12.0889],
			"to": [8.35553, 9.06668, 12.44446],
			"faces": {
				"north": {"uv": [5, 1.25, 4.625, 1.375], "texture": "#ranger_atlas"},
				"east": {"uv": [5.5, 8.75, 5.25, 8.875], "texture": "#ranger_atlas"},
				"south": {"uv": [4.625, 1.125, 5, 1.25], "texture": "#ranger_atlas"},
				"west": {"uv": [5.25, 8.875, 5.5, 9], "texture": "#ranger_atlas"},
				"up": {"uv": [15.625, 11.375, 16, 11.125], "texture": "#ranger_atlas"},
				"down": {"uv": [15.25, 11.125, 15.625, 11.375], "texture": "#ranger_atlas"}
			}
		},
		{
			"name": "Voxels",
			"from": [7.8222, 8.8889, 12.4444],
			"to": [8.17776, 9.06668, 12.79996],
			"faces": {
				"north": {"uv": [5.5, 7.875, 5.25, 8], "texture": "#ranger_atlas"},
				"east": {"uv": [5.5, 7.5, 5.25, 7.625], "texture": "#ranger_atlas"},
				"south": {"uv": [5.25, 7.75, 5.5, 7.875], "texture": "#ranger_atlas"},
				"west": {"uv": [5.25, 7.625, 5.5, 7.75], "texture": "#ranger_atlas"},
				"up": {"uv": [8, 13.125, 8.25, 12.875], "texture": "#ranger_atlas"},
				"down": {"uv": [15.75, 15.5, 16, 15.75], "texture": "#ranger_atlas"}
			}
		},
		{
			"name": "Voxels",
			"from": [7.8222, 9.2444, -1.6],
			"to": [7.99998, 9.59996, -1.42222],
			"faces": {
				"north": {"uv": [4.625, 6.375, 4.5, 6.625], "texture": "#ranger_atlas"},
				"east": {"uv": [4.625, 4.75, 4.5, 5], "texture": "#ranger_atlas"},
				"south": {"uv": [4.5, 6, 4.625, 6.25], "texture": "#ranger_atlas"},
				"west": {"uv": [4.5, 5.125, 4.625, 5.375], "texture": "#ranger_atlas"},
				"up": {"uv": [5.125, 6.75, 5.25, 6.625], "texture": "#ranger_atlas"},
				"down": {"uv": [5.125, 6.75, 5.25, 6.875], "texture": "#ranger_atlas"}
			}
		},
		{
			"name": "Voxels",
			"from": [7.8222, 9.4222, -0.8889],
			"to": [7.99998, 9.59998, -0.35557],
			"faces": {
				"north": {"uv": [5.25, 5.25, 5.125, 5.375], "texture": "#ranger_atlas"},
				"east": {"uv": [5, 0.625, 4.625, 0.75], "texture": "#ranger_atlas"},
				"south": {"uv": [5.125, 5.125, 5.25, 5.25], "texture": "#ranger_atlas"},
				"west": {"uv": [4.625, 0.75, 5, 0.875], "texture": "#ranger_atlas"},
				"up": {"uv": [2.625, 0.5, 2.75, 0.125], "texture": "#ranger_atlas"},
				"down": {"uv": [2.625, 0.5, 2.75, 0.875], "texture": "#ranger_atlas"}
			}
		},
		{
			"name": "Voxels",
			"from": [7.8222, 9.6, -1.4222],
			"to": [7.99998, 9.77778, -1.24442],
			"faces": {
				"north": {"uv": [5.25, 4, 5.125, 4.125], "texture": "#ranger_atlas"},
				"east": {"uv": [5.25, 3.625, 5.125, 3.75], "texture": "#ranger_atlas"},
				"south": {"uv": [5.125, 3.875, 5.25, 4], "texture": "#ranger_atlas"},
				"west": {"uv": [5.125, 3.75, 5.25, 3.875], "texture": "#ranger_atlas"},
				"up": {"uv": [5.125, 4.5, 5.25, 4.375], "texture": "#ranger_atlas"},
				"down": {"uv": [5.125, 4.5, 5.25, 4.625], "texture": "#ranger_atlas"}
			}
		},
		{
			"name": "Voxels",
			"from": [8, 6.4, 14.2222],
			"to": [8.17778, 6.57778, 14.39998],
			"faces": {
				"north": {"uv": [5.25, 2, 5.125, 2.125], "texture": "#ranger_atlas"},
				"east": {"uv": [5.5, 3.125, 5.375, 3.25], "texture": "#ranger_atlas"},
				"south": {"uv": [15.875, 10.5, 16, 10.625], "texture": "#ranger_atlas"},
				"west": {"uv": [5.25, 3.125, 5.375, 3.25], "texture": "#ranger_atlas"},
				"up": {"uv": [5.125, 3.25, 5.25, 3.125], "texture": "#ranger_atlas"},
				"down": {"uv": [5.125, 3.25, 5.25, 3.375], "texture": "#ranger_atlas"}
			}
		},
		{
			"name": "Voxels",
			"from": [8, 6.9333, 15.2889],
			"to": [8.17778, 8.35552, 15.46668],
			"faces": {
				"north": {"uv": [1.375, 3.625, 1.25, 4.625], "texture": "#ranger_atlas"},
				"east": {"uv": [1.375, 2.625, 1.25, 3.625], "texture": "#ranger_atlas"},
				"south": {"uv": [1.5, 6.375, 1.625, 7.375], "texture": "#ranger_atlas"},
				"west": {"uv": [1.625, 4.875, 1.75, 5.875], "texture": "#ranger_atlas"},
				"up": {"uv": [5.375, 3.125, 5.5, 3], "texture": "#ranger_atlas"},
				"down": {"uv": [5.25, 3, 5.375, 3.125], "texture": "#ranger_atlas"}
			}
		},
		{
			"name": "Voxels",
			"from": [8, 7.1111, 14.9333],
			"to": [8.17778, 8.35554, 15.28886],
			"faces": {
				"north": {"uv": [1.625, 1.375, 1.5, 2.25], "texture": "#ranger_atlas"},
				"east": {"uv": [1.25, 2.875, 1, 3.75], "texture": "#ranger_atlas"},
				"south": {"uv": [1.5, 4, 1.625, 4.875], "texture": "#ranger_atlas"},
				"west": {"uv": [1, 3.75, 1.25, 4.625], "texture": "#ranger_atlas"},
				"up": {"uv": [5.125, 2.625, 5.25, 2.375], "texture": "#ranger_atlas"},
				"down": {"uv": [5.125, 2.625, 5.25, 2.875], "texture": "#ranger_atlas"}
			}
		},
		{
			"name": "Voxels",
			"from": [8, 7.4667, 13.5111],
			"to": [8.17778, 7.64448, 13.68888],
			"faces": {
				"north": {"uv": [5.375, 2, 5.25, 2.125], "texture": "#ranger_atlas"},
				"east": {"uv": [5.5, 1.875, 5.375, 2], "texture": "#ranger_atlas"},
				"south": {"uv": [5.375, 2, 5.5, 2.125], "texture": "#ranger_atlas"},
				"west": {"uv": [5.25, 1.875, 5.375, 2], "texture": "#ranger_atlas"},
				"up": {"uv": [5.375, 2.25, 5.5, 2.125], "texture": "#ranger_atlas"},
				"down": {"uv": [5.25, 2.125, 5.375, 2.25], "texture": "#ranger_atlas"}
			}
		},
		{
			"name": "Voxels",
			"from": [8, 7.6444, 7.4667],
			"to": [8.17778, 7.82218, 7.82226],
			"faces": {
				"north": {"uv": [5.375, 1.625, 5.25, 1.75], "texture": "#ranger_atlas"},
				"east": {"uv": [5.5, 5, 5.25, 5.125], "texture": "#ranger_atlas"},
				"south": {"uv": [5.375, 1.625, 5.5, 1.75], "texture": "#ranger_atlas"},
				"west": {"uv": [5.25, 5.125, 5.5, 5.25], "texture": "#ranger_atlas"},
				"up": {"uv": [5.25, 5.75, 5.375, 5.5], "texture": "#ranger_atlas"},
				"down": {"uv": [5.375, 5.75, 5.5, 6], "texture": "#ranger_atlas"}
			}
		},
		{
			"name": "Voxels",
			"from": [8, 8.3556, 15.6444],
			"to": [8.35556, 8.53338, 16.71107],
			"faces": {
				"north": {"uv": [1.5, 0, 1.25, 0.125], "texture": "#ranger_atlas"},
				"east": {"uv": [9.125, 11, 8.375, 11.125], "texture": "#ranger_atlas"},
				"south": {"uv": [1.5, 0, 1.75, 0.125], "texture": "#ranger_atlas"},
				"west": {"uv": [7.625, 11, 8.375, 11.125], "texture": "#ranger_atlas"},
				"up": {"uv": [0.75, 0.75, 1, 0], "texture": "#ranger_atlas"},
				"down": {"uv": [1, 0.375, 1.25, 1.125], "texture": "#ranger_atlas"}
			}
		},
		{
			"name": "Voxels",
			"from": [8, 8.7111, -1.9556],
			"to": [8.35556, 8.88888, -0.71116],
			"faces": {
				"north": {"uv": [16, 12.75, 15.75, 12.875], "texture": "#ranger_atlas"},
				"east": {"uv": [15.25, 11.5, 14.375, 11.625], "texture": "#ranger_atlas"},
				"south": {"uv": [15.75, 12.625, 16, 12.75], "texture": "#ranger_atlas"},
				"west": {"uv": [6.75, 11.375, 7.625, 11.5], "texture": "#ranger_atlas"},
				"up": {"uv": [1, 2.875, 1.25, 2], "texture": "#ranger_atlas"},
				"down": {"uv": [1, 1.125, 1.25, 2], "texture": "#ranger_atlas"}
			}
		},
		{
			"name": "Voxels",
			"from": [8, 8.7111, -0.7111],
			"to": [8.17778, 8.88888, 10.66668],
			"faces": {
				"north": {"uv": [5.625, 10.375, 5.5, 10.5], "texture": "#ranger_atlas"},
				"east": {"uv": [14.5, 14.625, 6.5, 14.75], "texture": "#ranger_atlas"},
				"south": {"uv": [5.625, 10.375, 5.75, 10.5], "texture": "#ranger_atlas"},
				"west": {"uv": [6.5, 14.5, 14.5, 14.625], "texture": "#ranger_atlas"},
				"up": {"uv": [2.5, 12.875, 2.625, 4.875], "texture": "#ranger_atlas"},
				"down": {"uv": [2.625, 4.875, 2.75, 12.875], "texture": "#ranger_atlas"}
			}
		},
		{
			"name": "Voxels",
			"from": [8, 8.8889, 11.9111],
			"to": [8.17778, 9.06668, 12.08888],
			"faces": {
				"north": {"uv": [6.375, 10.375, 6.25, 10.5], "texture": "#ranger_atlas"},
				"east": {"uv": [6.75, 10.375, 6.625, 10.5], "texture": "#ranger_atlas"},
				"south": {"uv": [6.375, 10.375, 6.5, 10.5], "texture": "#ranger_atlas"},
				"west": {"uv": [6.5, 10.375, 6.625, 10.5], "texture": "#ranger_atlas"},
				"up": {"uv": [6.125, 10.5, 6.25, 10.375], "texture": "#ranger_atlas"},
				"down": {"uv": [6, 10.375, 6.125, 10.5], "texture": "#ranger_atlas"}
			}
		},
		{
			"name": "Voxels",
			"from": [8, 9.0667, 10.6667],
			"to": [8.17778, 9.24448, 11.37781],
			"faces": {
				"north": {"uv": [7.375, 10.375, 7.25, 10.5], "texture": "#ranger_atlas"},
				"east": {"uv": [5.125, 6.625, 4.625, 6.75], "texture": "#ranger_atlas"},
				"south": {"uv": [7.375, 10.375, 7.5, 10.5], "texture": "#ranger_atlas"},
				"west": {"uv": [4.625, 6.75, 5.125, 6.875], "texture": "#ranger_atlas"},
				"up": {"uv": [2.375, 3.375, 2.5, 2.875], "texture": "#ranger_atlas"},
				"down": {"uv": [2.375, 3.375, 2.5, 3.875], "texture": "#ranger_atlas"}
			}
		},
		{
			"name": "Voxels",
			"from": [8.1778, 6.5778, 16.5333],
			"to": [8.35558, 6.75558, 16.71108],
			"faces": {
				"north": {"uv": [8.125, 10.375, 8, 10.5], "texture": "#ranger_atlas"},
				"east": {"uv": [8.5, 10.375, 8.375, 10.5], "texture": "#ranger_atlas"},
				"south": {"uv": [8.125, 10.375, 8.25, 10.5], "texture": "#ranger_atlas"},
				"west": {"uv": [8.25, 10.375, 8.375, 10.5], "texture": "#ranger_atlas"},
				"up": {"uv": [7.875, 10.5, 8, 10.375], "texture": "#ranger_atlas"},
				"down": {"uv": [7.75, 10.375, 7.875, 10.5], "texture": "#ranger_atlas"}
			}
		},
		{
			"name": "Voxels",
			"from": [8.1778, 6.7556, 17.6],
			"to": [8.35558, 6.93338, 17.77778],
			"faces": {
				"north": {"uv": [8.875, 10.375, 8.75, 10.5], "texture": "#ranger_atlas"},
				"east": {"uv": [9.25, 10.375, 9.125, 10.5], "texture": "#ranger_atlas"},
				"south": {"uv": [8.875, 10.375, 9, 10.5], "texture": "#ranger_atlas"},
				"west": {"uv": [9, 10.375, 9.125, 10.5], "texture": "#ranger_atlas"},
				"up": {"uv": [8.625, 10.5, 8.75, 10.375], "texture": "#ranger_atlas"},
				"down": {"uv": [8.5, 10.375, 8.625, 10.5], "texture": "#ranger_atlas"}
			}
		},
		{
			"name": "Voxels",
			"from": [8.1778, 7.2889, 15.2889],
			"to": [8.35558, 7.82223, 15.46668],
			"faces": {
				"north": {"uv": [4, 8.5, 3.875, 8.875], "texture": "#ranger_atlas"},
				"east": {"uv": [4, 7.125, 3.875, 7.5], "texture": "#ranger_atlas"},
				"south": {"uv": [3.875, 8.125, 4, 8.5], "texture": "#ranger_atlas"},
				"west": {"uv": [3.875, 7.5, 4, 7.875], "texture": "#ranger_atlas"},
				"up": {"uv": [9.375, 10.5, 9.5, 10.375], "texture": "#ranger_atlas"},
				"down": {"uv": [9.25, 10.375, 9.375, 10.5], "texture": "#ranger_atlas"}
			}
		},
		{
			"name": "Voxels",
			"from": [8.1778, 7.8222, 6.5778],
			"to": [8.35558, 7.99998, 8.00002],
			"faces": {
				"north": {"uv": [10.875, 10.375, 10.75, 10.5], "texture": "#ranger_atlas"},
				"east": {"uv": [15.375, 12, 14.375, 12.125], "texture": "#ranger_atlas"},
				"south": {"uv": [10.875, 10.375, 11, 10.5], "texture": "#ranger_atlas"},
				"west": {"uv": [14.375, 11.625, 15.375, 11.75], "texture": "#ranger_atlas"},
				"up": {"uv": [1.375, 4.625, 1.5, 3.625], "texture": "#ranger_atlas"},
				"down": {"uv": [1.375, 2.625, 1.5, 3.625], "texture": "#ranger_atlas"}
			}
		},
		{
			"name": "Voxels",
			"from": [8.1778, 7.8222, 17.7778],
			"to": [8.35558, 7.99998, 17.95558],
			"faces": {
				"north": {"uv": [12.625, 10.375, 12.5, 10.5], "texture": "#ranger_atlas"},
				"east": {"uv": [16, 14.75, 15.875, 14.875], "texture": "#ranger_atlas"},
				"south": {"uv": [12.625, 10.375, 12.75, 10.5], "texture": "#ranger_atlas"},
				"west": {"uv": [15.875, 14.875, 16, 15], "texture": "#ranger_atlas"},
				"up": {"uv": [12.375, 10.5, 12.5, 10.375], "texture": "#ranger_atlas"},
				"down": {"uv": [12.25, 10.375, 12.375, 10.5], "texture": "#ranger_atlas"}
			}
		},
		{
			"name": "Voxels",
			"from": [8.1778, 8, 15.6444],
			"to": [8.53336, 8.35556, 17.59995],
			"faces": {
				"north": {"uv": [14.75, 13.25, 14.5, 13.5], "texture": "#ranger_atlas"},
				"east": {"uv": [11.5, 15, 10.125, 15.25], "texture": "#ranger_atlas"},
				"south": {"uv": [14.5, 13, 14.75, 13.25], "texture": "#ranger_atlas"},
				"west": {"uv": [11.5, 15, 12.875, 15.25], "texture": "#ranger_atlas"},
				"up": {"uv": [0.5, 3, 0.75, 1.625], "texture": "#ranger_atlas"},
				"down": {"uv": [0.5, 3, 0.75, 4.375], "texture": "#ranger_atlas"}
			}
		},
		{
			"name": "Voxels",
			"from": [8.1778, 8.1778, 13.5111],
			"to": [8.35558, 8.53336, 13.86666],
			"faces": {
				"north": {"uv": [4, 3.75, 3.875, 4], "texture": "#ranger_atlas"},
				"east": {"uv": [3.5, 1.625, 3.25, 1.875], "texture": "#ranger_atlas"},
				"south": {"uv": [3.875, 3.5, 4, 3.75], "texture": "#ranger_atlas"},
				"west": {"uv": [3.25, 1.875, 3.5, 2.125], "texture": "#ranger_atlas"},
				"up": {"uv": [3.875, 4.25, 4, 4], "texture": "#ranger_atlas"},
				"down": {"uv": [3.875, 4.25, 4, 4.5], "texture": "#ranger_atlas"}
			}
		},
		{
			"name": "Voxels",
			"from": [8.1778, 8.1778, 14.0444],
			"to": [8.35558, 8.53336, 14.75551],
			"faces": {
				"north": {"uv": [4, 2.125, 3.875, 2.375], "texture": "#ranger_atlas"},
				"east": {"uv": [6.75, 11.25, 6.25, 11.5], "texture": "#ranger_atlas"},
				"south": {"uv": [3.875, 1.75, 4, 2], "texture": "#ranger_atlas"},
				"west": {"uv": [11.875, 11.5, 12.375, 11.75], "texture": "#ranger_atlas"},
				"up": {"uv": [2.375, 1.375, 2.5, 0.875], "texture": "#ranger_atlas"},
				"down": {"uv": [2.375, 1.375, 2.5, 1.875], "texture": "#ranger_atlas"}
			}
		},
		{
			"name": "Voxels",
			"from": [8.1778, 8.1778, 14.9333],
			"to": [8.35558, 8.53336, 15.64441],
			"faces": {
				"north": {"uv": [4, 0.875, 3.875, 1.125], "texture": "#ranger_atlas"},
				"east": {"uv": [15.875, 11.5, 15.375, 11.75], "texture": "#ranger_atlas"},
				"south": {"uv": [4.5, 8.25, 4.625, 8.5], "texture": "#ranger_atlas"},
				"west": {"uv": [5.75, 11.25, 6.25, 11.5], "texture": "#ranger_atlas"},
				"up": {"uv": [11.125, 13.375, 11.25, 12.875], "texture": "#ranger_atlas"},
				"down": {"uv": [10.375, 12.875, 10.5, 13.375], "texture": "#ranger_atlas"}
			}
		},
		{
			"name": "Voxels",
			"from": [8.1778, 8.3556, 13.8667],
			"to": [8.35558, 8.53338, 14.04448],
			"faces": {
				"north": {"uv": [5.25, 8, 5.125, 8.125], "texture": "#ranger_atlas"},
				"east": {"uv": [5.25, 7.625, 5.125, 7.75], "texture": "#ranger_atlas"},
				"south": {"uv": [5.125, 7.875, 5.25, 8], "texture": "#ranger_atlas"},
				"west": {"uv": [5.125, 7.75, 5.25, 7.875], "texture": "#ranger_atlas"},
				"up": {"uv": [5.125, 8.25, 5.25, 8.125], "texture": "#ranger_atlas"},
				"down": {"uv": [5.125, 8.25, 5.25, 8.375], "texture": "#ranger_atlas"}
			}
		},
		{
			"name": "Voxels",
			"from": [8.1778, 8.3556, 14.7556],
			"to": [8.35558, 8.53338, 14.93338],
			"faces": {
				"north": {"uv": [5.25, 7.25, 5.125, 7.375], "texture": "#ranger_atlas"},
				"east": {"uv": [5.25, 6.875, 5.125, 7], "texture": "#ranger_atlas"},
				"south": {"uv": [5.125, 7.125, 5.25, 7.25], "texture": "#ranger_atlas"},
				"west": {"uv": [5.125, 7, 5.25, 7.125], "texture": "#ranger_atlas"},
				"up": {"uv": [5.125, 7.5, 5.25, 7.375], "texture": "#ranger_atlas"},
				"down": {"uv": [5.125, 7.5, 5.25, 7.625], "texture": "#ranger_atlas"}
			}
		},
		{
			"name": "Voxels",
			"from": [8.1778, 8.3556, 16.7111],
			"to": [8.53336, 8.53338, 16.88888],
			"faces": {
				"north": {"uv": [8.125, 10.5, 7.875, 10.625], "texture": "#ranger_atlas"},
				"east": {"uv": [5.25, 6.125, 5.125, 6.25], "texture": "#ranger_atlas"},
				"south": {"uv": [8.125, 10.5, 8.375, 10.625], "texture": "#ranger_atlas"},
				"west": {"uv": [5.125, 6.25, 5.25, 6.375], "texture": "#ranger_atlas"},
				"up": {"uv": [7.625, 10.625, 7.875, 10.5], "texture": "#ranger_atlas"},
				"down": {"uv": [7.375, 10.5, 7.625, 10.625], "texture": "#ranger_atlas"}
			}
		},
		{
			"name": "Voxels",
			"from": [8.1778, 8.5333, -1.6],
			"to": [8.35558, 8.71108, -1.06667],
			"faces": {
				"north": {"uv": [5.25, 5.75, 5.125, 5.875], "texture": "#ranger_atlas"},
				"east": {"uv": [5, 1.625, 4.625, 1.75], "texture": "#ranger_atlas"},
				"south": {"uv": [5.125, 5.625, 5.25, 5.75], "texture": "#ranger_atlas"},
				"west": {"uv": [4.625, 1.75, 5, 1.875], "texture": "#ranger_atlas"},
				"up": {"uv": [2.625, 2.375, 2.75, 2], "texture": "#ranger_atlas"},
				"down": {"uv": [2.5, 0, 2.625, 0.375], "texture": "#ranger_atlas"}
			}
		},
		{
			"name": "Voxels",
			"from": [8.1778, 8.5333, 15.8222],
			"to": [8.53336, 8.71108, 15.99998],
			"faces": {
				"north": {"uv": [10.125, 10.5, 9.875, 10.625], "texture": "#ranger_atlas"},
				"east": {"uv": [5.25, 4.625, 5.125, 4.75], "texture": "#ranger_atlas"},
				"south": {"uv": [10.125, 10.5, 10.375, 10.625], "texture": "#ranger_atlas"},
				"west": {"uv": [5.125, 4.75, 5.25, 4.875], "texture": "#ranger_atlas"},
				"up": {"uv": [9.625, 10.625, 9.875, 10.5], "texture": "#ranger_atlas"},
				"down": {"uv": [9.375, 10.5, 9.625, 10.625], "texture": "#ranger_atlas"}
			}
		},
		{
			"name": "Voxels",
			"from": [8.1778, 8.7111, 6.7556],
			"to": [8.35558, 8.88888, 10.66671],
			"faces": {
				"north": {"uv": [5.25, 4.25, 5.125, 4.375], "texture": "#ranger_atlas"},
				"east": {"uv": [15.625, 15.125, 12.875, 15.25], "texture": "#ranger_atlas"},
				"south": {"uv": [5.125, 4.125, 5.25, 4.25], "texture": "#ranger_atlas"},
				"west": {"uv": [12.875, 15, 15.625, 15.125], "texture": "#ranger_atlas"},
				"up": {"uv": [0.5, 7.125, 0.625, 4.375], "texture": "#ranger_atlas"},
				"down": {"uv": [0.625, 4.375, 0.75, 7.125], "texture": "#ranger_atlas"}
			}
		},
		{
			"name": "Voxels",
			"from": [8.1778, 8.8889, -1.6],
			"to": [8.35558, 9.06668, -0.88889],
			"faces": {
				"north": {"uv": [5.25, 3.5, 5.125, 3.625], "texture": "#ranger_atlas"},
				"east": {"uv": [5.125, 5.375, 4.625, 5.5], "texture": "#ranger_atlas"},
				"south": {"uv": [5.125, 3.375, 5.25, 3.5], "texture": "#ranger_atlas"},
				"west": {"uv": [4.625, 5.5, 5.125, 5.625], "texture": "#ranger_atlas"},
				"up": {"uv": [2.5, 4.375, 2.625, 3.875], "texture": "#ranger_atlas"},
				"down": {"uv": [2.5, 4.375, 2.625, 4.875], "texture": "#ranger_atlas"}
			}
		},
		{
			"name": "Voxels",
			"from": [8.1778, 8.8889, 6.9333],
			"to": [8.35558, 9.06668, 9.59997],
			"faces": {
				"north": {"uv": [5.5, 3.375, 5.375, 3.5], "texture": "#ranger_atlas"},
				"east": {"uv": [6.5, 12, 4.625, 12.125], "texture": "#ranger_atlas"},
				"south": {"uv": [5.375, 3.25, 5.5, 3.375], "texture": "#ranger_atlas"},
				"west": {"uv": [10.25, 12, 12.125, 12.125], "texture": "#ranger_atlas"},
				"up": {"uv": [1.125, 7.375, 1.25, 5.5], "texture": "#ranger_atlas"},
				"down": {"uv": [1, 5.5, 1.125, 7.375], "texture": "#ranger_atlas"}
			}
		},
		{
			"name": "Voxels",
			"from": [8.3556, 6.7556, 17.0667],
			"to": [8.53338, 8.00005, 17.42226],
			"faces": {
				"north": {"uv": [1.75, 1.375, 1.625, 2.25], "texture": "#ranger_atlas"},
				"east": {"uv": [1, 0.75, 0.75, 1.625], "texture": "#ranger_atlas"},
				"south": {"uv": [1.625, 4, 1.75, 4.875], "texture": "#ranger_atlas"},
				"west": {"uv": [1, 4.625, 1.25, 5.5], "texture": "#ranger_atlas"},
				"up": {"uv": [4.5, 7.75, 4.625, 7.5], "texture": "#ranger_atlas"},
				"down": {"uv": [4.5, 7.875, 4.625, 8.125], "texture": "#ranger_atlas"}
			}
		},
		{
			"name": "Voxels",
			"from": [8.3556, 6.9333, 16.8889],
			"to": [8.53338, 7.99997, 17.06668],
			"faces": {
				"north": {"uv": [1.875, 4.125, 1.75, 4.875], "texture": "#ranger_atlas"},
				"east": {"uv": [2, 3.375, 1.875, 4.125], "texture": "#ranger_atlas"},
				"south": {"uv": [1.875, 4.125, 2, 4.875], "texture": "#ranger_atlas"},
				"west": {"uv": [1.75, 3.375, 1.875, 4.125], "texture": "#ranger_atlas"},
				"up": {"uv": [5.375, 2.75, 5.5, 2.625], "texture": "#ranger_atlas"},
				"down": {"uv": [5.25, 2.625, 5.375, 2.75], "texture": "#ranger_atlas"}
			}
		},
		{
			"name": "Voxels",
			"from": [8.3556, 7.1111, 16.3556],
			"to": [8.53338, 7.99999, 16.88893],
			"faces": {
				"north": {"uv": [2.5, 3.875, 2.375, 4.5], "texture": "#ranger_atlas"},
				"east": {"uv": [3.875, 1.375, 3.5, 2], "texture": "#ranger_atlas"},
				"south": {"uv": [2.375, 4.5, 2.5, 5.125], "texture": "#ranger_atlas"},
				"west": {"uv": [3.5, 2, 3.875, 2.625], "texture": "#ranger_atlas"},
				"up": {"uv": [3.375, 11.5, 3.5, 11.125], "texture": "#ranger_atlas"},
				"down": {"uv": [3.375, 11.5, 3.5, 11.875], "texture": "#ranger_atlas"}
			}
		},
		{
			"name": "Voxels",
			"from": [8.3556, 7.2889, 15.6444],
			"to": [8.53338, 8.00001, 16.35551],
			"faces": {
				"north": {"uv": [2.625, 1.375, 2.5, 1.875], "texture": "#ranger_atlas"},
				"east": {"uv": [4, 2.625, 3.5, 3.125], "texture": "#ranger_atlas"},
				"south": {"uv": [2.5, 0.875, 2.625, 1.375], "texture": "#ranger_atlas"},
				"west": {"uv": [15.125, 12.125, 15.625, 12.625], "texture": "#ranger_atlas"},
				"up": {"uv": [2.5, 2.375, 2.625, 1.875], "texture": "#ranger_atlas"},
				"down": {"uv": [2.5, 2.375, 2.625, 2.875], "texture": "#ranger_atlas"}
			}
		},
		{
			"name": "Voxels",
			"from": [8.3556, 7.2889, 17.4222],
			"to": [8.71116, 8.00001, 17.59998],
			"faces": {
				"north": {"uv": [1.75, 5.875, 1.5, 6.375], "texture": "#ranger_atlas"},
				"east": {"uv": [2.75, 4.375, 2.625, 4.875], "texture": "#ranger_atlas"},
				"south": {"uv": [1.25, 0.125, 1.5, 0.625], "texture": "#ranger_atlas"},
				"west": {"uv": [2.5, 0.375, 2.625, 0.875], "texture": "#ranger_atlas"},
				"up": {"uv": [5.25, 9.375, 5.5, 9.25], "texture": "#ranger_atlas"},
				"down": {"uv": [5.25, 9.375, 5.5, 9.5], "texture": "#ranger_atlas"}
			}
		},
		{
			"name": "Voxels",
			"from": [8.3556, 8.3556, 15.8222],
			"to": [8.71116, 8.53338, 16.17776],
			"faces": {
				"north": {"uv": [5.5, 8.375, 5.25, 8.5], "texture": "#ranger_atlas"},
				"east": {"uv": [5.5, 8, 5.25, 8.125], "texture": "#ranger_atlas"},
				"south": {"uv": [5.25, 8.25, 5.5, 8.375], "texture": "#ranger_atlas"},
				"west": {"uv": [5.25, 8.125, 5.5, 8.25], "texture": "#ranger_atlas"},
				"up": {"uv": [4.375, 0.5, 4.625, 0.25], "texture": "#ranger_atlas"},
				"down": {"uv": [4.375, 0.625, 4.625, 0.875], "texture": "#ranger_atlas"}
			}
		},
		{
			"name": "Voxels",
			"from": [8.3556, 8.3556, 16.1778],
			"to": [8.53338, 8.53338, 16.71113],
			"faces": {
				"north": {"uv": [5.375, 0.625, 5.25, 0.75], "texture": "#ranger_atlas"},
				"east": {"uv": [11.25, 10.625, 10.875, 10.75], "texture": "#ranger_atlas"},
				"south": {"uv": [5.375, 0.625, 5.5, 0.75], "texture": "#ranger_atlas"},
				"west": {"uv": [10.5, 10.625, 10.875, 10.75], "texture": "#ranger_atlas"},
				"up": {"uv": [13.5, 12.5, 13.625, 12.125], "texture": "#ranger_atlas"},
				"down": {"uv": [11, 12.125, 11.125, 12.5], "texture": "#ranger_atlas"}
			}
		},
		{
			"name": "Voxels",
			"from": [8.3556, 8.5333, 16.3556],
			"to": [8.53338, 8.71108, 16.53338],
			"faces": {
				"north": {"uv": [5.375, 0.25, 5.25, 0.375], "texture": "#ranger_atlas"},
				"east": {"uv": [5.5, 0.125, 5.375, 0.25], "texture": "#ranger_atlas"},
				"south": {"uv": [5.375, 0.25, 5.5, 0.375], "texture": "#ranger_atlas"},
				"west": {"uv": [5.25, 0.125, 5.375, 0.25], "texture": "#ranger_atlas"},
				"up": {"uv": [5.375, 0.5, 5.5, 0.375], "texture": "#ranger_atlas"},
				"down": {"uv": [5.25, 0.375, 5.375, 0.5], "texture": "#ranger_atlas"}
			}
		},
		{
			"name": "Voxels",
			"from": [8.5333, 7.1111, 16.8889],
			"to": [8.71108, 8.35554, 17.06668],
			"faces": {
				"north": {"uv": [1.875, 5.625, 1.75, 6.5], "texture": "#ranger_atlas"},
				"east": {"uv": [1.75, 0.5, 1.625, 1.375], "texture": "#ranger_atlas"},
				"south": {"uv": [1.875, 6.5, 2, 7.375], "texture": "#ranger_atlas"},
				"west": {"uv": [1.75, 6.5, 1.875, 7.375], "texture": "#ranger_atlas"},
				"up": {"uv": [5.375, 0.125, 5.5, 0], "texture": "#ranger_atlas"},
				"down": {"uv": [5.25, 0, 5.375, 0.125], "texture": "#ranger_atlas"}
			}
		},
		{
			"name": "Voxels",
			"from": [8.5333, 7.1111, 17.0667],
			"to": [8.71108, 8.17777, 17.42226],
			"faces": {
				"north": {"uv": [1.875, 2.625, 1.75, 3.375], "texture": "#ranger_atlas"},
				"east": {"uv": [1.5, 5.875, 1.25, 6.625], "texture": "#ranger_atlas"},
				"south": {"uv": [1.875, 2.625, 2, 3.375], "texture": "#ranger_atlas"},
				"west": {"uv": [1.25, 6.625, 1.5, 7.375], "texture": "#ranger_atlas"},
				"up": {"uv": [15.875, 12, 16, 11.75], "texture": "#ranger_atlas"},
				"down": {"uv": [4.5, 4.375, 4.625, 4.625], "texture": "#ranger_atlas"}
			}
		},
		{
			"name": "Voxels",
			"from": [8.5333, 7.2889, 16.3556],
			"to": [8.71108, 8.53334, 16.53338],
			"faces": {
				"north": {"uv": [1.75, 2.25, 1.625, 3.125], "texture": "#ranger_atlas"},
				"east": {"uv": [1.625, 3.125, 1.5, 4], "texture": "#ranger_atlas"},
				"south": {"uv": [1.5, 2.25, 1.625, 3.125], "texture": "#ranger_atlas"},
				"west": {"uv": [1.625, 3.125, 1.75, 4], "texture": "#ranger_atlas"},
				"up": {"uv": [6.875, 10.5, 7, 10.375], "texture": "#ranger_atlas"},
				"down": {"uv": [6.75, 10.375, 6.875, 10.5], "texture": "#ranger_atlas"}
			}
		},
		{
			"name": "Voxels",
			"from": [8.5333, 7.2889, 16.5333],
			"to": [8.71108, 8.00001, 16.88886],
			"faces": {
				"north": {"uv": [2.75, 3.875, 2.625, 4.375], "texture": "#ranger_atlas"},
				"east": {"uv": [1.5, 2.125, 1.25, 2.625], "texture": "#ranger_atlas"},
				"south": {"uv": [2.625, 3.375, 2.75, 3.875], "texture": "#ranger_atlas"},
				"west": {"uv": [1.25, 0.625, 1.5, 1.125], "texture": "#ranger_atlas"},
				"up": {"uv": [5.125, 3.125, 5.25, 2.875], "texture": "#ranger_atlas"},
				"down": {"uv": [15.875, 11.5, 16, 11.75], "texture": "#ranger_atlas"}
			}
		},
		{
			"name": "Voxels",
			"from": [8.5333, 7.4667, 15.6444],
			"to": [8.71108, 7.82226, 16.35551],
			"faces": {
				"north": {"uv": [5.25, 2.125, 5.125, 2.375], "texture": "#ranger_atlas"},
				"east": {"uv": [9.875, 11.5, 9.375, 11.75], "texture": "#ranger_atlas"},
				"south": {"uv": [5.25, 5.75, 5.375, 6], "texture": "#ranger_atlas"},
				"west": {"uv": [7.375, 11.5, 7.875, 11.75], "texture": "#ranger_atlas"},
				"up": {"uv": [2.625, 2.875, 2.75, 2.375], "texture": "#ranger_atlas"},
				"down": {"uv": [2.625, 2.875, 2.75, 3.375], "texture": "#ranger_atlas"}
			}
		},
		{
			"name": "Voxels",
			"from": [8.5333, 7.8222, 15.8222],
			"to": [8.71108, 8.35553, 16.17776],
			"faces": {
				"north": {"uv": [4, 5.5, 3.875, 5.875], "texture": "#ranger_atlas"},
				"east": {"uv": [12, 13.125, 11.75, 13.5], "texture": "#ranger_atlas"},
				"south": {"uv": [3.875, 5.125, 4, 5.5], "texture": "#ranger_atlas"},
				"west": {"uv": [1.75, 1.5, 2, 1.875], "texture": "#ranger_atlas"},
				"up": {"uv": [5.25, 5.5, 5.375, 5.25], "texture": "#ranger_atlas"},
				"down": {"uv": [5.375, 5.5, 5.5, 5.75], "texture": "#ranger_atlas"}
			}
		},
		{
			"name": "Voxels",
			"from": [8.5333, 7.8222, 16.1778],
			"to": [8.71108, 8.17776, 16.35558],
			"faces": {
				"north": {"uv": [5.5, 5.25, 5.375, 5.5], "texture": "#ranger_atlas"},
				"east": {"uv": [5.375, 4.25, 5.25, 4.5], "texture": "#ranger_atlas"},
				"south": {"uv": [5.25, 4.5, 5.375, 4.75], "texture": "#ranger_atlas"},
				"west": {"uv": [5.375, 4.5, 5.5, 4.75], "texture": "#ranger_atlas"},
				"up": {"uv": [9.875, 10.5, 10, 10.375], "texture": "#ranger_atlas"},
				"down": {"uv": [9.75, 10.375, 9.875, 10.5], "texture": "#ranger_atlas"}
			}
		},
		{
			"name": "Voxels",
			"from": [8.5333, 8, 16.7111],
			"to": [8.71108, 8.35556, 16.88888],
			"faces": {
				"north": {"uv": [5.5, 4.25, 5.375, 4.5], "texture": "#ranger_atlas"},
				"east": {"uv": [5.375, 3.75, 5.25, 4], "texture": "#ranger_atlas"},
				"south": {"uv": [5.25, 4, 5.375, 4.25], "texture": "#ranger_atlas"},
				"west": {"uv": [5.375, 4, 5.5, 4.25], "texture": "#ranger_atlas"},
				"up": {"uv": [10.625, 10.5, 10.75, 10.375], "texture": "#ranger_atlas"},
				"down": {"uv": [10.5, 10.375, 10.625, 10.5], "texture": "#ranger_atlas"}
			}
		},
		{
			"name": "Voxels",
			"from": [8.5333, 8, 17.4222],
			"to": [8.71108, 8.17778, 17.59998],
			"faces": {
				"north": {"uv": [11.625, 10.375, 11.5, 10.5], "texture": "#ranger_atlas"},
				"east": {"uv": [12, 10.375, 11.875, 10.5], "texture": "#ranger_atlas"},
				"south": {"uv": [11.625, 10.375, 11.75, 10.5], "texture": "#ranger_atlas"},
				"west": {"uv": [11.75, 10.375, 11.875, 10.5], "texture": "#ranger_atlas"},
				"up": {"uv": [11.375, 10.5, 11.5, 10.375], "texture": "#ranger_atlas"},
				"down": {"uv": [11.25, 10.375, 11.375, 10.5], "texture": "#ranger_atlas"}
			}
		},
		{
			"name": "Voxels",
			"from": [8.5333, 8.1778, 16.5333],
			"to": [8.71108, 8.53336, 16.71108],
			"faces": {
				"north": {"uv": [5.5, 3.75, 5.375, 4], "texture": "#ranger_atlas"},
				"east": {"uv": [5.375, 3.25, 5.25, 3.5], "texture": "#ranger_atlas"},
				"south": {"uv": [5.25, 3.5, 5.375, 3.75], "texture": "#ranger_atlas"},
				"west": {"uv": [5.375, 3.5, 5.5, 3.75], "texture": "#ranger_atlas"},
				"up": {"uv": [12.125, 10.5, 12.25, 10.375], "texture": "#ranger_atlas"},
				"down": {"uv": [12, 10.375, 12.125, 10.5], "texture": "#ranger_atlas"}
			}
		},
		{
			"name": "Voxels",
			"from": [8.5333, 8.1778, 17.2444],
			"to": [8.71108, 8.35558, 17.42218],
			"faces": {
				"north": {"uv": [13.125, 10.375, 13, 10.5], "texture": "#ranger_atlas"},
				"east": {"uv": [13.5, 10.375, 13.375, 10.5], "texture": "#ranger_atlas"},
				"south": {"uv": [13.125, 10.375, 13.25, 10.5], "texture": "#ranger_atlas"},
				"west": {"uv": [13.25, 10.375, 13.375, 10.5], "texture": "#ranger_atlas"},
				"up": {"uv": [12.875, 10.5, 13, 10.375], "texture": "#ranger_atlas"},
				"down": {"uv": [12.75, 10.375, 12.875, 10.5], "texture": "#ranger_atlas"}
			}
		}
	],
	"gui_light": "front",
	"display": {
		"firstperson_righthand": {
			"rotation": [8, 9, 0],
			"translation": [-4.25, 3.5, 2.5],
			"scale": [1.2, 1.2, 1.2]
		},
		"firstperson_lefthand": {
			"rotation": [9, 8, 0],
			"translation": [-5.25, 4, 2.5],
			"scale": [1.2, 1.2, 1.2]
		},
		"ground": {
			"scale": [1.2, 1.2, 1.2]
		},
		"gui": {
			"rotation": [90, -45, 90]
		},
		"fixed": {
			"rotation": [-180, 90, 180]
		}
	}
}