{
	"format_version": "1.21.11",
	"credit": "Made with Blockbench",
	"textures": {
		"0": "items/recipe_book",
		"particle": "items/recipe_book"
	},
	"elements": [
		{
			"name": "recipe_book_0",
			"from": [8, 3, 0],
			"to": [11, 15, 0.5],
			"faces": {
				"north": {"uv": [11, 1, 8, 13], "texture": "#0"},
				"east": {"uv": [10.5, 1, 11, 13], "texture": "#0"},
				"south": {"uv": [8, 1, 11, 13], "texture": "#0"},
				"west": {"uv": [8, 1, 8.5, 13], "texture": "#0"},
				"up": {"uv": [8, 1, 11, 1.5], "texture": "#0"},
				"down": {"uv": [8, 12.5, 11, 13], "texture": "#0"}
			}
		},
		{
			"name": "recipe_book_1",
			"from": [6, 1, 0],
			"to": [8, 14, 0.5],
			"faces": {
				"north": {"uv": [8, 2, 6, 15], "texture": "#0"},
				"east": {"uv": [7.5, 2, 8, 15], "texture": "#0"},
				"south": {"uv": [6, 2, 8, 15], "texture": "#0"},
				"west": {"uv": [6, 2, 6.5, 15], "texture": "#0"},
				"up": {"uv": [6, 2, 8, 2.5], "texture": "#0"},
				"down": {"uv": [6, 14.5, 8, 15], "texture": "#0"}
			}
		},
		{
			"name": "recipe_book_2",
			"from": [11, 3, 0],
			"to": [12, 14, 0.5],
			"faces": {
				"north": {"uv": [12, 2, 11, 13], "texture": "#0"},
				"east": {"uv": [11.5, 2, 12, 13], "texture": "#0"},
				"south": {"uv": [11, 2, 12, 13], "texture": "#0"},
				"west": {"uv": [11, 2, 11.5, 13], "texture": "#0"},
				"up": {"uv": [11, 2, 12, 2.5], "texture": "#0"},
				"down": {"uv": [11, 12.5, 12, 13], "texture": "#0"}
			}
		},
		{
			"name": "recipe_book_3",
			"from": [4, 2, 0],
			"to": [6, 13, 0.5],
			"faces": {
				"north": {"uv": [6, 3, 4, 14], "texture": "#0"},
				"east": {"uv": [5.5, 3, 6, 14], "texture": "#0"},
				"south": {"uv": [4, 3, 6, 14], "texture": "#0"},
				"west": {"uv": [4, 3, 4.5, 14], "texture": "#0"},
				"up": {"uv": [4, 3, 6, 3.5], "texture": "#0"},
				"down": {"uv": [4, 13.5, 6, 14], "texture": "#0"}
			}
		},
		{
			"name": "recipe_book_4",
			"from": [12, 4, 0],
			"to": [13, 13, 0.5],
			"faces": {
				"north": {"uv": [13, 3, 12, 12], "texture": "#0"},
				"east": {"uv": [12.5, 3, 13, 12], "texture": "#0"},
				"south": {"uv": [12, 3, 13, 12], "texture": "#0"},
				"west": {"uv": [12, 3, 12.5, 12], "texture": "#0"},
				"up": {"uv": [12, 3, 13, 3.5], "texture": "#0"},
				"down": {"uv": [12, 11.5, 13, 12], "texture": "#0"}
			}
		},
		{
			"name": "recipe_book_5",
			"from": [2, 4, 0],
			"to": [4, 12, 0.5],
			"faces": {
				"north": {"uv": [4, 4, 2, 12], "texture": "#0"},
				"east": {"uv": [3.5, 4, 4, 12], "texture": "#0"},
				"south": {"uv": [2, 4, 4, 12], "texture": "#0"},
				"west": {"uv": [2, 4, 2.5, 12], "texture": "#0"},
				"up": {"uv": [2, 4, 4, 4.5], "texture": "#0"},
				"down": {"uv": [2, 11.5, 4, 12], "texture": "#0"}
			}
		},
		{
			"name": "recipe_book_6",
			"from": [13, 4, 0],
			"to": [14, 12, 0.5],
			"faces": {
				"north": {"uv": [14, 4, 13, 12], "texture": "#0"},
				"east": {"uv": [13.5, 4, 14, 12], "texture": "#0"},
				"south": {"uv": [13, 4, 14, 12], "texture": "#0"},
				"west": {"uv": [13, 4, 13.5, 12], "texture": "#0"},
				"up": {"uv": [13, 4, 14, 4.5], "texture": "#0"},
				"down": {"uv": [13, 11.5, 14, 12], "texture": "#0"}
			}
		},
		{
			"name": "recipe_book_7",
			"from": [0, 6, 0],
			"to": [2, 11, 0.5],
			"faces": {
				"north": {"uv": [2, 5, 0, 10], "texture": "#0"},
				"east": {"uv": [1.5, 5, 2, 10], "texture": "#0"},
				"south": {"uv": [0, 5, 2, 10], "texture": "#0"},
				"west": {"uv": [0, 5, 0.5, 10], "texture": "#0"},
				"up": {"uv": [0, 5, 2, 5.5], "texture": "#0"},
				"down": {"uv": [0, 9.5, 2, 10], "texture": "#0"}
			}
		},
		{
			"name": "recipe_book_8",
			"from": [14, 5, 0],
			"to": [15, 11, 0.5],
			"faces": {
				"north": {"uv": [15, 5, 14, 11], "texture": "#0"},
				"east": {"uv": [14.5, 5, 15, 11], "texture": "#0"},
				"south": {"uv": [14, 5, 15, 11], "texture": "#0"},
				"west": {"uv": [14, 5, 14.5, 11], "texture": "#0"},
				"up": {"uv": [14, 5, 15, 5.5], "texture": "#0"},
				"down": {"uv": [14, 10.5, 15, 11], "texture": "#0"}
			}
		},
		{
			"name": "recipe_book_9",
			"from": [15, 9, 0],
			"to": [16, 10, 0.5],
			"faces": {
				"north": {"uv": [16, 6, 15, 7], "texture": "#0"},
				"east": {"uv": [15.5, 6, 16, 7], "texture": "#0"},
				"south": {"uv": [15, 6, 16, 7], "texture": "#0"},
				"west": {"uv": [15, 6, 15.5, 7], "texture": "#0"},
				"up": {"uv": [15, 6, 16, 6.5], "texture": "#0"},
				"down": {"uv": [15, 6.5, 16, 7], "texture": "#0"}
			}
		},
		{
			"name": "recipe_book_10",
			"from": [15, 5, 0],
			"to": [16, 7, 0.5],
			"faces": {
				"north": {"uv": [16, 9, 15, 11], "texture": "#0"},
				"east": {"uv": [15.5, 9, 16, 11], "texture": "#0"},
				"south": {"uv": [15, 9, 16, 11], "texture": "#0"},
				"west": {"uv": [15, 9, 15.5, 11], "texture": "#0"},
				"up": {"uv": [15, 9, 16, 9.5], "texture": "#0"},
				"down": {"uv": [15, 10.5, 16, 11], "texture": "#0"}
			}
		},
		{
			"name": "recipe_book_11",
			"from": [1, 5, 0],
			"to": [2, 6, 0.5],
			"faces": {
				"north": {"uv": [2, 10, 1, 11], "texture": "#0"},
				"east": {"uv": [1.5, 10, 2, 11], "texture": "#0"},
				"south": {"uv": [1, 10, 2, 11], "texture": "#0"},
				"west": {"uv": [1, 10, 1.5, 11], "texture": "#0"},
				"up": {"uv": [1, 10, 2, 10.5], "texture": "#0"},
				"down": {"uv": [1, 10.5, 2, 11], "texture": "#0"}
			}
		},
		{
			"name": "recipe_book_12",
			"from": [3, 3, 0],
			"to": [4, 4, 0.5],
			"faces": {
				"north": {"uv": [4, 12, 3, 13], "texture": "#0"},
				"east": {"uv": [3.5, 12, 4, 13], "texture": "#0"},
				"south": {"uv": [3, 12, 4, 13], "texture": "#0"},
				"west": {"uv": [3, 12, 3.5, 13], "texture": "#0"},
				"up": {"uv": [3, 12, 4, 12.5], "texture": "#0"},
				"down": {"uv": [3, 12.5, 4, 13], "texture": "#0"}
			}
		},
		{
			"name": "recipe_book_13",
			"from": [8, 2, 0],
			"to": [10, 3, 0.5],
			"faces": {
				"north": {"uv": [10, 13, 8, 14], "texture": "#0"},
				"east": {"uv": [9.5, 13, 10, 14], "texture": "#0"},
				"south": {"uv": [8, 13, 10, 14], "texture": "#0"},
				"west": {"uv": [8, 13, 8.5, 14], "texture": "#0"},
				"up": {"uv": [8, 13, 10, 13.5], "texture": "#0"},
				"down": {"uv": [8, 13.5, 10, 14], "texture": "#0"}
			}
		},
		{
			"name": "recipe_book_14",
			"from": [5, 1, 0],
			"to": [6, 2, 0.5],
			"faces": {
				"north": {"uv": [6, 14, 5, 15], "texture": "#0"},
				"east": {"uv": [5.5, 14, 6, 15], "texture": "#0"},
				"south": {"uv": [5, 14, 6, 15], "texture": "#0"},
				"west": {"uv": [5, 14, 5.5, 15], "texture": "#0"},
				"up": {"uv": [5, 14, 6, 14.5], "texture": "#0"},
				"down": {"uv": [5, 14.5, 6, 15], "texture": "#0"}
			}
		}
	],
	"gui_light": "front",
	"display": {
		"thirdperson_righthand": {
			"translation": [0, 2, 4.75],
			"scale": [0.5, 0.5, 0.5]
		},
		"thirdperson_lefthand": {
			"translation": [0, 2, 4.75],
			"scale": [0.5, 0.5, 0.5]
		},
		"firstperson_righthand": {
			"rotation": [0, -90, 0],
			"translation": [-3.5, 3.25, 2.75],
			"scale": [0.5, 0.5, 0.5]
		},
		"firstperson_lefthand": {
			"rotation": [0, -90, 0],
			"translation": [-3.5, 3.75, 3.25],
			"scale": [0.5, 0.5, 0.5]
		},
		"ground": {
			"translation": [0, 2, 4.75],
			"scale": [0.5, 0.5, 0.5]
		},
		"gui": {
			"translation": [0, 0, 4.75]
		},
		"head": {
			"translation": [0, 2, 4.75],
			"scale": [0.5, 0.5, 0.5]
		},
		"fixed": {
			"rotation": [-180, 0, -180],
			"translation": [0, -0.25, -4],
			"scale": [0.5, 0.5, 0.5]
		},
		"on_shelf": {
			"translation": [0, -5.25, 4.75],
			"scale": [0.5, 0.5, 0.5]
		}
	},
	"groups": [
		{
			"name": "recipe_book",
			"origin": [8, 8, 8],
			"color": 0,
			"children": [0, 1, 2, 3, 4, 5, 6, 7, 8, 9, 10, 11, 12, 13, 14]
		}
	]
}