{
    "parent": "minecraft:item/generated",
    "textures": {
        "layer0": "magic_pack:item/recipes"
    },
    "display": {
        "thirdperson_righthand": {
            "rotation": [0, 0, 0],
            "translation": [0, 2, 1],
            "scale": [0.9, 0.9, 0.9]
        },
        "thirdperson_lefthand": {
            "rotation": [0, 0, 0],
            "translation": [0, 2, 1],
            "scale": [0.9, 0.9, 0.9]
        },
        "firstperson_righthand": {
            "rotation": [0, 0, 0],
            "translation": [-9.5, 8, 0],
            "scale": [1.0, 0.6, 1.0]
        },
        "firstperson_lefthand": {
            "rotation": [0, 0, 0],
            "translation": [-9.5, 8, 0],
            "scale": [1.0, 0.6, 1.0]
        },
        "gui": {
            "rotation": [0, 0, 0],
            "translation": [0, 0, 0],
            "scale": [3, 3, 3]
        },
        "ground": {
            "rotation": [0, 0, 0],
            "translation": [0, 0, 0],
            "scale": [3.0, 2.0, 3.0]
        },
        "fixed": {
            "rotation": [0, 180, 0],
            "translation": [0, 0, 0],
            "scale": [3.0, 2.0, 3.0]
    }
}
}