{
	"format_version": "1.21.11",
	"credit": "Made with Blockbench",
	"textures": {
		"0": "3d/ar_15_2",
		"particle": "3d/ar_15_2",
		"ak_47_1": "3d/ak_47_1",
		"ak_47_2": "3d/ak_47_2",
		"ak_47_3": "3d/ak_47_3",
		"ak_47_4": "3d/ak_47_4",
		"ak_47_white": "3d/ak_47_white"
	},
	"elements": [
		{
			"name": "1",
			"from": [7.595, 6.0625, 6.7225],
			"to": [8.405, 6.4675, 9.76],
			"rotation": {"angle": 0, "axis": "y", "origin": [4, 0, 9]},
			"faces": {
				"north": {"uv": [7, 6.5, 9, 7.5], "texture": "#ak_47_1"},
				"east": {"uv": [10, 6, 16, 7], "texture": "#ak_47_1"},
				"south": {"uv": [7, 6.5, 9, 7.5], "texture": "#ak_47_1"},
				"west": {"uv": [0, 6, 4, 7], "texture": "#ak_47_1"},
				"up": {"uv": [7, 0, 10, 6], "texture": "#ak_47_1"},
				"down": {"uv": [9, 0, 7, 7], "texture": "#ak_47_1"}
			}
		},
		{
			"name": "1",
			"from": [7.3925, 5.05, 6.7225],
			"to": [8.6075, 5.86, 9.9625],
			"rotation": {"angle": 0, "axis": "y", "origin": [4, 0, 9]},
			"faces": {
				"north": {"uv": [6.5, 8, 9.5, 10], "texture": "#ak_47_1"},
				"east": {"uv": [15, 8, 16, 10], "texture": "#ak_47_1"},
				"south": {"uv": [6.5, 8, 9.5, 10], "texture": "#ak_47_1"},
				"west": {"uv": [0, 8, 1, 10], "texture": "#ak_47_1"},
				"up": {"uv": [6.5, 0, 9.5, 1], "texture": "#ak_47_1"},
				"down": {"uv": [9.5, 1, 6.5, 0], "texture": "#ak_47_1"}
			}
		},
		{
			"name": "2",
			"from": [7.7975, 6.0625, 4.9],
			"to": [8.2025, 6.4675, 6.52],
			"rotation": {"angle": 0, "axis": "y", "origin": [4, 0, 9]},
			"faces": {
				"north": {"uv": [7.5, 6.5, 8.5, 7.5], "texture": "#ak_47_2"},
				"east": {"uv": [8, 6, 16, 13], "texture": "#ak_47_2"},
				"south": {"uv": [7.5, 6.5, 8.5, 7.5], "texture": "#ak_47_2"},
				"west": {"uv": [0, 6, 6, 9], "texture": "#ak_47_2"},
				"up": {"uv": [7, 0, 8, 5], "texture": "#ak_47_2"},
				"down": {"uv": [9, 0, 8, 4], "texture": "#ak_47_2"}
			}
		},
		{
			"name": "1",
			"from": [7.595, 5.86, 6.7225],
			"to": [8.405, 6.0625, 7.33],
			"rotation": {"angle": 0, "axis": "y", "origin": [4, 0, 9]},
			"faces": {
				"north": {"uv": [7, 7.5, 9, 8], "texture": "#ak_47_1"},
				"east": {"uv": [12, 6, 16, 8], "texture": "#ak_47_1"},
				"south": {"uv": [7, 7.5, 9, 8], "texture": "#ak_47_1"},
				"west": {"uv": [0, 6, 3, 8], "texture": "#ak_47_1"},
				"up": {"uv": [7, 0, 10, 5], "texture": "#ak_47_1"},
				"down": {"uv": [10, 0, 7, 4], "texture": "#ak_47_1"}
			}
		},
		{
			"name": "1",
			"from": [7.595, 5.86, 9.1525],
			"to": [8.405, 6.0625, 9.76],
			"rotation": {"angle": 0, "axis": "y", "origin": [4, 0, 9]},
			"faces": {
				"north": {"uv": [7, 7.5, 9, 8], "texture": "#ak_47_1"},
				"east": {"uv": [9, 3, 16, 8], "texture": "#ak_47_1"},
				"south": {"uv": [7, 7.5, 9, 8], "texture": "#ak_47_1"},
				"west": {"uv": [1, 7, 3, 9], "texture": "#ak_47_1"},
				"up": {"uv": [7, 5, 11, 8], "texture": "#ak_47_1"},
				"down": {"uv": [9, 0, 7, 4], "texture": "#ak_47_1"}
			}
		},
		{
			"name": "1",
			"from": [7.595, 5.86, 7.9375],
			"to": [8.405, 6.0625, 8.545],
			"rotation": {"angle": 0, "axis": "y", "origin": [4, 0, 9]},
			"faces": {
				"north": {"uv": [7, 7.5, 9, 8], "texture": "#ak_47_1"},
				"east": {"uv": [13, 6, 16, 8], "texture": "#ak_47_1"},
				"south": {"uv": [7, 7.5, 9, 8], "texture": "#ak_47_1"},
				"west": {"uv": [0, 6, 2, 8], "texture": "#ak_47_1"},
				"up": {"uv": [7, 0, 11, 6], "texture": "#ak_47_1"},
				"down": {"uv": [10, 0, 7, 4], "texture": "#ak_47_1"}
			}
		},
		{
			"name": "2",
			"from": [7.7975, 5.455, 1.66],
			"to": [8.2025, 5.86, 6.52],
			"rotation": {"angle": 0, "axis": "y", "origin": [4, 0, 9]},
			"faces": {
				"north": {"uv": [7.5, 8, 8.5, 9], "texture": "#ak_47_2"},
				"east": {"uv": [13, 6, 16, 9], "texture": "#ak_47_2"},
				"south": {"uv": [7.5, 8, 8.5, 9], "texture": "#ak_47_2"},
				"west": {"uv": [0, 7, 5, 9], "texture": "#ak_47_2"},
				"up": {"uv": [7, 0, 9, 4], "texture": "#ak_47_2"},
				"down": {"uv": [9, 0, 7, 5], "texture": "#ak_47_2"}
			}
		},
		{
			"name": "2",
			"from": [7.7975, 5.6575, 4.9],
			"to": [8.2025, 6.4675, 5.305],
			"rotation": {"angle": 22.5, "axis": "x", "origin": [7.7975, 6.4675, 4.9]},
			"faces": {
				"north": {"uv": [7.5, 7.5, 8.5, 8.5], "texture": "#ak_47_2"},
				"east": {"uv": [10, 7, 16, 8], "texture": "#ak_47_2"},
				"south": {"uv": [7.5, 7.5, 8.5, 8.5], "texture": "#ak_47_2"},
				"west": {"uv": [0, 7, 7, 8], "texture": "#ak_47_2"},
				"up": {"uv": [8, 1, 10, 3], "texture": "#ak_47_2"},
				"down": {"uv": [8, 0, 5, 4], "texture": "#ak_47_2"}
			}
		},
		{
			"name": "1",
			"from": [7.595, 4.8475, 6.925],
			"to": [8.405, 5.05, 9.76],
			"rotation": {"angle": 0, "axis": "y", "origin": [4, 0, 9]},
			"faces": {
				"north": {"uv": [7, 10, 9, 10.5], "texture": "#ak_47_1"},
				"east": {"uv": [12, 9, 16, 10], "texture": "#ak_47_1"},
				"south": {"uv": [7, 10, 9, 10.5], "texture": "#ak_47_1"},
				"west": {"uv": [0, 9, 3, 10], "texture": "#ak_47_1"},
				"up": {"uv": [7, 0, 9, 5], "texture": "#ak_47_1"},
				"down": {"uv": [9, 0, 7, 6], "texture": "#ak_47_1"}
			}
		},
		{
			"name": "2",
			"from": [7.89875, 5.05, 1.8625],
			"to": [8.10125, 5.2525, 6.52],
			"rotation": {"angle": 0, "axis": "y", "origin": [4, 0, 9]},
			"faces": {
				"north": {"uv": [7.75, 9.5, 8.25, 10], "texture": "#ak_47_2"},
				"east": {"uv": [10, 8, 16, 10], "texture": "#ak_47_2"},
				"south": {"uv": [7.75, 9.5, 8.25, 10], "texture": "#ak_47_2"},
				"west": {"uv": [0, 9, 8, 11], "texture": "#ak_47_2"},
				"up": {"uv": [7, 0, 9, 9], "texture": "#ak_47_2"},
				"down": {"uv": [8, 0, 8, 4], "texture": "#ak_47_2"}
			}
		},
		{
			"name": "1",
			"from": [7.595, 4.8475, 9.76],
			"to": [8.405, 5.05, 10.3675],
			"rotation": {"angle": 0, "axis": "y", "origin": [4, 0, 9]},
			"faces": {
				"north": {"uv": [7, 12, 9, 12.5], "texture": "#ak_47_1"},
				"east": {"uv": [9, 7, 16, 12], "texture": "#ak_47_1"},
				"south": {"uv": [7, 12, 9, 12.5], "texture": "#ak_47_1"},
				"west": {"uv": [0, 10, 10, 12], "texture": "#ak_47_1"},
				"up": {"uv": [7, 0, 10, 4], "texture": "#ak_47_1"},
				"down": {"uv": [10, 0, 7, 5], "texture": "#ak_47_1"}
			}
		},
		{
			"name": "1",
			"from": [7.3925, 5.455, 9.96],
			"to": [8.6075, 6.0625, 10.57],
			"rotation": {"angle": 0, "axis": "y", "origin": [4, 0, 9]},
			"faces": {
				"north": {"uv": [6.5, 7.5, 9.5, 9], "texture": "#ak_47_1"},
				"east": {"uv": [14, 7.5, 16, 9], "texture": "#ak_47_1"},
				"south": {"uv": [6.5, 7.5, 9.5, 9], "texture": "#ak_47_1"},
				"west": {"uv": [0, 7.5, 2, 9], "texture": "#ak_47_1"},
				"up": {"uv": [6.5, 0, 9.5, 2], "texture": "#ak_47_1"},
				"down": {"uv": [9.5, 2, 6.5, 0], "texture": "#ak_47_1"}
			}
		},
		{
			"name": "2",
			"from": [7.89875, 5.2525, 4.59625],
			"to": [8.10125, 5.455, 5.1025],
			"rotation": {"angle": 0, "axis": "y", "origin": [4, 0, 9]},
			"faces": {
				"north": {"uv": [7.75, 9.5, 8.25, 9.75], "texture": "#ak_47_2"},
				"east": {"uv": [14, 8, 16, 10], "texture": "#ak_47_2"},
				"south": {"uv": [7.75, 9.5, 8.25, 9.75], "texture": "#ak_47_2"},
				"west": {"uv": [0, 7, 3, 9], "texture": "#ak_47_2"},
				"up": {"uv": [8, 0, 11, 4], "texture": "#ak_47_2"},
				"down": {"uv": [9, 0, 8, 3], "texture": "#ak_47_2"}
			}
		},
		{
			"name": "2",
			"from": [7.89875, 5.2525, 2.875],
			"to": [8.10125, 5.455, 3.28],
			"rotation": {"angle": 0, "axis": "y", "origin": [4, 0, 9]},
			"faces": {
				"north": {"uv": [7.75, 9, 8.25, 9.5], "texture": "#ak_47_2"},
				"east": {"uv": [12, 6, 16, 9], "texture": "#ak_47_2"},
				"south": {"uv": [7.75, 9, 8.25, 9.5], "texture": "#ak_47_2"},
				"west": {"uv": [0, 6, 6, 9], "texture": "#ak_47_2"},
				"up": {"uv": [8, 0, 9, 4], "texture": "#ak_47_2"},
				"down": {"uv": [6, 0, 8, 3], "texture": "#ak_47_2"}
			}
		},
		{
			"name": "2",
			"from": [7.89875, 5.8347, 2.065],
			"to": [8.10125, 6.0625, 3.0522],
			"rotation": {"angle": 0, "axis": "y", "origin": [4, 0, 9]},
			"faces": {
				"north": {"uv": [7.75, 7.5, 8.25, 8.0625], "texture": "#ak_47_2"},
				"east": {"uv": [10, 4, 16, 8], "texture": "#ak_47_2"},
				"south": {"uv": [7.75, 7.5, 8.25, 8.0625], "texture": "#ak_47_2"},
				"west": {"uv": [0, 5, 5, 8], "texture": "#ak_47_2"},
				"up": {"uv": [8, 0, 11, 5], "texture": "#ak_47_2"},
				"down": {"uv": [8, 0, 9, 5], "texture": "#ak_47_2"}
			}
		},
		{
			"name": "2",
			"from": [7.89875, 5.86, 2.065],
			"to": [8.10125, 6.67, 2.2675],
			"rotation": {"angle": 0, "axis": "y", "origin": [4, 0, 9]},
			"faces": {
				"north": {"uv": [7.75, 6, 8.25, 8], "texture": "#ak_47_2"},
				"east": {"uv": [12, 5, 16, 8], "texture": "#ak_47_2"},
				"south": {"uv": [7.75, 6, 8.25, 8], "texture": "#ak_47_2"},
				"west": {"uv": [0, 4, 3, 8], "texture": "#ak_47_2"},
				"up": {"uv": [8, 0, 8, 3], "texture": "#ak_47_2"},
				"down": {"uv": [8, 0, 9, 4], "texture": "#ak_47_2"}
			}
		},
		{
			"name": "2",
			"from": [7.89875, 5.58155, 2.5206],
			"to": [8.10125, 6.79655, 2.7231],
			"rotation": {"angle": -22.5, "axis": "x", "origin": [7.89875, 6.79655, 2.5206]},
			"faces": {
				"north": {"uv": [7.75, 6, 8.25, 8], "texture": "#ak_47_2"},
				"east": {"uv": [12, 6, 16, 8], "texture": "#ak_47_2"},
				"south": {"uv": [7.75, 6, 8.25, 8], "texture": "#ak_47_2"},
				"west": {"uv": [0, 6, 2, 8], "texture": "#ak_47_2"},
				"up": {"uv": [8, 0, 10, 4], "texture": "#ak_47_2"},
				"down": {"uv": [8, 0, 8, 4], "texture": "#ak_47_2"}
			}
		},
		{
			"name": "2",
			"from": [7.89875, 6.265, 2.6725],
			"to": [8.10125, 6.4675, 2.875],
			"rotation": {"angle": 0, "axis": "y", "origin": [4, 0, 9]},
			"faces": {
				"north": {"uv": [7.75, 6.5, 8.25, 7], "texture": "#ak_47_2"},
				"east": {"uv": [14, 6, 16, 7], "texture": "#ak_47_2"},
				"south": {"uv": [7.75, 6.5, 8.25, 7], "texture": "#ak_47_2"},
				"west": {"uv": [0, 5, 2, 7], "texture": "#ak_47_2"},
				"up": {"uv": [8, 0, 9, 3], "texture": "#ak_47_2"},
				"down": {"uv": [8, 1, 8, 3], "texture": "#ak_47_2"}
			}
		},
		{
			"name": "2",
			"from": [7.89875, 6.265, 2.065],
			"to": [8.10125, 6.8725, 2.6725],
			"rotation": {"angle": 0, "axis": "y", "origin": [4, 0, 9]},
			"faces": {
				"north": {"uv": [7.75, 5.5, 8.25, 7], "texture": "#ak_47_2"},
				"east": {"uv": [13, 5, 16, 7], "texture": "#ak_47_2"},
				"south": {"uv": [7.75, 5.5, 8.25, 7], "texture": "#ak_47_2"},
				"west": {"uv": [0, 5, 2, 7], "texture": "#ak_47_2"},
				"up": {"uv": [8, 0, 9, 3], "texture": "#ak_47_2"},
				"down": {"uv": [8, 0, 8, 2], "texture": "#ak_47_2"}
			}
		},
		{
			"name": "3",
			"from": [7.7975, 6.0625, 9.76],
			"to": [8.2025, 6.4675, 9.9625],
			"rotation": {"angle": 0, "axis": "y", "origin": [4, 0, 9]},
			"faces": {
				"north": {"uv": [7.5, 2.5, 8.5, 3.5], "texture": "#ak_47_3"},
				"east": {"uv": [15.5, 2.5, 16, 3.5], "texture": "#ak_47_3"},
				"south": {"uv": [7.5, 2.5, 8.5, 3.5], "texture": "#ak_47_3"},
				"west": {"uv": [0, 2.5, 0.5, 3.5], "texture": "#ak_47_3"},
				"up": {"uv": [7.5, 0, 8.5, 0.5], "texture": "#ak_47_3"},
				"down": {"uv": [8.5, 0.5, 7.5, 0], "texture": "#ak_47_3"}
			}
		},
		{
			"name": "1",
			"from": [7.3925, 4.54375, 10.165],
			"to": [8.6075, 5.455, 10.57],
			"rotation": {"angle": 0, "axis": "y", "origin": [4, 0, 9]},
			"faces": {
				"north": {"uv": [6.5, 8, 9.5, 10], "texture": "#ak_47_1"},
				"east": {"uv": [5, 8, 15, 10], "texture": "#ak_47_1"},
				"south": {"uv": [6.5, 8, 9.5, 10], "texture": "#ak_47_1"},
				"west": {"uv": [1, 8, 11, 10], "texture": "#ak_47_1"},
				"up": {"uv": [6.5, 1, 9.5, 11], "texture": "#ak_47_1"},
				"down": {"uv": [9.5, 11, 6.5, 1], "texture": "#ak_47_1"}
			}
		},
		{
			"name": "3",
			"from": [7.49375, 4.645, 10.57],
			"to": [8.50625, 5.05, 17.455],
			"rotation": {"angle": 0, "axis": "y", "origin": [4, 0, 9]},
			"faces": {
				"north": {"uv": [6.75, 6, 9.25, 7], "texture": "#ak_47_3"},
				"east": {"uv": [0, 6, 14, 7], "texture": "#ak_47_3"},
				"south": {"uv": [6.75, 6, 9.25, 7], "texture": "#ak_47_3"},
				"west": {"uv": [2, 6, 16, 7], "texture": "#ak_47_3"},
				"up": {"uv": [6.75, 2, 9.25, 16], "texture": "#ak_47_3"},
				"down": {"uv": [9.25, 16, 6.75, 2], "texture": "#ak_47_3"}
			}
		},
		{
			"name": "3",
			"from": [7.595, 6.4675, 11.1775],
			"to": [8.405, 6.67, 16.645],
			"rotation": {"angle": 0, "axis": "y", "origin": [4, 0, 9]},
			"faces": {
				"north": {"uv": [7, 2, 9, 2.5], "texture": "#ak_47_3"},
				"east": {"uv": [0, 2, 12.5, 2.5], "texture": "#ak_47_3"},
				"south": {"uv": [7, 2, 9, 2.5], "texture": "#ak_47_3"},
				"west": {"uv": [3.5, 2, 16, 2.5], "texture": "#ak_47_3"},
				"up": {"uv": [7, 3.5, 9, 16], "texture": "#ak_47_3"},
				"down": {"uv": [9, 16, 7, 3.5], "texture": "#ak_47_3"}
			}
		},
		{
			"name": "3",
			"from": [7.7975, 6.67, 9.9625],
			"to": [8.2025, 6.8725, 11.38],
			"rotation": {"angle": 0, "axis": "y", "origin": [4, 0, 9]},
			"faces": {
				"north": {"uv": [7.5, 1.5, 8.5, 2], "texture": "#ak_47_3"},
				"east": {"uv": [12, 1.5, 15.5, 2], "texture": "#ak_47_3"},
				"south": {"uv": [7.5, 1.5, 8.5, 2], "texture": "#ak_47_3"},
				"west": {"uv": [0.5, 1.5, 4, 2], "texture": "#ak_47_3"},
				"up": {"uv": [7.5, 0.5, 8.5, 4], "texture": "#ak_47_3"},
				"down": {"uv": [8.5, 4, 7.5, 0.5], "texture": "#ak_47_3"}
			}
		},
		{
			"name": "3",
			"from": [7.7975, 6.67, 11.1775],
			"to": [8.2025, 7.075, 11.38],
			"rotation": {"angle": 0, "axis": "y", "origin": [4, 0, 9]},
			"faces": {
				"north": {"uv": [7.5, 1, 8.5, 2], "texture": "#ak_47_3"},
				"east": {"uv": [12, 1, 12.5, 2], "texture": "#ak_47_3"},
				"south": {"uv": [7.5, 1, 8.5, 2], "texture": "#ak_47_3"},
				"west": {"uv": [3.5, 1, 4, 2], "texture": "#ak_47_3"},
				"up": {"uv": [7.5, 3.5, 8.5, 4], "texture": "#ak_47_3"},
				"down": {"uv": [8.5, 4, 7.5, 3.5], "texture": "#ak_47_3"}
			}
		},
		{
			"name": "1",
			"from": [7.69625, 6.4675, 6.7225],
			"to": [8.30375, 6.67, 9.76],
			"rotation": {"angle": 0, "axis": "y", "origin": [4, 0, 9]},
			"faces": {
				"north": {"uv": [7, 6, 9, 6.5], "texture": "#ak_47_1"},
				"east": {"uv": [13, 5, 16, 6], "texture": "#ak_47_1"},
				"south": {"uv": [7, 6, 9, 6.5], "texture": "#ak_47_1"},
				"west": {"uv": [0, 6, 4, 7], "texture": "#ak_47_1"},
				"up": {"uv": [2, 3, 8, 8], "texture": "#ak_47_1"},
				"down": {"uv": [9, 0, 7, 3], "texture": "#ak_47_1"}
			}
		},
		{
			"name": "2",
			"from": [7.7975, 6.67, 2.065],
			"to": [8.2025, 6.8725, 2.7231],
			"rotation": {"angle": 0, "axis": "y", "origin": [4, 0, 9]},
			"faces": {
				"north": {"uv": [7.5, 5.5, 8.5, 6], "texture": "#ak_47_2"},
				"east": {"uv": [15, 5, 16, 6], "texture": "#ak_47_2"},
				"south": {"uv": [7.5, 5.5, 8.5, 6], "texture": "#ak_47_2"},
				"west": {"uv": [0, 5, 3, 6], "texture": "#ak_47_2"},
				"up": {"uv": [7, 0, 9, 3], "texture": "#ak_47_2"},
				"down": {"uv": [8, 0, 6, 2], "texture": "#ak_47_2"}
			}
		},
		{
			"name": "3",
			"from": [7.49375, 6.0625, 9.9625],
			"to": [8.50625, 6.67, 11.1775],
			"rotation": {"angle": 0, "axis": "y", "origin": [4, 0, 9]},
			"faces": {
				"north": {"uv": [6.75, 2, 9.25, 3.5], "texture": "#ak_47_3"},
				"east": {"uv": [12.5, 2, 15.5, 3.5], "texture": "#ak_47_3"},
				"south": {"uv": [6.75, 2, 9.25, 3.5], "texture": "#ak_47_3"},
				"west": {"uv": [0.5, 2, 3.5, 3.5], "texture": "#ak_47_3"},
				"up": {"uv": [6.75, 0.5, 9.25, 3.5], "texture": "#ak_47_3"},
				"down": {"uv": [9.25, 3.5, 6.75, 0.5], "texture": "#ak_47_3"}
			}
		},
		{
			"name": "1",
			"from": [7.3925, 4.99937, 9.96219],
			"to": [8.6075, 5.4569, 10.16969],
			"rotation": {"angle": 0, "axis": "y", "origin": [4, 0, 9]},
			"faces": {
				"north": {"uv": [6.5, 8, 9.5, 10], "texture": "#ak_47_1"},
				"east": {"uv": [5, 8, 15, 10], "texture": "#ak_47_1"},
				"south": {"uv": [6.5, 8, 9.5, 10], "texture": "#ak_47_1"},
				"west": {"uv": [1, 8, 11, 10], "texture": "#ak_47_1"},
				"up": {"uv": [6.5, 1, 9.5, 11], "texture": "#ak_47_1"},
				"down": {"uv": [9.5, 11, 6.5, 1], "texture": "#ak_47_1"}
			}
		},
		{
			"name": "4",
			"from": [7.595, 3.2275, 11.9875],
			"to": [8.405, 4.8475, 13.6075],
			"rotation": {"angle": 22.5, "axis": "x", "origin": [7.595, 4.8475, 11.9875]},
			"faces": {
				"north": {"uv": [6.5, 8, 9, 11], "texture": "#ak_47_4"},
				"east": {"uv": [0, 8, 14, 11], "texture": "#ak_47_4"},
				"south": {"uv": [7, 8, 9.5, 11], "texture": "#ak_47_4"},
				"west": {"uv": [2, 8, 16, 11], "texture": "#ak_47_4"},
				"up": {"uv": [7, 2, 9.5, 16], "texture": "#ak_47_4"},
				"down": {"uv": [9, 16, 6.5, 2], "texture": "#ak_47_4"}
			}
		},
		{
			"name": "4",
			"from": [7.595, 4.21469, 12.72156],
			"to": [8.405, 5.0247, 13.73407],
			"rotation": {"angle": 22.5, "axis": "x", "origin": [7.595, 5.0247, 12.72156]},
			"faces": {
				"north": {"uv": [6.5, 8, 9, 11], "texture": "#ak_47_4"},
				"east": {"uv": [0, 8, 14, 11], "texture": "#ak_47_4"},
				"south": {"uv": [7, 8, 9.5, 11], "texture": "#ak_47_4"},
				"west": {"uv": [2, 8, 16, 11], "texture": "#ak_47_4"},
				"up": {"uv": [7, 2, 9.5, 16], "texture": "#ak_47_4"},
				"down": {"uv": [9, 16, 6.5, 2], "texture": "#ak_47_4"}
			}
		},
		{
			"name": "4",
			"from": [7.595, 2.24842, 11.72122],
			"to": [8.405, 3.86842, 13.34121],
			"rotation": {"angle": 45, "axis": "x", "origin": [7.595, 3.86842, 11.72122]},
			"faces": {
				"north": {"uv": [6.5, 8, 9, 11], "texture": "#ak_47_4"},
				"east": {"uv": [0, 8, 14, 11], "texture": "#ak_47_4"},
				"south": {"uv": [7, 8, 9.5, 11], "texture": "#ak_47_4"},
				"west": {"uv": [2, 8, 16, 11], "texture": "#ak_47_4"},
				"up": {"uv": [7, 2, 9.5, 16], "texture": "#ak_47_4"},
				"down": {"uv": [9, 16, 6.5, 2], "texture": "#ak_47_4"}
			}
		},
		{
			"name": "4",
			"from": [7.595, 0.92406, 9.81063],
			"to": [8.405, 2.54406, 11.22813],
			"rotation": {"angle": -22.5, "axis": "x", "origin": [7.595, 2.54406, 9.81063]},
			"faces": {
				"north": {"uv": [6.5, 8, 9, 11], "texture": "#ak_47_4"},
				"east": {"uv": [0, 8, 14, 11], "texture": "#ak_47_4"},
				"south": {"uv": [7, 8, 9.5, 11], "texture": "#ak_47_4"},
				"west": {"uv": [2, 8, 16, 11], "texture": "#ak_47_4"},
				"up": {"uv": [7, 2, 9.5, 16], "texture": "#ak_47_4"},
				"down": {"uv": [9, 16, 6.5, 2], "texture": "#ak_47_4"}
			}
		},
		{
			"name": "3",
			"from": [7.7975, 4.0375, 13.81],
			"to": [8.2025, 4.645, 14.4175],
			"rotation": {"angle": 0, "axis": "y", "origin": [4, 0, 9]},
			"faces": {
				"north": {"uv": [7.5, 7, 8.5, 8.5], "texture": "#ak_47_3"},
				"east": {"uv": [4.5, 7, 6, 8.5], "texture": "#ak_47_3"},
				"south": {"uv": [7.5, 7, 8.5, 8.5], "texture": "#ak_47_3"},
				"west": {"uv": [10, 7, 11.5, 8.5], "texture": "#ak_47_3"},
				"up": {"uv": [7.5, 10, 8.5, 11.5], "texture": "#ak_47_3"},
				"down": {"uv": [8.5, 11.5, 7.5, 10], "texture": "#ak_47_3"}
			}
		},
		{
			"name": "3",
			"from": [7.7975, 3.43, 14.0125],
			"to": [8.2025, 4.0375, 14.215],
			"rotation": {"angle": 0, "axis": "y", "origin": [4, 0, 9]},
			"faces": {
				"north": {"uv": [7.5, 8.5, 8.5, 10], "texture": "#ak_47_3"},
				"east": {"uv": [5, 8.5, 5.5, 10], "texture": "#ak_47_3"},
				"south": {"uv": [7.5, 8.5, 8.5, 10], "texture": "#ak_47_3"},
				"west": {"uv": [10.5, 8.5, 11, 10], "texture": "#ak_47_3"},
				"up": {"uv": [7.5, 10.5, 8.5, 11], "texture": "#ak_47_3"},
				"down": {"uv": [8.5, 11, 7.5, 10.5], "texture": "#ak_47_3"}
			}
		},
		{
			"name": "3",
			"from": [7.7975, 4.4425, 15.025],
			"to": [8.2025, 4.645, 15.6325],
			"rotation": {"angle": 0, "axis": "y", "origin": [4, 0, 9]},
			"faces": {
				"north": {"uv": [7.5, 7, 8.5, 7.5], "texture": "#ak_47_3"},
				"east": {"uv": [1.5, 7, 3, 7.5], "texture": "#ak_47_3"},
				"south": {"uv": [7.5, 7, 8.5, 7.5], "texture": "#ak_47_3"},
				"west": {"uv": [13, 7, 14.5, 7.5], "texture": "#ak_47_3"},
				"up": {"uv": [7.5, 13, 8.5, 14.5], "texture": "#ak_47_3"},
				"down": {"uv": [8.5, 14.5, 7.5, 13], "texture": "#ak_47_3"}
			}
		},
		{
			"name": "3",
			"from": [7.595, 3.43, 14.4175],
			"to": [8.405, 3.6325, 15.835],
			"rotation": {"angle": 0, "axis": "y", "origin": [4, 0, 9]},
			"faces": {
				"north": {"uv": [7, 9.5, 9, 10], "texture": "#ak_47_3"},
				"east": {"uv": [1, 9.5, 4.5, 10], "texture": "#ak_47_3"},
				"south": {"uv": [7, 9.5, 9, 10], "texture": "#ak_47_3"},
				"west": {"uv": [11.5, 9.5, 15, 10], "texture": "#ak_47_3"},
				"up": {"uv": [7, 11.5, 9, 15], "texture": "#ak_47_3"},
				"down": {"uv": [9, 15, 7, 11.5], "texture": "#ak_47_3"}
			}
		},
		{
			"name": "3",
			"from": [7.595, 3.43, 14.4175],
			"to": [8.405, 4.645, 14.62],
			"rotation": {"angle": 0, "axis": "y", "origin": [4, 0, 9]},
			"faces": {
				"north": {"uv": [7, 7, 9, 10], "texture": "#ak_47_3"},
				"east": {"uv": [4, 7, 4.5, 10], "texture": "#ak_47_3"},
				"south": {"uv": [7, 7, 9, 10], "texture": "#ak_47_3"},
				"west": {"uv": [11.5, 7, 12, 10], "texture": "#ak_47_3"},
				"up": {"uv": [7, 11.5, 9, 12], "texture": "#ak_47_3"},
				"down": {"uv": [9, 12, 7, 11.5], "texture": "#ak_47_3"}
			}
		},
		{
			"name": "3",
			"from": [7.49375, 5.05, 10.57],
			"to": [8.50625, 6.0625, 11.1775],
			"rotation": {"angle": 0, "axis": "y", "origin": [4, 0, 9]},
			"faces": {
				"north": {"uv": [6.75, 3.5, 9.25, 6], "texture": "#ak_47_3"},
				"east": {"uv": [12.5, 3.5, 14, 6], "texture": "#ak_47_3"},
				"south": {"uv": [6.75, 3.5, 9.25, 6], "texture": "#ak_47_3"},
				"west": {"uv": [2, 3.5, 3.5, 6], "texture": "#ak_47_3"},
				"up": {"uv": [6.75, 2, 9.25, 3.5], "texture": "#ak_47_3"},
				"down": {"uv": [9.25, 3.5, 6.75, 2], "texture": "#ak_47_3"}
			}
		},
		{
			"name": "4",
			"from": [7.595, 4.24, 12.3925],
			"to": [8.405, 4.645, 12.7975],
			"rotation": {"angle": 0, "axis": "y", "origin": [4, 0, 9]},
			"faces": {
				"north": {"uv": [6.5, 8, 9, 11], "texture": "#ak_47_4"},
				"east": {"uv": [0, 8, 14, 11], "texture": "#ak_47_4"},
				"south": {"uv": [7, 8, 9.5, 11], "texture": "#ak_47_4"},
				"west": {"uv": [2, 8, 16, 11], "texture": "#ak_47_4"},
				"up": {"uv": [7, 2, 9.5, 16], "texture": "#ak_47_4"},
				"down": {"uv": [9, 16, 6.5, 2], "texture": "#ak_47_4"}
			}
		},
		{
			"name": "3",
			"from": [7.49375, 5.455, 10.975],
			"to": [8.50625, 6.0625, 17.05],
			"rotation": {"angle": 0, "axis": "y", "origin": [4, 0, 9]},
			"faces": {
				"north": {"uv": [6.75, 3.5, 9.25, 5], "texture": "#ak_47_3"},
				"east": {"uv": [0, 3.5, 13, 5], "texture": "#ak_47_3"},
				"south": {"uv": [6.75, 3.5, 9.25, 5], "texture": "#ak_47_3"},
				"west": {"uv": [3, 3.5, 16, 5], "texture": "#ak_47_3"},
				"up": {"uv": [6.75, 3, 9.25, 16], "texture": "#ak_47_3"},
				"down": {"uv": [9.25, 16, 6.75, 3], "texture": "#ak_47_3"}
			}
		},
		{
			"name": "3",
			"from": [7.49375, 5.05, 12.7975],
			"to": [8.50625, 5.455, 17.455],
			"rotation": {"angle": 0, "axis": "y", "origin": [4, 0, 9]},
			"faces": {
				"north": {"uv": [6.75, 5, 9.25, 6], "texture": "#ak_47_3"},
				"east": {"uv": [0, 5, 8.5, 6], "texture": "#ak_47_3"},
				"south": {"uv": [6.75, 5, 9.25, 6], "texture": "#ak_47_3"},
				"west": {"uv": [7.5, 5, 16, 6], "texture": "#ak_47_3"},
				"up": {"uv": [6.75, 7.5, 9.25, 16], "texture": "#ak_47_3"},
				"down": {"uv": [9.25, 16, 6.75, 7.5], "texture": "#ak_47_3"}
			}
		},
		{
			"name": "3",
			"from": [7.7975, 4.18938, 15.2275],
			"to": [8.2025, 4.4425, 15.43],
			"rotation": {"angle": 0, "axis": "y", "origin": [4, 0, 9]},
			"faces": {
				"north": {"uv": [7.5, 7.5, 8.5, 8.125], "texture": "#ak_47_3"},
				"east": {"uv": [2, 7.5, 2.5, 8.125], "texture": "#ak_47_3"},
				"south": {"uv": [7.5, 7.5, 8.5, 8.125], "texture": "#ak_47_3"},
				"west": {"uv": [13.5, 7.5, 14, 8.125], "texture": "#ak_47_3"},
				"up": {"uv": [7.5, 13.5, 8.5, 14], "texture": "#ak_47_3"},
				"down": {"uv": [8.5, 14, 7.5, 13.5], "texture": "#ak_47_3"}
			}
		},
		{
			"name": "3",
			"from": [7.7975, 3.86032, 15.2528],
			"to": [8.2025, 4.26532, 15.4553],
			"rotation": {"angle": 22.5, "axis": "x", "origin": [7.7975, 4.26532, 15.2528]},
			"faces": {
				"north": {"uv": [7.5, 7.9375, 8.5, 8.9375], "texture": "#ak_47_3"},
				"east": {"uv": [1.9375, 7.9375, 2.4375, 8.9375], "texture": "#ak_47_3"},
				"south": {"uv": [7.5, 7.9375, 8.5, 8.9375], "texture": "#ak_47_3"},
				"west": {"uv": [13.5625, 7.9375, 14.0625, 8.9375], "texture": "#ak_47_3"},
				"up": {"uv": [7.5, 13.5625, 8.5, 14.0625], "texture": "#ak_47_3"},
				"down": {"uv": [8.5, 14.0625, 7.5, 13.5625], "texture": "#ak_47_3"}
			}
		},
		{
			"name": "3",
			"from": [7.595, 5.05, 11.1775],
			"to": [8.405, 5.455, 12.7975],
			"rotation": {"angle": 0, "axis": "y", "origin": [4, 0, 9]},
			"faces": {
				"north": {"uv": [7, 5, 9, 6], "texture": "#ak_47_3"},
				"east": {"uv": [8.5, 5, 12.5, 6], "texture": "#ak_47_3"},
				"south": {"uv": [7, 5, 9, 6], "texture": "#ak_47_3"},
				"west": {"uv": [3.5, 5, 7.5, 6], "texture": "#ak_47_3"},
				"up": {"uv": [7, 3.5, 9, 7.5], "texture": "#ak_47_3"},
				"down": {"uv": [9, 7.5, 7, 3.5], "texture": "#ak_47_3"}
			}
		},
		{
			"name": "3",
			"from": [7.3925, 5.455, 14.4175],
			"to": [8.6075, 5.86, 16.0375],
			"rotation": {"angle": 0, "axis": "y", "origin": [4, 0, 9]},
			"faces": {
				"north": {"uv": [6.5, 4, 9.5, 5], "texture": "#ak_47_3"},
				"east": {"uv": [0.5, 4, 4.5, 5], "texture": "#ak_47_3"},
				"south": {"uv": [6.5, 4, 9.5, 5], "texture": "#ak_47_3"},
				"west": {"uv": [11.5, 4, 15.5, 5], "texture": "#ak_47_3"},
				"up": {"uv": [6.5, 11.5, 9.5, 15.5], "texture": "#ak_47_3"},
				"down": {"uv": [9.5, 15.5, 6.5, 11.5], "texture": "#ak_47_3"}
			}
		},
		{
			"name": "3",
			"from": [7.49375, 4.24, 15.835],
			"to": [8.50625, 4.645, 17.455],
			"rotation": {"angle": 0, "axis": "y", "origin": [4, 0, 9]},
			"faces": {
				"north": {"uv": [6.75, 7, 9.25, 8], "texture": "#ak_47_3"},
				"east": {"uv": [0, 7, 1, 8], "texture": "#ak_47_3"},
				"south": {"uv": [6.75, 7, 9.25, 8], "texture": "#ak_47_3"},
				"west": {"uv": [15, 7, 16, 8], "texture": "#ak_47_3"},
				"up": {"uv": [6.75, 15, 9.25, 16], "texture": "#ak_47_3"},
				"down": {"uv": [9.25, 16, 6.75, 15], "texture": "#ak_47_3"}
			}
		},
		{
			"name": "3",
			"from": [7.49375, 3.43, 15.835],
			"to": [8.50625, 4.24, 16.645],
			"rotation": {"angle": 0, "axis": "y", "origin": [4, 0, 9]},
			"faces": {
				"north": {"uv": [6.75, 8, 9.25, 10], "texture": "#ak_47_3"},
				"east": {"uv": [0, 8, 1, 10], "texture": "#ak_47_3"},
				"south": {"uv": [6.75, 8, 9.25, 10], "texture": "#ak_47_3"},
				"west": {"uv": [15, 8, 16, 10], "texture": "#ak_47_3"},
				"up": {"uv": [6.75, 15, 9.25, 16], "texture": "#ak_47_3"},
				"down": {"uv": [9.25, 16, 6.75, 15], "texture": "#ak_47_3"}
			}
		},
		{
			"name": "3",
			"from": [7.49375, 2.0125, 16.0375],
			"to": [8.50625, 4.0375, 17.05],
			"rotation": {"angle": -22.5, "axis": "x", "origin": [7.49375, 4.0375, 16.0375]},
			"faces": {
				"north": {"uv": [6.75, 8.5, 9.25, 13.5], "texture": "#ak_47_3"},
				"east": {"uv": [0, 8.5, 0.5, 13.5], "texture": "#ak_47_3"},
				"south": {"uv": [6.75, 8.5, 9.25, 13.5], "texture": "#ak_47_3"},
				"west": {"uv": [15.5, 8.5, 16, 13.5], "texture": "#ak_47_3"},
				"up": {"uv": [6.75, 15.5, 9.25, 16], "texture": "#ak_47_3"},
				"down": {"uv": [9.25, 16, 6.75, 15.5], "texture": "#ak_47_3"}
			}
		},
		{
			"name": "3",
			"from": [7.595, 6.265, 16.645],
			"to": [8.405, 6.67, 17.2525],
			"rotation": {"angle": 45, "axis": "x", "origin": [7.595, 6.67, 16.645]},
			"faces": {
				"north": {"uv": [7, 2, 9, 3], "texture": "#ak_47_3"},
				"east": {"uv": [0, 2, 0, 3], "texture": "#ak_47_3"},
				"south": {"uv": [7, 2, 9, 3], "texture": "#ak_47_3"},
				"west": {"uv": [16, 2, 16, 3], "texture": "#ak_47_3"},
				"up": {"uv": [7, 16, 9, 16], "texture": "#ak_47_3"},
				"down": {"uv": [9, 16, 7, 16], "texture": "#ak_47_3"}
			}
		},
		{
			"name": "3",
			"from": [7.49375, 5.6575, 17.05],
			"to": [8.50625, 6.265, 17.6575],
			"rotation": {"angle": 45, "axis": "x", "origin": [7.49375, 6.265, 17.05]},
			"faces": {
				"north": {"uv": [6.75, 3, 9.25, 4.5], "texture": "#ak_47_3"},
				"east": {"uv": [0, 3, 3, 6], "texture": "#ak_47_3"},
				"south": {"uv": [6.75, 3, 9.25, 4.5], "texture": "#ak_47_3"},
				"west": {"uv": [13, 3, 16, 5], "texture": "#ak_47_3"},
				"up": {"uv": [7, 11, 11, 16], "texture": "#ak_47_3"},
				"down": {"uv": [10, 10, 7, 16], "texture": "#ak_47_3"}
			}
		},
		{
			"name": "3",
			"from": [7.49375, 5.455, 17.05],
			"to": [8.50625, 5.86, 17.455],
			"rotation": {"angle": 0, "axis": "y", "origin": [4, 0, 9]},
			"faces": {
				"north": {"uv": [6.75, 4, 9.25, 5], "texture": "#ak_47_3"},
				"east": {"uv": [0, 4, 0, 5], "texture": "#ak_47_3"},
				"south": {"uv": [6.75, 4, 9.25, 5], "texture": "#ak_47_3"},
				"west": {"uv": [16, 4, 16, 5], "texture": "#ak_47_3"},
				"up": {"uv": [6.75, 16, 9.25, 16], "texture": "#ak_47_3"},
				"down": {"uv": [9.25, 16, 6.75, 16], "texture": "#ak_47_3"}
			}
		},
		{
			"name": "1",
			"from": [7.3925, 4.645, 17.455],
			"to": [8.6075, 5.86, 23.935],
			"rotation": {"angle": 0, "axis": "y", "origin": [4, 0, 9]},
			"faces": {
				"north": {"uv": [6.5, 7.5, 9.5, 9], "texture": "#ak_47_1"},
				"east": {"uv": [14, 7.5, 16, 9], "texture": "#ak_47_1"},
				"south": {"uv": [6.5, 7.5, 9.5, 9], "texture": "#ak_47_1"},
				"west": {"uv": [0, 7.5, 2, 9], "texture": "#ak_47_1"},
				"up": {"uv": [6.5, 0, 9.5, 2], "texture": "#ak_47_1"},
				"down": {"uv": [9.5, 2, 6.5, 0], "texture": "#ak_47_1"}
			}
		},
		{
			"name": "1",
			"from": [7.3925, 4.645, 18.8725],
			"to": [8.6075, 5.86, 24.34],
			"rotation": {"angle": 22.5, "axis": "x", "origin": [7.3925, 5.86, 18.8725]},
			"faces": {
				"north": {"uv": [6.5, 7.5, 9.5, 9], "texture": "#ak_47_1"},
				"east": {"uv": [14, 7.5, 16, 9], "texture": "#ak_47_1"},
				"south": {"uv": [6.5, 7.5, 9.5, 9], "texture": "#ak_47_1"},
				"west": {"uv": [0, 7.5, 2, 9], "texture": "#ak_47_1"},
				"up": {"uv": [6.5, 0, 9.5, 2], "texture": "#ak_47_1"},
				"down": {"uv": [9.5, 2, 6.5, 0], "texture": "#ak_47_1"}
			}
		},
		{
			"name": "1",
			"from": [7.3925, 3.78438, 20.8975],
			"to": [8.6075, 5.05, 23.935],
			"rotation": {"angle": 0, "axis": "y", "origin": [4, 0, 9]},
			"faces": {
				"north": {"uv": [6.5, 7.5, 9.5, 9], "texture": "#ak_47_1"},
				"east": {"uv": [14, 7.5, 16, 9], "texture": "#ak_47_1"},
				"south": {"uv": [6.5, 7.5, 9.5, 9], "texture": "#ak_47_1"},
				"west": {"uv": [0, 7.5, 2, 9], "texture": "#ak_47_1"},
				"up": {"uv": [6.5, 0, 9.5, 2], "texture": "#ak_47_1"},
				"down": {"uv": [9.5, 2, 6.5, 0], "texture": "#ak_47_1"}
			}
		},
		{
			"name": "3",
			"from": [7.595, 2.03781, 16.89815],
			"to": [8.405, 2.24031, 17.70815],
			"rotation": {"angle": -22.5, "axis": "x", "origin": [7.595, 2.24031, 16.89815]},
			"faces": {
				"north": {"uv": [7, 12.9375, 9, 13.4375], "texture": "#ak_47_3"},
				"east": {"uv": [0, 11, 4, 13], "texture": "#ak_47_3"},
				"south": {"uv": [7, 12.9375, 9, 13.4375], "texture": "#ak_47_3"},
				"west": {"uv": [11, 12, 16, 13], "texture": "#ak_47_3"},
				"up": {"uv": [6, 8, 9, 16], "texture": "#ak_47_3"},
				"down": {"uv": [10, 3, 7, 8], "texture": "#ak_47_3"}
			}
		},
		{
			"name": "4",
			"from": [7.69625, 0.94938, 9.68406],
			"to": [8.30375, 2.36687, 9.88656],
			"rotation": {"angle": -22.5, "axis": "x", "origin": [7.69625, 2.36687, 9.68406]},
			"faces": {
				"north": {"uv": [6.5, 8, 9, 11], "texture": "#ak_47_4"},
				"east": {"uv": [0, 8, 14, 11], "texture": "#ak_47_4"},
				"south": {"uv": [7, 8, 9.5, 11], "texture": "#ak_47_4"},
				"west": {"uv": [2, 8, 16, 11], "texture": "#ak_47_4"},
				"up": {"uv": [7, 2, 9.5, 16], "texture": "#ak_47_4"},
				"down": {"uv": [9, 16, 6.5, 2], "texture": "#ak_47_4"}
			}
		},
		{
			"name": "2",
			"from": [7.595, 5.86, 6.52],
			"to": [8.405, 6.4675, 6.7225],
			"rotation": {"angle": 0, "axis": "y", "origin": [4, 0, 9]},
			"faces": {
				"north": {"uv": [7, 6.5, 9, 7.5], "texture": "#ak_47_2"},
				"east": {"uv": [13, 6, 16, 7], "texture": "#ak_47_2"},
				"south": {"uv": [7, 6.5, 9, 7.5], "texture": "#ak_47_2"},
				"west": {"uv": [0, 6, 1, 7], "texture": "#ak_47_2"},
				"up": {"uv": [7, 0, 9, 3], "texture": "#ak_47_2"},
				"down": {"uv": [9, 0, 7, 3], "texture": "#ak_47_2"}
			}
		},
		{
			"name": "2",
			"from": [7.69625, 6.4675, 6.52],
			"to": [8.30375, 6.67, 6.7225],
			"rotation": {"angle": 0, "axis": "y", "origin": [4, 0, 9]},
			"faces": {
				"north": {"uv": [7, 6, 9, 6.5], "texture": "#ak_47_2"},
				"east": {"uv": [16, 6, 16, 6.5], "texture": "#ak_47_2"},
				"south": {"uv": [7, 6, 9, 6.5], "texture": "#ak_47_2"},
				"west": {"uv": [0, 6, 0, 6.5], "texture": "#ak_47_2"},
				"up": {"uv": [7, 0, 9, 0], "texture": "#ak_47_2"},
				"down": {"uv": [9, 0, 7, 0], "texture": "#ak_47_2"}
			}
		},
		{
			"name": "2",
			"from": [7.3925, 5.05, 6.52],
			"to": [8.6075, 5.86, 6.7225],
			"rotation": {"angle": 0, "axis": "y", "origin": [4, 0, 9]},
			"faces": {
				"north": {"uv": [6.5, 8, 9.5, 10], "texture": "#ak_47_2"},
				"east": {"uv": [15, 8, 16, 10], "texture": "#ak_47_2"},
				"south": {"uv": [6.5, 8, 9.5, 10], "texture": "#ak_47_2"},
				"west": {"uv": [0, 8, 1, 10], "texture": "#ak_47_2"},
				"up": {"uv": [6.5, 0, 9.5, 1], "texture": "#ak_47_2"},
				"down": {"uv": [9.5, 1, 6.5, 0], "texture": "#ak_47_2"}
			}
		},
		{
			"name": "2",
			"from": [7.595, 4.8475, 6.7225],
			"to": [8.405, 5.05, 6.925],
			"rotation": {"angle": 0, "axis": "y", "origin": [4, 0, 9]},
			"faces": {
				"north": {"uv": [7, 10, 9, 10.5], "texture": "#ak_47_2"},
				"east": {"uv": [8, 8, 16, 10], "texture": "#ak_47_2"},
				"south": {"uv": [7, 10, 9, 10.5], "texture": "#ak_47_2"},
				"west": {"uv": [0, 10, 4, 10], "texture": "#ak_47_2"},
				"up": {"uv": [7, 0, 10, 4], "texture": "#ak_47_2"},
				"down": {"uv": [8.62, 0, 7, 0.405], "texture": "#ak_47_2"}
			}
		},
		{
			"name": "3",
			"from": [7.67094, 4.24, 14.0125],
			"to": [8.35438, 4.4425, 14.215],
			"rotation": {"angle": 0, "axis": "y", "origin": [4, 0, 9]},
			"faces": {
				"north": {"uv": [7.125, 7.5, 8.8125, 8], "texture": "#ak_47_3"},
				"east": {"uv": [5, 7.5, 5.5, 8], "texture": "#ak_47_3"},
				"south": {"uv": [7.1875, 7.5, 8.875, 8], "texture": "#ak_47_3"},
				"west": {"uv": [10.5, 7.5, 11, 8], "texture": "#ak_47_3"},
				"up": {"uv": [7.1875, 10.5, 8.875, 11], "texture": "#ak_47_3"},
				"down": {"uv": [8.8125, 11, 7.125, 10.5], "texture": "#ak_47_3"}
			}
		},
		{
			"name": "white",
			"from": [7.49375, 6.0625, 11.1775],
			"to": [8.50625, 6.265, 13.6075],
			"rotation": {"angle": 0, "axis": "y", "origin": [4, 0, 9]},
			"faces": {
				"north": {"uv": [6.5, 8, 9, 11], "texture": "#ak_47_white"},
				"east": {"uv": [0, 8, 14, 11], "texture": "#ak_47_white"},
				"south": {"uv": [7, 8, 9.5, 11], "texture": "#ak_47_white"},
				"west": {"uv": [2, 8, 16, 11], "texture": "#ak_47_white"},
				"up": {"uv": [7, 2, 9.5, 16], "texture": "#ak_47_white"},
				"down": {"uv": [9, 16, 6.5, 2], "texture": "#ak_47_white"}
			}
		},
		{
			"name": "3",
			"from": [7.49375, 6.0625, 13.6075],
			"to": [8.50625, 6.265, 17.05],
			"rotation": {"angle": 0, "axis": "y", "origin": [4, 0, 9]},
			"faces": {
				"north": {"uv": [6.75, 3, 9.25, 3.5], "texture": "#ak_47_3"},
				"east": {"uv": [0, 3, 6.5, 3.5], "texture": "#ak_47_3"},
				"south": {"uv": [6.75, 3, 9.25, 3.5], "texture": "#ak_47_3"},
				"west": {"uv": [9.5, 3, 16, 3.5], "texture": "#ak_47_3"},
				"up": {"uv": [6.75, 9.5, 9.25, 16], "texture": "#ak_47_3"},
				"down": {"uv": [9.25, 16, 6.75, 9.5], "texture": "#ak_47_3"}
			}
		},
		{
			"name": "3",
			"from": [7.595, 6.265, 13.6075],
			"to": [8.405, 6.4675, 16.8475],
			"rotation": {"angle": 0, "axis": "y", "origin": [4, 0, 9]},
			"faces": {
				"north": {"uv": [7, 2.5, 9, 3], "texture": "#ak_47_3"},
				"east": {"uv": [0, 2.5, 6.5, 3], "texture": "#ak_47_3"},
				"south": {"uv": [7, 2.5, 9, 3], "texture": "#ak_47_3"},
				"west": {"uv": [9.5, 2.5, 16, 3], "texture": "#ak_47_3"},
				"up": {"uv": [7, 9.5, 9, 16], "texture": "#ak_47_3"},
				"down": {"uv": [9, 16, 7, 9.5], "texture": "#ak_47_3"}
			}
		},
		{
			"name": "white",
			"from": [7.595, 6.265, 11.1775],
			"to": [8.405, 6.4675, 13.6075],
			"rotation": {"angle": 0, "axis": "y", "origin": [4, 0, 9]},
			"faces": {
				"north": {"uv": [7, 6, 9, 7.5], "texture": "#ak_47_white"},
				"east": {"uv": [0, 6, 12, 7.5], "texture": "#ak_47_white"},
				"south": {"uv": [7, 6, 9, 7.5], "texture": "#ak_47_white"},
				"west": {"uv": [4, 6, 16, 7.5], "texture": "#ak_47_white"},
				"up": {"uv": [7, 4, 9, 16], "texture": "#ak_47_white"},
				"down": {"uv": [9, 16, 7, 4], "texture": "#ak_47_white"}
			}
		},
		{
			"name": "3",
			"from": [6.9875, 6.0625, 11.1775],
			"to": [7.495, 6.265, 11.30407],
			"rotation": {"angle": 0, "axis": "y", "origin": [4, 0, 9]},
			"faces": {
				"north": {"uv": [9, 3, 10.5, 3.5], "texture": "#ak_47_3"},
				"east": {"uv": [12.1875, 3, 12.5, 3.5], "texture": "#ak_47_3"},
				"south": {"uv": [5.5, 3, 7, 3.5], "texture": "#ak_47_3"},
				"west": {"uv": [3.5, 3, 3.8125, 3.5], "texture": "#ak_47_3"},
				"up": {"uv": [5.5, 3.5, 7, 3.8125], "texture": "#ak_47_3"},
				"down": {"uv": [10.5, 3.8125, 9, 3.5], "texture": "#ak_47_3"}
			}
		},
		{
			"from": [7.67121, 5.09436, -5.32685],
			"to": [8.42121, 5.34436, 1.67315],
			"rotation": {"angle": 0, "axis": "y", "origin": [6, 6, 2]},
			"faces": {
				"north": {"uv": [0, 0, 3, 1], "rotation": 180, "texture": "#0"},
				"east": {"uv": [0, 0, 1, 16], "rotation": 90, "texture": "#0"},
				"south": {"uv": [0, 0, 3, 1], "texture": "#0"},
				"west": {"uv": [0, 0, 1, 16], "rotation": 270, "texture": "#0"},
				"up": {"uv": [0, 0, 3, 16], "texture": "#0"},
				"down": {"uv": [0, 0, 3, 16], "rotation": 180, "texture": "#0"}
			}
		},
		{
			"from": [7.42121, 5.34436, -5.32685],
			"to": [8.67121, 5.59436, 1.67315],
			"rotation": {"angle": 0, "axis": "y", "origin": [6, 6, 2]},
			"faces": {
				"north": {"uv": [0, 0, 5, 1], "rotation": 180, "texture": "#0"},
				"east": {"uv": [0, 0, 1, 16], "rotation": 90, "texture": "#0"},
				"south": {"uv": [0, 0, 5, 1], "texture": "#0"},
				"west": {"uv": [0, 0, 1, 16], "rotation": 270, "texture": "#0"},
				"up": {"uv": [0, 0, 5, 16], "texture": "#0"},
				"down": {"uv": [0, 0, 5, 16], "rotation": 180, "texture": "#0"}
			}
		},
		{
			"from": [8.17121, 5.59436, -5.32685],
			"to": [8.67121, 5.84436, 1.67315],
			"rotation": {"angle": 0, "axis": "y", "origin": [6, 6, 2]},
			"faces": {
				"north": {"uv": [0, 0, 2, 1], "rotation": 180, "texture": "#0"},
				"east": {"uv": [0, 0, 1, 16], "rotation": 90, "texture": "#0"},
				"south": {"uv": [0, 0, 2, 1], "texture": "#0"},
				"west": {"uv": [0, 0, 1, 16], "rotation": 270, "texture": "#0"},
				"up": {"uv": [0, 0, 2, 16], "texture": "#0"},
				"down": {"uv": [0, 0, 2, 16], "rotation": 180, "texture": "#0"}
			}
		},
		{
			"from": [7.42121, 5.59436, -5.32685],
			"to": [7.92121, 5.84436, 1.67315],
			"rotation": {"angle": 0, "axis": "y", "origin": [6, 6, 2]},
			"faces": {
				"north": {"uv": [0, 0, 2, 1], "rotation": 180, "texture": "#0"},
				"east": {"uv": [0, 0, 1, 16], "rotation": 90, "texture": "#0"},
				"south": {"uv": [0, 0, 2, 1], "texture": "#0"},
				"west": {"uv": [0, 0, 1, 16], "rotation": 270, "texture": "#0"},
				"up": {"uv": [0, 0, 2, 16], "texture": "#0"},
				"down": {"uv": [0, 0, 2, 16], "rotation": 180, "texture": "#0"}
			}
		},
		{
			"from": [7.67121, 6.09436, -5.32685],
			"to": [8.42121, 6.34436, 1.67315],
			"rotation": {"angle": 0, "axis": "y", "origin": [6, 6, 2]},
			"faces": {
				"north": {"uv": [0, 0, 3, 1], "rotation": 180, "texture": "#0"},
				"east": {"uv": [0, 0, 1, 16], "rotation": 90, "texture": "#0"},
				"south": {"uv": [0, 0, 3, 1], "texture": "#0"},
				"west": {"uv": [0, 0, 1, 16], "rotation": 270, "texture": "#0"},
				"up": {"uv": [0, 0, 3, 16], "texture": "#0"},
				"down": {"uv": [0, 0, 3, 16], "rotation": 180, "texture": "#0"}
			}
		},
		{
			"from": [7.42121, 5.84436, -5.32685],
			"to": [8.67121, 6.09436, 1.67315],
			"rotation": {"angle": 0, "axis": "y", "origin": [6, 6, 2]},
			"faces": {
				"north": {"uv": [0, 0, 5, 1], "rotation": 180, "texture": "#0"},
				"east": {"uv": [0, 0, 1, 16], "rotation": 90, "texture": "#0"},
				"south": {"uv": [0, 0, 5, 1], "texture": "#0"},
				"west": {"uv": [0, 0, 1, 16], "rotation": 270, "texture": "#0"},
				"up": {"uv": [0, 0, 5, 16], "texture": "#0"},
				"down": {"uv": [0, 0, 5, 16], "rotation": 180, "texture": "#0"}
			}
		}
	],
	"gui_light": "front",
	"display": {
		"thirdperson_righthand": {
			"translation": [0, 3.5, -4.75],
			"scale": [0.8, 0.8, 0.8]
		},
		"thirdperson_lefthand": {
			"translation": [0, 3.75, -5.25],
			"scale": [0.8, 0.8, 0.8]
		},
		"firstperson_righthand": {
			"rotation": [3.5, 0, 0],
			"translation": [-8.5, 8.5, 3.5]
		},
		"firstperson_lefthand": {
			"rotation": [5, 0, 0],
			"translation": [-9, 8.25, 0]
		},
		"ground": {
			"translation": [0, 3.75, 0]
		},
		"gui": {
			"rotation": [67.25, -47, 25],
			"translation": [0.25, 2, 0],
			"scale": [0.6, 0.6, 0.6]
		},
		"head": {
			"rotation": [45, 90, 0],
			"translation": [0, -10, 2.5]
		},
		"fixed": {
			"rotation": [0, 90, 0],
			"translation": [0, 1.75, -0.5],
			"scale": [0.6, 0.6, 0.6]
		}
	},
	"groups": [
		0,
		1,
		2,
		3,
		4,
		5,
		6,
		7,
		8,
		9,
		10,
		11,
		12,
		13,
		14,
		15,
		16,
		17,
		18,
		19,
		20,
		21,
		22,
		23,
		24,
		25,
		26,
		27,
		28,
		29,
		30,
		31,
		32,
		33,
		34,
		35,
		36,
		37,
		38,
		39,
		40,
		41,
		42,
		43,
		44,
		45,
		46,
		47,
		48,
		49,
		50,
		51,
		52,
		53,
		54,
		55,
		56,
		57,
		58,
		59,
		60,
		61,
		62,
		63,
		64,
		65,
		66,
		{
			"name": "suppressor",
			"origin": [8, 8, 8],
			"color": 0,
			"children": [67, 68, 69, 70, 71, 72]
		}
	]
}