{
	"format_version": "1.21.11",
	"credit": "Made with Blockbench",
	"textures": {
		"ar_15_1": "3d/ar_15_1",
		"ar_15_2": "3d/ar_15_2",
		"ar_15_3": "3d/ar_15_3",
		"ar_15_4": "3d/ar_15_4"
	},
	"elements": [
		{
			"name": "1",
			"from": [7.64, 4.6, 4.96],
			"to": [8.36, 5.32, 9.28],
			"rotation": {"angle": 0, "axis": "y", "origin": [4, 0, 6]},
			"faces": {
				"north": {"uv": [7, 7, 9, 9], "texture": "#ar_15_1"},
				"east": {"uv": [10, 7, 16, 9], "texture": "#ar_15_1"},
				"south": {"uv": [7, 7, 9, 9], "texture": "#ar_15_1"},
				"west": {"uv": [0, 7, 6, 9], "texture": "#ar_15_1"},
				"up": {"uv": [7, 0, 9, 6], "texture": "#ar_15_1"},
				"down": {"uv": [9, 6, 7, 0], "texture": "#ar_15_1"}
			}
		},
		{
			"name": "1",
			"from": [8.36, 4.6, 4.96],
			"to": [8.9, 5.32, 9.28],
			"rotation": {"angle": 0, "axis": "y", "origin": [4, 0, 6]},
			"faces": {
				"north": {"uv": [5.5, 7, 7, 9], "texture": "#ar_15_1"},
				"east": {"uv": [10, 7, 16, 9], "texture": "#ar_15_1"},
				"south": {"uv": [9, 7, 10.5, 9], "texture": "#ar_15_1"},
				"west": {"uv": [0, 7, 6, 9], "texture": "#ar_15_1"},
				"up": {"uv": [9, 0, 10.5, 6], "texture": "#ar_15_1"},
				"down": {"uv": [7, 6, 5.5, 0], "texture": "#ar_15_1"}
			}
		},
		{
			"name": "1",
			"from": [7.1, 4.6, 4.96],
			"to": [7.64, 5.32, 9.28],
			"rotation": {"angle": 0, "axis": "y", "origin": [4, 0, 6]},
			"faces": {
				"north": {"uv": [9, 7, 10.5, 9], "texture": "#ar_15_1"},
				"east": {"uv": [10, 7, 16, 9], "texture": "#ar_15_1"},
				"south": {"uv": [5.5, 7, 7, 9], "texture": "#ar_15_1"},
				"west": {"uv": [0, 7, 6, 9], "texture": "#ar_15_1"},
				"up": {"uv": [5.5, 0, 7, 6], "texture": "#ar_15_1"},
				"down": {"uv": [10.5, 6, 9, 0], "texture": "#ar_15_1"}
			}
		},
		{
			"name": "1",
			"from": [7.64, 5.14, 4.96],
			"to": [8.36, 5.68, 9.28],
			"rotation": {"angle": 0, "axis": "y", "origin": [4, 0, 6]},
			"faces": {
				"north": {"uv": [7, 5.5, 9, 7], "texture": "#ar_15_1"},
				"east": {"uv": [10, 5.5, 16, 7], "texture": "#ar_15_1"},
				"south": {"uv": [7, 5.5, 9, 7], "texture": "#ar_15_1"},
				"west": {"uv": [0, 5.5, 6, 7], "texture": "#ar_15_1"},
				"up": {"uv": [7, 0, 9, 6], "texture": "#ar_15_1"},
				"down": {"uv": [9, 6, 7, 0], "texture": "#ar_15_1"}
			}
		},
		{
			"name": "1",
			"from": [7.64, 4.06, 4.96],
			"to": [8.36, 4.6, 9.28],
			"rotation": {"angle": 0, "axis": "y", "origin": [4, 0, 6]},
			"faces": {
				"north": {"uv": [7, 9, 9, 10.5], "texture": "#ar_15_1"},
				"east": {"uv": [10, 9, 16, 10.5], "texture": "#ar_15_1"},
				"south": {"uv": [7, 9, 9, 10.5], "texture": "#ar_15_1"},
				"west": {"uv": [0, 9, 6, 10.5], "texture": "#ar_15_1"},
				"up": {"uv": [7, 0, 9, 6], "texture": "#ar_15_1"},
				"down": {"uv": [9, 6, 7, 0], "texture": "#ar_15_1"}
			}
		},
		{
			"name": "1",
			"from": [7.64, 5.1625, 4.96],
			"to": [8.18, 5.68, 9.28],
			"rotation": {"angle": -45, "axis": "z", "origin": [7.64, 5.68, 4.96]},
			"faces": {
				"north": {"uv": [12, 8.5, 13, 10.5], "texture": "#ar_15_1"},
				"east": {"uv": [10, 8.5, 16, 10.5], "texture": "#ar_15_1"},
				"south": {"uv": [3, 8.5, 4, 10.5], "texture": "#ar_15_1"},
				"west": {"uv": [0, 8.5, 6, 10.5], "texture": "#ar_15_1"},
				"up": {"uv": [3, 0, 4, 6], "texture": "#ar_15_1"},
				"down": {"uv": [13, 6, 12, 0], "texture": "#ar_15_1"}
			}
		},
		{
			"name": "1",
			"from": [8.36, 5.185, 4.96],
			"to": [8.8775, 5.68, 9.28],
			"rotation": {"angle": -45, "axis": "z", "origin": [8.36, 5.68, 4.96]},
			"faces": {
				"north": {"uv": [12, 8.5, 13, 10.5], "texture": "#ar_15_1"},
				"east": {"uv": [10, 8.5, 16, 10.5], "texture": "#ar_15_1"},
				"south": {"uv": [3, 8.5, 4, 10.5], "texture": "#ar_15_1"},
				"west": {"uv": [0, 8.5, 6, 10.5], "texture": "#ar_15_1"},
				"up": {"uv": [3, 0, 4, 6], "texture": "#ar_15_1"},
				"down": {"uv": [13, 6, 12, 0], "texture": "#ar_15_1"}
			}
		},
		{
			"name": "1",
			"from": [7.28, 4.0825, 4.96],
			"to": [7.82, 4.6, 9.28],
			"rotation": {"angle": 45, "axis": "z", "origin": [7.28, 4.6, 4.96]},
			"faces": {
				"north": {"uv": [12, 8.5, 13, 10.5], "texture": "#ar_15_1"},
				"east": {"uv": [10, 8.5, 16, 10.5], "texture": "#ar_15_1"},
				"south": {"uv": [3, 8.5, 4, 10.5], "texture": "#ar_15_1"},
				"west": {"uv": [0, 8.5, 6, 10.5], "texture": "#ar_15_1"},
				"up": {"uv": [3, 0, 4, 6], "texture": "#ar_15_1"},
				"down": {"uv": [13, 6, 12, 0], "texture": "#ar_15_1"}
			}
		},
		{
			"name": "1",
			"from": [8.0225, 4.105, 4.96],
			"to": [8.5175, 4.6, 9.28],
			"rotation": {"angle": 45, "axis": "z", "origin": [8.0225, 4.6, 4.96]},
			"faces": {
				"north": {"uv": [12, 8.5, 13, 10.5], "texture": "#ar_15_1"},
				"east": {"uv": [10, 8.5, 16, 10.5], "texture": "#ar_15_1"},
				"south": {"uv": [3, 8.5, 4, 10.5], "texture": "#ar_15_1"},
				"west": {"uv": [0, 8.5, 6, 10.5], "texture": "#ar_15_1"},
				"up": {"uv": [3, 0, 4, 6], "texture": "#ar_15_1"},
				"down": {"uv": [13, 6, 12, 0], "texture": "#ar_15_1"}
			}
		},
		{
			"name": "1",
			"from": [7.46, 4.42, 9.28],
			"to": [8.54, 5.5, 9.64],
			"rotation": {"angle": 0, "axis": "y", "origin": [4, 0, 6]},
			"faces": {
				"north": {"uv": [6.5, 6.5, 9.5, 9.5], "texture": "#ar_15_1"},
				"east": {"uv": [9, 6.5, 10, 9.5], "texture": "#ar_15_1"},
				"south": {"uv": [6.5, 6.5, 9.5, 9.5], "texture": "#ar_15_1"},
				"west": {"uv": [6, 6.5, 7, 9.5], "texture": "#ar_15_1"},
				"up": {"uv": [6.5, 6, 9.5, 7], "texture": "#ar_15_1"},
				"down": {"uv": [9.5, 7, 6.5, 6], "texture": "#ar_15_1"}
			}
		},
		{
			"name": "1",
			"from": [7.28, 4.6, 9.28],
			"to": [8.72, 5.32, 9.64],
			"rotation": {"angle": 0, "axis": "y", "origin": [4, 0, 6]},
			"faces": {
				"north": {"uv": [6, 7, 10, 9], "texture": "#ar_15_1"},
				"east": {"uv": [9, 7, 10, 9], "texture": "#ar_15_1"},
				"south": {"uv": [6, 7, 10, 9], "texture": "#ar_15_1"},
				"west": {"uv": [6, 7, 7, 9], "texture": "#ar_15_1"},
				"up": {"uv": [6, 6, 10, 7], "texture": "#ar_15_1"},
				"down": {"uv": [10, 7, 6, 6], "texture": "#ar_15_1"}
			}
		},
		{
			"name": "1",
			"from": [7.46, 4.24, 9.28],
			"to": [8.54, 5.68, 9.64],
			"rotation": {"angle": 0, "axis": "y", "origin": [4, 0, 6]},
			"faces": {
				"north": {"uv": [6.5, 6, 9.5, 10], "texture": "#ar_15_1"},
				"east": {"uv": [9, 6, 10, 10], "texture": "#ar_15_1"},
				"south": {"uv": [6.5, 6, 9.5, 10], "texture": "#ar_15_1"},
				"west": {"uv": [6, 6, 7, 10], "texture": "#ar_15_1"},
				"up": {"uv": [6.5, 6, 9.5, 7], "texture": "#ar_15_1"},
				"down": {"uv": [9.5, 7, 6.5, 6], "texture": "#ar_15_1"}
			}
		},
		{
			"name": "1",
			"from": [7.64, 4.96, 4.96],
			"to": [8.18, 5.68, 9.28],
			"rotation": {"angle": 0, "axis": "y", "origin": [4, 0, 6]},
			"faces": {
				"north": {"uv": [9, 7, 10.5, 9], "texture": "#ar_15_1"},
				"east": {"uv": [10, 7, 16, 9], "texture": "#ar_15_1"},
				"south": {"uv": [5.5, 7, 7, 9], "texture": "#ar_15_1"},
				"west": {"uv": [0, 7, 6, 9], "texture": "#ar_15_1"},
				"up": {"uv": [5.5, 0, 7, 6], "texture": "#ar_15_1"},
				"down": {"uv": [10.5, 6, 9, 0], "texture": "#ar_15_1"}
			}
		},
		{
			"name": "2",
			"from": [7.7175, 4.665, -0.08],
			"to": [8.295, 5.255, 4.96],
			"rotation": {"angle": 0, "axis": "y", "origin": [4, 0, 6]},
			"faces": {
				"north": {"uv": [7.25, 7.25, 8.75, 8.75], "texture": "#ar_15_2"},
				"east": {"uv": [8, 7, 16, 9], "texture": "#ar_15_2"},
				"south": {"uv": [7.25, 7.25, 8.75, 8.75], "texture": "#ar_15_2"},
				"west": {"uv": [0, 8, 11, 9], "texture": "#ar_15_2"},
				"up": {"uv": [7, 0, 9, 7], "texture": "#ar_15_2"},
				"down": {"uv": [8, 0, 7, 8], "texture": "#ar_15_2"}
			}
		},
		{
			"name": "2",
			"from": [7.64, 5.31111, -4.8],
			"to": [8.36, 5.49778, 1.42],
			"rotation": {"angle": 0, "axis": "y", "origin": [4, 0, 6]},
			"faces": {
				"north": {"uv": [7, 7, 9, 9], "texture": "#ar_15_2"},
				"east": {"uv": [12, 7, 16, 9], "texture": "#ar_15_2"},
				"south": {"uv": [7, 7, 9, 9], "texture": "#ar_15_2"},
				"west": {"uv": [0, 7, 4, 9], "texture": "#ar_15_2"},
				"up": {"uv": [7, 0, 9, 3], "texture": "#ar_15_2"},
				"down": {"uv": [9, 0, 7, 4], "texture": "#ar_15_2"}
			}
		},
		{
			"name": "3",
			"from": [7.64, 4.42222, -4.8],
			"to": [8.36, 4.60889, 1.42],
			"rotation": {"angle": 0, "axis": "y", "origin": [4, 0, 6]},
			"faces": {
				"north": {"uv": [7, 7, 9, 9], "texture": "#ar_15_2"},
				"east": {"uv": [12, 7, 16, 9], "texture": "#ar_15_2"},
				"south": {"uv": [7, 7, 9, 9], "texture": "#ar_15_2"},
				"west": {"uv": [0, 7, 4, 9], "texture": "#ar_15_2"},
				"up": {"uv": [7, 0, 9, 3], "texture": "#ar_15_2"},
				"down": {"uv": [9, 0, 7, 4], "texture": "#ar_15_2"}
			}
		},
		{
			"name": "3",
			"from": [7.46222, 4.6, -4.8],
			"to": [8.53778, 5.32, 1.42],
			"rotation": {"angle": 0, "axis": "y", "origin": [4, 0, 6]},
			"faces": {
				"north": {"uv": [7, 7, 9, 9], "texture": "#ar_15_2"},
				"east": {"uv": [12, 7, 16, 9], "texture": "#ar_15_2"},
				"south": {"uv": [7, 7, 9, 9], "texture": "#ar_15_2"},
				"west": {"uv": [0, 7, 4, 9], "texture": "#ar_15_2"},
				"up": {"uv": [7, 0, 9, 3], "texture": "#ar_15_2"},
				"down": {"uv": [9, 0, 7, 4], "texture": "#ar_15_2"}
			}
		},
		{
			"name": "2",
			"from": [7.82, 5.14, 3.88],
			"to": [8.18, 5.5, 4.825],
			"rotation": {"angle": 0, "axis": "y", "origin": [4, 0, 6]},
			"faces": {
				"north": {"uv": [7.5, 6.5, 8.5, 7.5], "texture": "#ar_15_2"},
				"east": {"uv": [9, 4, 16, 5], "texture": "#ar_15_2"},
				"south": {"uv": [7.5, 6.5, 8.5, 7.5], "texture": "#ar_15_2"},
				"west": {"uv": [0, 4, 9, 6], "texture": "#ar_15_2"},
				"up": {"uv": [8, 0, 9, 6], "texture": "#ar_15_2"},
				"down": {"uv": [8, 0, 9, 7], "texture": "#ar_15_2"}
			}
		},
		{
			"name": "2",
			"from": [7.82, 5.5, 3.88],
			"to": [8.18, 6.22, 4.06],
			"rotation": {"angle": 0, "axis": "y", "origin": [4, 0, 6]},
			"faces": {
				"north": {"uv": [7.5, 4.5, 8.5, 6.5], "texture": "#ar_15_2"},
				"east": {"uv": [9, 4, 16, 5], "texture": "#ar_15_2"},
				"south": {"uv": [7.5, 4.5, 8.5, 6.5], "texture": "#ar_15_2"},
				"west": {"uv": [0, 4, 9, 6], "texture": "#ar_15_2"},
				"up": {"uv": [8, 0, 9, 6], "texture": "#ar_15_2"},
				"down": {"uv": [8, 0, 9, 7], "texture": "#ar_15_2"}
			}
		},
		{
			"name": "2",
			"from": [7.82, 5.2525, 4.2625],
			"to": [8.18, 6.3325, 4.4425],
			"rotation": {"angle": -22.5, "axis": "x", "origin": [7.82, 6.3325, 4.2625]},
			"faces": {
				"north": {"uv": [7.5, 4, 8.5, 6.5], "texture": "#ar_15_2"},
				"east": {"uv": [9, 4, 16, 5], "texture": "#ar_15_2"},
				"south": {"uv": [7.5, 4, 8.5, 6.5], "texture": "#ar_15_2"},
				"west": {"uv": [0, 4, 9, 6], "texture": "#ar_15_2"},
				"up": {"uv": [8, 0, 9, 6], "texture": "#ar_15_2"},
				"down": {"uv": [8, 0, 9, 7], "texture": "#ar_15_2"}
			}
		},
		{
			"name": "2",
			"from": [7.8075, 6.04, 3.88],
			"to": [8.1925, 6.4, 4.42],
			"rotation": {"angle": 0, "axis": "y", "origin": [4, 0, 6]},
			"faces": {
				"north": {"uv": [7.5, 4, 8.5, 5], "texture": "#ar_15_2"},
				"east": {"uv": [9, 4, 16, 5], "texture": "#ar_15_2"},
				"south": {"uv": [7.5, 4, 8.5, 5], "texture": "#ar_15_2"},
				"west": {"uv": [0, 4, 9, 6], "texture": "#ar_15_2"},
				"up": {"uv": [8, 0, 9, 6], "texture": "#ar_15_2"},
				"down": {"uv": [8, 0, 9, 7], "texture": "#ar_15_2"}
			}
		},
		{
			"name": "2",
			"from": [7.82, 6.4, 3.88],
			"to": [7.9325, 6.58, 4.42],
			"rotation": {"angle": 0, "axis": "y", "origin": [4, 0, 6]},
			"faces": {
				"north": {"uv": [8.1875, 3.5, 8.5, 4], "texture": "#ar_15_2"},
				"east": {"uv": [9, 4, 16, 5], "texture": "#ar_15_2"},
				"south": {"uv": [7.5, 3.5, 7.8125, 4], "texture": "#ar_15_2"},
				"west": {"uv": [0, 4, 9, 6], "texture": "#ar_15_2"},
				"up": {"uv": [8, 0, 9, 6], "texture": "#ar_15_2"},
				"down": {"uv": [8, 0, 9, 7], "texture": "#ar_15_2"}
			}
		},
		{
			"name": "2",
			"from": [8.0675, 6.4, 3.88],
			"to": [8.18, 6.58, 4.42],
			"rotation": {"angle": 0, "axis": "y", "origin": [4, 0, 6]},
			"faces": {
				"north": {"uv": [7.5, 3.5, 7.8125, 4], "texture": "#ar_15_2"},
				"east": {"uv": [9, 4, 16, 5], "texture": "#ar_15_2"},
				"south": {"uv": [8.1875, 3.5, 8.5, 4], "texture": "#ar_15_2"},
				"west": {"uv": [0, 4, 9, 6], "texture": "#ar_15_2"},
				"up": {"uv": [8, 0, 9, 6], "texture": "#ar_15_2"},
				"down": {"uv": [8, 0, 9, 7], "texture": "#ar_15_2"}
			}
		},
		{
			"name": "2",
			"from": [7.64, 4.6, 4.24],
			"to": [7.82, 5.23, 4.6],
			"rotation": {"angle": 0, "axis": "y", "origin": [4, 0, 6]},
			"faces": {
				"north": {"uv": [8.5, 7.25, 9, 9], "texture": "#ar_15_2"},
				"east": {"uv": [16, 7.25, 16, 9], "texture": "#ar_15_2"},
				"south": {"uv": [7, 7.25, 7.5, 9], "texture": "#ar_15_2"},
				"west": {"uv": [0, 7.25, 0, 9], "texture": "#ar_15_2"},
				"up": {"uv": [7, 0, 7.5, 0], "texture": "#ar_15_2"},
				"down": {"uv": [9, 0, 8.5, 0], "texture": "#ar_15_2"}
			}
		},
		{
			"name": "2",
			"from": [7.91, 4.42, 3.7],
			"to": [8.09, 4.78, 4.06],
			"rotation": {"angle": 0, "axis": "y", "origin": [4, 0, 6]},
			"faces": {
				"north": {"uv": [7.75, 8.5, 8.25, 9.5], "texture": "#ar_15_2"},
				"east": {"uv": [16, 8.5, 16, 9.5], "texture": "#ar_15_2"},
				"south": {"uv": [7.75, 8.5, 8.25, 9.5], "texture": "#ar_15_2"},
				"west": {"uv": [0, 8.5, 0, 9.5], "texture": "#ar_15_2"},
				"up": {"uv": [7.75, 0, 8.25, 0], "texture": "#ar_15_2"},
				"down": {"uv": [8.25, 0, 7.75, 0], "texture": "#ar_15_2"}
			}
		},
		{
			"name": "3",
			"from": [7.46, 4.6, 9.82],
			"to": [8.54, 5.32, 15.76],
			"rotation": {"angle": 0, "axis": "y", "origin": [4, 0, 6]},
			"faces": {
				"north": {"uv": [6.5, 7, 9.5, 9], "texture": "#ar_15_3"},
				"east": {"uv": [0, 7, 8.5, 9], "texture": "#ar_15_3"},
				"south": {"uv": [6.5, 7, 9.5, 9], "texture": "#ar_15_3"},
				"west": {"uv": [7.5, 7, 16, 9], "texture": "#ar_15_3"},
				"up": {"uv": [6.5, 7.5, 9.5, 16], "texture": "#ar_15_3"},
				"down": {"uv": [9.5, 16, 6.5, 7.5], "texture": "#ar_15_3"}
			}
		},
		{
			"name": "1",
			"from": [7.64, 4.42, 9.64],
			"to": [8.36, 5.5, 9.8425],
			"rotation": {"angle": 0, "axis": "y", "origin": [4, 0, 6]},
			"faces": {
				"north": {"uv": [7, 6.5, 9, 9.5], "texture": "#ar_15_1"},
				"east": {"uv": [8.4375, 6.5, 9, 9.5], "texture": "#ar_15_1"},
				"south": {"uv": [7, 6.5, 9, 9.5], "texture": "#ar_15_1"},
				"west": {"uv": [7, 6.5, 7.5625, 9.5], "texture": "#ar_15_1"},
				"up": {"uv": [7, 7, 9, 7.5625], "texture": "#ar_15_1"},
				"down": {"uv": [9, 7.5625, 7, 7], "texture": "#ar_15_1"}
			}
		},
		{
			"name": "3",
			"from": [7.64, 4.42, 9.82],
			"to": [8.36, 5.86, 15.76],
			"rotation": {"angle": 0, "axis": "y", "origin": [4, 0, 6]},
			"faces": {
				"north": {"uv": [7, 5.5, 9, 9.5], "texture": "#ar_15_3"},
				"east": {"uv": [0, 5.5, 8.5, 9.5], "texture": "#ar_15_3"},
				"south": {"uv": [7, 5.5, 9, 9.5], "texture": "#ar_15_3"},
				"west": {"uv": [7.5, 5.5, 16, 9.5], "texture": "#ar_15_3"},
				"up": {"uv": [7, 7.5, 9, 16], "texture": "#ar_15_3"},
				"down": {"uv": [9, 16, 7, 7.5], "texture": "#ar_15_3"}
			}
		},
		{
			"name": "1",
			"from": [7.46, 4.6, 9.64],
			"to": [8.54, 5.32, 9.8425],
			"rotation": {"angle": 0, "axis": "y", "origin": [4, 0, 6]},
			"faces": {
				"north": {"uv": [6.5, 7, 9.5, 9], "texture": "#ar_15_1"},
				"east": {"uv": [8.4375, 7, 9, 9], "texture": "#ar_15_1"},
				"south": {"uv": [6.5, 7, 9.5, 9], "texture": "#ar_15_1"},
				"west": {"uv": [7, 7, 7.5625, 9], "texture": "#ar_15_1"},
				"up": {"uv": [6.5, 7, 9.5, 7.5625], "texture": "#ar_15_1"},
				"down": {"uv": [9.5, 7.5625, 6.5, 7], "texture": "#ar_15_1"}
			}
		},
		{
			"name": "3",
			"from": [7.46, 5.86, 9.82],
			"to": [8.54, 6.04, 14.68],
			"rotation": {"angle": 0, "axis": "y", "origin": [4, 0, 6]},
			"faces": {
				"north": {"uv": [6.5, 5, 9.5, 5.5], "texture": "#ar_15_3"},
				"east": {"uv": [0, 5, 8.5, 5.5], "texture": "#ar_15_3"},
				"south": {"uv": [6.5, 5, 9.5, 5.5], "texture": "#ar_15_3"},
				"west": {"uv": [7.5, 5, 16, 5.5], "texture": "#ar_15_3"},
				"up": {"uv": [6.5, 7.5, 9.5, 16], "texture": "#ar_15_3"},
				"down": {"uv": [9.5, 16, 6.5, 7.5], "texture": "#ar_15_3"}
			}
		},
		{
			"name": "3",
			"from": [7.64, 6.04, 9.82],
			"to": [8.36, 6.58, 10.18],
			"rotation": {"angle": 0, "axis": "y", "origin": [4, 0, 6]},
			"faces": {
				"north": {"uv": [7, 3.5, 9, 5], "texture": "#ar_15_3"},
				"east": {"uv": [7.5, 3.5, 8.5, 5], "texture": "#ar_15_3"},
				"south": {"uv": [7, 3.5, 9, 5], "texture": "#ar_15_3"},
				"west": {"uv": [7.5, 3.5, 8.5, 5], "texture": "#ar_15_3"},
				"up": {"uv": [7, 7.5, 9, 8.5], "texture": "#ar_15_3"},
				"down": {"uv": [9, 8.5, 7, 7.5], "texture": "#ar_15_3"}
			}
		},
		{
			"name": "3",
			"from": [7.64, 6.4, 10.18],
			"to": [8.36, 6.94, 10.36],
			"rotation": {"angle": 45, "axis": "x", "origin": [7.64, 6.94, 10.18]},
			"faces": {
				"north": {"uv": [7, 3, 9, 4.5], "texture": "#ar_15_3"},
				"east": {"uv": [6.5, 3, 7.5, 4.5], "texture": "#ar_15_3"},
				"south": {"uv": [7, 3, 9, 4.5], "texture": "#ar_15_3"},
				"west": {"uv": [8.5, 3, 9.5, 4.5], "texture": "#ar_15_3"},
				"up": {"uv": [7, 8.5, 9, 9.5], "texture": "#ar_15_3"},
				"down": {"uv": [9, 9.5, 7, 8.5], "texture": "#ar_15_3"}
			}
		},
		{
			"name": "3",
			"from": [7.64, 6.535, 10],
			"to": [8.36, 6.715, 10.18],
			"rotation": {"angle": 0, "axis": "y", "origin": [4, 0, 6]},
			"faces": {
				"north": {"uv": [7, 3.125, 9, 3.625], "texture": "#ar_15_3"},
				"east": {"uv": [7.5, 3.125, 8, 3.625], "texture": "#ar_15_3"},
				"south": {"uv": [7, 3.125, 9, 3.625], "texture": "#ar_15_3"},
				"west": {"uv": [8, 3.125, 8.5, 3.625], "texture": "#ar_15_3"},
				"up": {"uv": [7, 8, 9, 8.5], "texture": "#ar_15_3"},
				"down": {"uv": [9, 8.5, 7, 8], "texture": "#ar_15_3"}
			}
		},
		{
			"name": "3",
			"from": [7.64, 6.58, 13.24],
			"to": [8.36, 6.76, 14.68],
			"rotation": {"angle": 0, "axis": "y", "origin": [4, 0, 6]},
			"faces": {
				"north": {"uv": [7, 3, 9, 4.5], "texture": "#ar_15_3"},
				"east": {"uv": [6.5, 3, 7.5, 4.5], "texture": "#ar_15_3"},
				"south": {"uv": [7, 3, 9, 4.5], "texture": "#ar_15_3"},
				"west": {"uv": [8.5, 3, 9.5, 4.5], "texture": "#ar_15_3"},
				"up": {"uv": [7, 8.5, 9, 9.5], "texture": "#ar_15_3"},
				"down": {"uv": [9, 9.5, 7, 8.5], "texture": "#ar_15_3"}
			}
		},
		{
			"name": "3",
			"from": [7.64, 6.76, 10.18],
			"to": [8.36, 6.94, 14.32],
			"rotation": {"angle": 0, "axis": "y", "origin": [4, 0, 6]},
			"faces": {
				"north": {"uv": [7, 3, 9, 4.5], "texture": "#ar_15_3"},
				"east": {"uv": [6.5, 3, 7.5, 4.5], "texture": "#ar_15_3"},
				"south": {"uv": [7, 3, 9, 4.5], "texture": "#ar_15_3"},
				"west": {"uv": [8.5, 3, 9.5, 4.5], "texture": "#ar_15_3"},
				"up": {"uv": [7, 8.5, 9, 9.5], "texture": "#ar_15_3"},
				"down": {"uv": [9, 9.5, 7, 8.5], "texture": "#ar_15_3"}
			}
		},
		{
			"name": "3",
			"from": [7.64, 6.94, 11.44],
			"to": [8.36, 7.12, 14.32],
			"rotation": {"angle": 0, "axis": "y", "origin": [4, 0, 6]},
			"faces": {
				"north": {"uv": [7, 3, 9, 4.5], "texture": "#ar_15_3"},
				"east": {"uv": [6.5, 3, 7.5, 4.5], "texture": "#ar_15_3"},
				"south": {"uv": [7, 3, 9, 4.5], "texture": "#ar_15_3"},
				"west": {"uv": [8.5, 3, 9.5, 4.5], "texture": "#ar_15_3"},
				"up": {"uv": [7, 8.5, 9, 9.5], "texture": "#ar_15_3"},
				"down": {"uv": [9, 9.5, 7, 8.5], "texture": "#ar_15_3"}
			}
		},
		{
			"name": "3",
			"from": [7.64, 7.12, 12.88],
			"to": [8.36, 7.3, 14.14],
			"rotation": {"angle": 0, "axis": "y", "origin": [4, 0, 6]},
			"faces": {
				"north": {"uv": [7, 3, 9, 4.5], "texture": "#ar_15_3"},
				"east": {"uv": [6.5, 3, 7.5, 4.5], "texture": "#ar_15_3"},
				"south": {"uv": [7, 3, 9, 4.5], "texture": "#ar_15_3"},
				"west": {"uv": [8.5, 3, 9.5, 4.5], "texture": "#ar_15_3"},
				"up": {"uv": [7, 8.5, 9, 9.5], "texture": "#ar_15_3"},
				"down": {"uv": [9, 9.5, 7, 8.5], "texture": "#ar_15_3"}
			}
		},
		{
			"name": "3",
			"from": [7.64, 5.545, 14.3425],
			"to": [8.36, 6.625, 14.7025],
			"rotation": {"angle": -22.5, "axis": "x", "origin": [7.64, 6.625, 14.3425]},
			"faces": {
				"north": {"uv": [7, 3, 9, 4.5], "texture": "#ar_15_3"},
				"east": {"uv": [6.5, 3, 7.5, 4.5], "texture": "#ar_15_3"},
				"south": {"uv": [7, 3, 9, 4.5], "texture": "#ar_15_3"},
				"west": {"uv": [8.5, 3, 9.5, 4.5], "texture": "#ar_15_3"},
				"up": {"uv": [7, 8.5, 9, 9.5], "texture": "#ar_15_3"},
				"down": {"uv": [9, 9.5, 7, 8.5], "texture": "#ar_15_3"}
			}
		},
		{
			"name": "3",
			"from": [7.28, 5.7475, 10.135],
			"to": [7.46, 5.9275, 10.315],
			"rotation": {"angle": -45, "axis": "x", "origin": [7.28, 5.9275, 10.135]},
			"faces": {
				"north": {"uv": [6.5, 2, 9.5, 3], "texture": "#ar_15_3"},
				"east": {"uv": [11, 2, 12, 3], "texture": "#ar_15_3"},
				"south": {"uv": [6.5, 2, 9.5, 3], "texture": "#ar_15_3"},
				"west": {"uv": [4, 2, 5, 3], "texture": "#ar_15_3"},
				"up": {"uv": [6.5, 4, 9.5, 5], "texture": "#ar_15_3"},
				"down": {"uv": [9.5, 5, 6.5, 4], "texture": "#ar_15_3"}
			}
		},
		{
			"name": "3",
			"from": [7.28, 5.7475, 12.9925],
			"to": [7.46, 5.9275, 13.1725],
			"rotation": {"angle": -45, "axis": "x", "origin": [7.28, 5.9275, 12.9925]},
			"faces": {
				"north": {"uv": [6.5, 2, 9.5, 3], "texture": "#ar_15_3"},
				"east": {"uv": [11, 2, 12, 3], "texture": "#ar_15_3"},
				"south": {"uv": [6.5, 2, 9.5, 3], "texture": "#ar_15_3"},
				"west": {"uv": [4, 2, 5, 3], "texture": "#ar_15_3"},
				"up": {"uv": [6.5, 4, 9.5, 5], "texture": "#ar_15_3"},
				"down": {"uv": [9.5, 5, 6.5, 4], "texture": "#ar_15_3"}
			}
		},
		{
			"name": "3",
			"from": [7.55, 5.32, 10.54],
			"to": [7.73, 5.68, 11.08],
			"rotation": {"angle": 0, "axis": "y", "origin": [4, 0, 6]},
			"faces": {
				"north": {"uv": [8.75, 6, 9.25, 7], "texture": "#ar_15_3"},
				"east": {"uv": [5, 6, 6.5, 7], "texture": "#ar_15_3"},
				"south": {"uv": [6.75, 6, 7.25, 7], "texture": "#ar_15_3"},
				"west": {"uv": [9.5, 6, 11, 7], "texture": "#ar_15_3"},
				"up": {"uv": [6.75, 9.5, 7.25, 11], "texture": "#ar_15_3"},
				"down": {"uv": [9.25, 11, 8.75, 9.5], "texture": "#ar_15_3"}
			}
		},
		{
			"name": "3",
			"from": [7.64, 3.88, 9.82],
			"to": [8.36, 4.24, 10.18],
			"rotation": {"angle": 0, "axis": "y", "origin": [4, 0, 6]},
			"faces": {
				"north": {"uv": [7, 10, 9, 11], "texture": "#ar_15_3"},
				"east": {"uv": [7.5, 10, 8.5, 11], "texture": "#ar_15_3"},
				"south": {"uv": [7, 10, 9, 11], "texture": "#ar_15_3"},
				"west": {"uv": [7.5, 10, 8.5, 11], "texture": "#ar_15_3"},
				"up": {"uv": [7, 7.5, 9, 8.5], "texture": "#ar_15_3"},
				"down": {"uv": [9, 8.5, 7, 7.5], "texture": "#ar_15_3"}
			}
		},
		{
			"name": "3",
			"from": [7.64, 3.52, 9.82],
			"to": [8.36, 3.88, 10.18],
			"rotation": {"angle": -45, "axis": "x", "origin": [7.64, 3.88, 9.82]},
			"faces": {
				"north": {"uv": [7, 11, 9, 12.5], "texture": "#ar_15_3"},
				"east": {"uv": [7, 11, 8, 12.5], "texture": "#ar_15_3"},
				"south": {"uv": [7, 11, 9, 12.5], "texture": "#ar_15_3"},
				"west": {"uv": [8, 11, 9, 12.5], "texture": "#ar_15_3"},
				"up": {"uv": [7, 8, 9, 9], "texture": "#ar_15_3"},
				"down": {"uv": [9, 9, 7, 8], "texture": "#ar_15_3"}
			}
		},
		{
			"name": "3",
			"from": [7.55, 3.34, 10],
			"to": [8.45, 4.6, 11.8],
			"rotation": {"angle": 0, "axis": "y", "origin": [4, 0, 6]},
			"faces": {
				"north": {"uv": [6.75, 9, 9.25, 12.5], "texture": "#ar_15_3"},
				"east": {"uv": [3, 9, 8, 12.5], "texture": "#ar_15_3"},
				"south": {"uv": [6.75, 9, 9.25, 12.5], "texture": "#ar_15_3"},
				"west": {"uv": [8, 9, 13, 12.5], "texture": "#ar_15_3"},
				"up": {"uv": [6.75, 8, 9.25, 13], "texture": "#ar_15_3"},
				"down": {"uv": [9.25, 13, 6.75, 8], "texture": "#ar_15_3"}
			}
		},
		{
			"name": "3",
			"from": [7.55, 3.295, 10.135],
			"to": [8.45, 3.655, 12.115],
			"rotation": {"angle": 22.5, "axis": "x", "origin": [7.55, 3.655, 10.135]},
			"faces": {
				"north": {"uv": [6.75, 13.5, 9.25, 14.5], "texture": "#ar_15_3"},
				"east": {"uv": [3, 13.5, 8, 14.5], "texture": "#ar_15_3"},
				"south": {"uv": [6.75, 13.5, 9.25, 14.5], "texture": "#ar_15_3"},
				"west": {"uv": [8, 13.5, 13, 14.5], "texture": "#ar_15_3"},
				"up": {"uv": [6.75, 8, 9.25, 13], "texture": "#ar_15_3"},
				"down": {"uv": [9.25, 13, 6.75, 8], "texture": "#ar_15_3"}
			}
		},
		{
			"name": "3",
			"from": [7.55, 2.98, 10.9],
			"to": [8.45, 3.7, 11.8],
			"rotation": {"angle": 0, "axis": "y", "origin": [4, 0, 6]},
			"faces": {
				"north": {"uv": [6.75, 11.5, 9.25, 13.5], "texture": "#ar_15_3"},
				"east": {"uv": [3, 11.5, 5.5, 13.5], "texture": "#ar_15_3"},
				"south": {"uv": [6.75, 11.5, 9.25, 13.5], "texture": "#ar_15_3"},
				"west": {"uv": [10.5, 11.5, 13, 13.5], "texture": "#ar_15_3"},
				"up": {"uv": [6.75, 10.5, 9.25, 13], "texture": "#ar_15_3"},
				"down": {"uv": [9.25, 13, 6.75, 10.5], "texture": "#ar_15_3"}
			}
		},
		{
			"name": "3",
			"from": [7.64, 6.04, 13.24],
			"to": [8.36, 6.58, 13.6],
			"rotation": {"angle": 0, "axis": "y", "origin": [4, 0, 6]},
			"faces": {
				"north": {"uv": [7, 3, 9, 4.5], "texture": "#ar_15_3"},
				"east": {"uv": [6.5, 3, 7.5, 4.5], "texture": "#ar_15_3"},
				"south": {"uv": [7, 3, 9, 4.5], "texture": "#ar_15_3"},
				"west": {"uv": [8.5, 3, 9.5, 4.5], "texture": "#ar_15_3"},
				"up": {"uv": [7, 8.5, 9, 9.5], "texture": "#ar_15_3"},
				"down": {"uv": [9, 9.5, 7, 8.5], "texture": "#ar_15_3"}
			}
		},
		{
			"name": "3",
			"from": [7.64, 6.04, 13.6],
			"to": [8.36, 6.22, 14.68],
			"rotation": {"angle": 0, "axis": "y", "origin": [4, 0, 6]},
			"faces": {
				"north": {"uv": [7, 4.5, 9, 5], "texture": "#ar_15_3"},
				"east": {"uv": [0, 4, 9, 5], "texture": "#ar_15_3"},
				"south": {"uv": [7, 4.5, 9, 5], "texture": "#ar_15_3"},
				"west": {"uv": [10, 4, 16, 5], "texture": "#ar_15_3"},
				"up": {"uv": [7, 8, 9, 16], "texture": "#ar_15_3"},
				"down": {"uv": [9, 8, 7, 16], "texture": "#ar_15_3"}
			}
		},
		{
			"name": "3",
			"from": [7.46, 5.14, 9.82],
			"to": [7.82, 5.32, 15.76],
			"rotation": {"angle": 45, "axis": "z", "origin": [7.46, 5.32, 9.82]},
			"faces": {
				"north": {"uv": [14, 6, 14.5, 6.5], "texture": "#ar_15_3"},
				"east": {"uv": [0, 6, 8.5, 6.5], "texture": "#ar_15_3"},
				"south": {"uv": [1.5, 6, 2, 6.5], "texture": "#ar_15_3"},
				"west": {"uv": [7.5, 6, 16, 6.5], "texture": "#ar_15_3"},
				"up": {"uv": [1.5, 7.5, 2, 16], "texture": "#ar_15_3"},
				"down": {"uv": [14.5, 16, 14, 7.5], "texture": "#ar_15_3"}
			}
		},
		{
			"name": "3",
			"from": [8.2925, 5.3875, 9.82],
			"to": [8.6525, 5.5675, 15.76],
			"rotation": {"angle": -45, "axis": "z", "origin": [8.2925, 5.5675, 9.82]},
			"faces": {
				"north": {"uv": [4, 6.5, 5, 7], "texture": "#ar_15_3"},
				"east": {"uv": [0, 6.5, 8.5, 7], "texture": "#ar_15_3"},
				"south": {"uv": [11, 6.5, 12, 7], "texture": "#ar_15_3"},
				"west": {"uv": [7.5, 6.5, 16, 7], "texture": "#ar_15_3"},
				"up": {"uv": [11, 7.5, 12, 16], "texture": "#ar_15_3"},
				"down": {"uv": [5, 16, 4, 7.5], "texture": "#ar_15_3"}
			}
		},
		{
			"name": "3",
			"from": [7.595, 4.5325, 9.82],
			"to": [7.955, 4.7125, 15.76],
			"rotation": {"angle": -45, "axis": "z", "origin": [7.595, 4.7125, 9.82]},
			"faces": {
				"north": {"uv": [13, 9, 14, 9.5], "texture": "#ar_15_3"},
				"east": {"uv": [0, 9, 8.5, 9.5], "texture": "#ar_15_3"},
				"south": {"uv": [2, 9, 3, 9.5], "texture": "#ar_15_3"},
				"west": {"uv": [7.5, 9, 16, 9.5], "texture": "#ar_15_3"},
				"up": {"uv": [2, 7.5, 3, 16], "texture": "#ar_15_3"},
				"down": {"uv": [14, 16, 13, 7.5], "texture": "#ar_15_3"}
			}
		},
		{
			"name": "3",
			"from": [8.1575, 4.285, 9.82],
			"to": [8.5175, 4.465, 15.76],
			"rotation": {"angle": 45, "axis": "z", "origin": [8.1575, 4.465, 9.82]},
			"faces": {
				"north": {"uv": [13, 9, 14, 9.5], "texture": "#ar_15_3"},
				"east": {"uv": [0, 9, 8.5, 9.5], "texture": "#ar_15_3"},
				"south": {"uv": [2, 9, 3, 9.5], "texture": "#ar_15_3"},
				"west": {"uv": [7.5, 9, 16, 9.5], "texture": "#ar_15_3"},
				"up": {"uv": [2, 7.5, 3, 16], "texture": "#ar_15_3"},
				"down": {"uv": [14, 16, 13, 7.5], "texture": "#ar_15_3"}
			}
		},
		{
			"name": "3",
			"from": [7.6275, 3.52, 11.8],
			"to": [8.3725, 4.6, 14.905],
			"rotation": {"angle": 0, "axis": "y", "origin": [4, 0, 6]},
			"faces": {
				"north": {"uv": [7, 9, 9, 12], "texture": "#ar_15_3"},
				"east": {"uv": [0, 9, 3, 12], "texture": "#ar_15_3"},
				"south": {"uv": [7, 9, 9, 12], "texture": "#ar_15_3"},
				"west": {"uv": [13, 9, 16, 12], "texture": "#ar_15_3"},
				"up": {"uv": [7, 13, 9, 16], "texture": "#ar_15_3"},
				"down": {"uv": [9, 16, 7, 13], "texture": "#ar_15_3"}
			}
		},
		{
			"name": "3",
			"from": [7.55, 3.88, 11.8],
			"to": [8.45, 4.6, 12.16],
			"rotation": {"angle": 0, "axis": "y", "origin": [4, 0, 6]},
			"faces": {
				"north": {"uv": [6.75, 9, 9.25, 11], "texture": "#ar_15_3"},
				"east": {"uv": [2, 9, 3, 11], "texture": "#ar_15_3"},
				"south": {"uv": [6.75, 9, 9.25, 11], "texture": "#ar_15_3"},
				"west": {"uv": [13, 9, 14, 11], "texture": "#ar_15_3"},
				"up": {"uv": [6.75, 13, 9.25, 14], "texture": "#ar_15_3"},
				"down": {"uv": [9.25, 14, 6.75, 13], "texture": "#ar_15_3"}
			}
		},
		{
			"name": "3",
			"from": [7.64, 2.71, 11.8],
			"to": [8.36, 3.52, 12.16],
			"rotation": {"angle": 0, "axis": "y", "origin": [4, 0, 6]},
			"faces": {
				"north": {"uv": [7, 12, 9, 14.25], "texture": "#ar_15_3"},
				"east": {"uv": [2, 12, 3, 14.25], "texture": "#ar_15_3"},
				"south": {"uv": [7, 12, 9, 14.25], "texture": "#ar_15_3"},
				"west": {"uv": [13, 12, 14, 14.25], "texture": "#ar_15_3"},
				"up": {"uv": [7, 13, 9, 14], "texture": "#ar_15_3"},
				"down": {"uv": [9, 14, 7, 13], "texture": "#ar_15_3"}
			}
		},
		{
			"name": "3",
			"from": [7.64, 2.575, 11.8],
			"to": [8.36, 2.755, 13.78],
			"rotation": {"angle": 0, "axis": "y", "origin": [4, 0, 6]},
			"faces": {
				"north": {"uv": [7, 14.125, 9, 14.625], "texture": "#ar_15_3"},
				"east": {"uv": [0, 14.125, 3, 14.625], "texture": "#ar_15_3"},
				"south": {"uv": [7, 14.125, 9, 14.625], "texture": "#ar_15_3"},
				"west": {"uv": [13, 14.125, 16, 14.625], "texture": "#ar_15_3"},
				"up": {"uv": [7, 13, 9, 16], "texture": "#ar_15_3"},
				"down": {"uv": [9, 16, 7, 13], "texture": "#ar_15_3"}
			}
		},
		{
			"name": "4",
			"from": [7.64, 2.08, 10.18],
			"to": [8.36, 3.34, 11.62],
			"rotation": {"angle": 0, "axis": "y", "origin": [4, 0, 6]},
			"faces": {
				"north": {"uv": [7, 12.5, 9, 16], "texture": "#ar_15_4"},
				"east": {"uv": [3.5, 12.5, 7.5, 16], "texture": "#ar_15_4"},
				"south": {"uv": [7, 12.5, 9, 16], "texture": "#ar_15_4"},
				"west": {"uv": [8.5, 12.5, 12.5, 16], "texture": "#ar_15_4"},
				"up": {"uv": [7, 8.5, 9, 12.5], "texture": "#ar_15_4"},
				"down": {"uv": [9, 12.5, 7, 8.5], "texture": "#ar_15_4"}
			}
		},
		{
			"name": "4",
			"from": [7.64, 0.8425, 10.2925],
			"to": [8.36, 2.6425, 11.7325],
			"rotation": {"angle": 22.5, "axis": "x", "origin": [7.64, 2.6425, 10.2925]},
			"faces": {
				"north": {"uv": [7, 15.5, 9, 16], "texture": "#ar_15_4"},
				"east": {"uv": [4, 15.5, 8, 16], "texture": "#ar_15_4"},
				"south": {"uv": [7, 15.5, 9, 16], "texture": "#ar_15_4"},
				"west": {"uv": [8, 15.5, 12, 16], "texture": "#ar_15_4"},
				"up": {"uv": [7, 8, 9, 12], "texture": "#ar_15_4"},
				"down": {"uv": [9, 12, 7, 8], "texture": "#ar_15_4"}
			}
		},
		{
			"name": "3",
			"from": [7.46, 6.1075, 14.86],
			"to": [8.54, 6.22, 15.4],
			"rotation": {"angle": 0, "axis": "y", "origin": [4, 0, 6]},
			"faces": {
				"north": {"uv": [7, 3, 9, 4.5], "texture": "#ar_15_3"},
				"east": {"uv": [6.5, 3, 7.5, 4.5], "texture": "#ar_15_3"},
				"south": {"uv": [7, 3, 9, 4.5], "texture": "#ar_15_3"},
				"west": {"uv": [8.5, 3, 9.5, 4.5], "texture": "#ar_15_3"},
				"up": {"uv": [7, 8.5, 9, 9.5], "texture": "#ar_15_3"},
				"down": {"uv": [9, 9.5, 7, 8.5], "texture": "#ar_15_3"}
			}
		},
		{
			"name": "3",
			"from": [7.46, 5.86, 14.86],
			"to": [8.54, 5.9725, 15.4],
			"rotation": {"angle": 0, "axis": "y", "origin": [4, 0, 6]},
			"faces": {
				"north": {"uv": [7, 3, 9, 4.5], "texture": "#ar_15_3"},
				"east": {"uv": [6.5, 3, 7.5, 4.5], "texture": "#ar_15_3"},
				"south": {"uv": [7, 3, 9, 4.5], "texture": "#ar_15_3"},
				"west": {"uv": [8.5, 3, 9.5, 4.5], "texture": "#ar_15_3"},
				"up": {"uv": [7, 8.5, 9, 9.5], "texture": "#ar_15_3"},
				"down": {"uv": [9, 9.5, 7, 8.5], "texture": "#ar_15_3"}
			}
		},
		{
			"name": "3",
			"from": [7.46, 5.86, 15.22],
			"to": [8.54, 6.22, 15.4],
			"rotation": {"angle": 0, "axis": "y", "origin": [4, 0, 6]},
			"faces": {
				"north": {"uv": [7, 3, 9, 4.5], "texture": "#ar_15_3"},
				"east": {"uv": [6.5, 3, 7.5, 4.5], "texture": "#ar_15_3"},
				"south": {"uv": [7, 3, 9, 4.5], "texture": "#ar_15_3"},
				"west": {"uv": [8.5, 3, 9.5, 4.5], "texture": "#ar_15_3"},
				"up": {"uv": [7, 8.5, 9, 9.5], "texture": "#ar_15_3"},
				"down": {"uv": [9, 9.5, 7, 8.5], "texture": "#ar_15_3"}
			}
		},
		{
			"name": "3",
			"from": [7.64, 7.12, 14.14],
			"to": [8.36, 7.3, 14.41],
			"rotation": {"angle": 45, "axis": "x", "origin": [7.64, 7.3, 14.14]},
			"faces": {
				"north": {"uv": [7, 3, 9, 4.5], "texture": "#ar_15_3"},
				"east": {"uv": [6.5, 3, 7.5, 4.5], "texture": "#ar_15_3"},
				"south": {"uv": [7, 3, 9, 4.5], "texture": "#ar_15_3"},
				"west": {"uv": [8.5, 3, 9.5, 4.5], "texture": "#ar_15_3"},
				"up": {"uv": [7, 8.5, 9, 9.5], "texture": "#ar_15_3"},
				"down": {"uv": [9, 9.5, 7, 8.5], "texture": "#ar_15_3"}
			}
		},
		{
			"name": "3",
			"from": [7.64, 2.755, 13.42],
			"to": [8.36, 3.52, 13.78],
			"rotation": {"angle": 0, "axis": "y", "origin": [4, 0, 6]},
			"faces": {
				"north": {"uv": [7, 12, 9, 14.125], "texture": "#ar_15_3"},
				"east": {"uv": [0, 12, 2, 14], "texture": "#ar_15_3"},
				"south": {"uv": [7, 12, 9, 14.125], "texture": "#ar_15_3"},
				"west": {"uv": [9, 11, 16, 14], "texture": "#ar_15_3"},
				"up": {"uv": [7, 12, 9, 16], "texture": "#ar_15_3"},
				"down": {"uv": [9, 10, 7, 16], "texture": "#ar_15_3"}
			}
		},
		{
			"name": "3",
			"from": [7.55, 3.61, 11.9125],
			"to": [8.45, 4.15, 12.2725],
			"rotation": {"angle": 45, "axis": "x", "origin": [7.55, 4.15, 11.9125]},
			"faces": {
				"north": {"uv": [6.75, 16, 9.25, 16], "texture": "#ar_15_3"},
				"east": {"uv": [0, 16, 1, 16], "texture": "#ar_15_3"},
				"south": {"uv": [6.75, 16, 9.25, 16], "texture": "#ar_15_3"},
				"west": {"uv": [15, 16, 16, 16], "texture": "#ar_15_3"},
				"up": {"uv": [6.75, 15, 9.25, 16], "texture": "#ar_15_3"},
				"down": {"uv": [9.25, 16, 6.75, 15], "texture": "#ar_15_3"}
			}
		},
		{
			"name": "3",
			"from": [7.82, 3.34, 12.7],
			"to": [8.18, 3.52, 13.24],
			"rotation": {"angle": 0, "axis": "y", "origin": [4, 0, 6]},
			"faces": {
				"north": {"uv": [7.5, 12, 8.5, 12.5], "texture": "#ar_15_3"},
				"east": {"uv": [0, 12, 0.5, 12.5], "texture": "#ar_15_3"},
				"south": {"uv": [7.5, 12, 8.5, 12.5], "texture": "#ar_15_3"},
				"west": {"uv": [15.5, 12, 16, 12.5], "texture": "#ar_15_3"},
				"up": {"uv": [7.5, 15.5, 8.5, 16], "texture": "#ar_15_3"},
				"down": {"uv": [8.5, 16, 7.5, 15.5], "texture": "#ar_15_3"}
			}
		},
		{
			"name": "3",
			"from": [7.82, 3.16, 12.88],
			"to": [8.18, 3.34, 13.06],
			"rotation": {"angle": 0, "axis": "y", "origin": [4, 0, 6]},
			"faces": {
				"north": {"uv": [7.5, 12.5, 8.5, 13], "texture": "#ar_15_3"},
				"east": {"uv": [0, 11, 8, 14], "texture": "#ar_15_3"},
				"south": {"uv": [7.5, 12.5, 8.5, 13], "texture": "#ar_15_3"},
				"west": {"uv": [9, 13, 16, 14], "texture": "#ar_15_3"},
				"up": {"uv": [8, 8, 11, 16], "texture": "#ar_15_3"},
				"down": {"uv": [8, 9, 11, 16], "texture": "#ar_15_3"}
			}
		},
		{
			"name": "3",
			"from": [7.82, 2.8675, 12.88],
			"to": [8.18, 3.2275, 13.06],
			"rotation": {"angle": 22.5, "axis": "x", "origin": [7.82, 3.2275, 12.88]},
			"faces": {
				"north": {"uv": [7.5, 13, 8.5, 14], "texture": "#ar_15_3"},
				"east": {"uv": [0, 11, 8, 14], "texture": "#ar_15_3"},
				"south": {"uv": [7.5, 13, 8.5, 14], "texture": "#ar_15_3"},
				"west": {"uv": [9, 13, 16, 14], "texture": "#ar_15_3"},
				"up": {"uv": [8, 8, 11, 16], "texture": "#ar_15_3"},
				"down": {"uv": [8, 9, 11, 16], "texture": "#ar_15_3"}
			}
		},
		{
			"name": "3",
			"from": [7.5375, 2.575, 13.78],
			"to": [8.4625, 3.52, 14.8825],
			"rotation": {"angle": 0, "axis": "y", "origin": [4, 0, 6]},
			"faces": {
				"north": {"uv": [6.75, 12, 9.25, 15], "texture": "#ar_15_3"},
				"east": {"uv": [0, 13, 3, 16], "texture": "#ar_15_3"},
				"south": {"uv": [6.75, 12, 9.25, 15], "texture": "#ar_15_3"},
				"west": {"uv": [12, 13, 16, 16], "texture": "#ar_15_3"},
				"up": {"uv": [7, 13, 10, 16], "texture": "#ar_15_3"},
				"down": {"uv": [9, 12, 7, 16], "texture": "#ar_15_3"}
			}
		},
		{
			"name": "3",
			"from": [7.64, 3.25, 14.2975],
			"to": [8.36, 4.15, 15.49],
			"rotation": {"angle": -45, "axis": "x", "origin": [7.64, 4.15, 14.2975]},
			"faces": {
				"north": {"uv": [7, 12.5, 9, 15], "texture": "#ar_15_3"},
				"east": {"uv": [0, 12, 2, 14], "texture": "#ar_15_3"},
				"south": {"uv": [7, 12.5, 9, 15], "texture": "#ar_15_3"},
				"west": {"uv": [9, 11, 16, 14], "texture": "#ar_15_3"},
				"up": {"uv": [7, 12, 9, 16], "texture": "#ar_15_3"},
				"down": {"uv": [9, 10, 7, 16], "texture": "#ar_15_3"}
			}
		},
		{
			"name": "3",
			"from": [7.55, 1.18, 13.78],
			"to": [8.45, 2.8, 14.86],
			"rotation": {"angle": -22.5, "axis": "x", "origin": [7.55, 2.8, 13.78]},
			"faces": {
				"north": {"uv": [6.75, 13, 9.25, 16], "texture": "#ar_15_3"},
				"east": {"uv": [0, 13, 3, 16], "texture": "#ar_15_3"},
				"south": {"uv": [6.75, 13, 9.25, 16], "texture": "#ar_15_3"},
				"west": {"uv": [12, 13, 16, 16], "texture": "#ar_15_3"},
				"up": {"uv": [7, 13, 10, 16], "texture": "#ar_15_3"},
				"down": {"uv": [9, 12, 7, 16], "texture": "#ar_15_3"}
			}
		},
		{
			"name": "3",
			"from": [8.54, 4.78, 13.06],
			"to": [8.72, 5.14, 13.42],
			"rotation": {"angle": 0, "axis": "y", "origin": [4, 0, 6]},
			"faces": {
				"north": {"uv": [8.5, 0, 9.5, 0.5], "texture": "#ar_15_3"},
				"east": {"uv": [4, 0, 7, 0.5], "texture": "#ar_15_3"},
				"south": {"uv": [6.5, 0, 7.5, 0.5], "texture": "#ar_15_3"},
				"west": {"uv": [9, 0, 12, 0.5], "texture": "#ar_15_3"},
				"up": {"uv": [6.5, 9, 7.5, 12], "texture": "#ar_15_3"},
				"down": {"uv": [9.5, 12, 8.5, 9], "texture": "#ar_15_3"}
			}
		},
		{
			"name": "3",
			"from": [8.36, 4.6, 10],
			"to": [8.39125, 5.32, 12.16],
			"rotation": {"angle": 0, "axis": "y", "origin": [4, 0, 6]},
			"faces": {
				"north": {"uv": [8.5, 0, 9.5, 0.5], "texture": "#ar_15_3"},
				"east": {"uv": [4, 0, 7, 0.5], "texture": "#ar_15_3"},
				"south": {"uv": [6.5, 0, 7.5, 0.5], "texture": "#ar_15_3"},
				"west": {"uv": [9, 0, 12, 0.5], "texture": "#ar_15_3"},
				"up": {"uv": [6.5, 9, 7.5, 12], "texture": "#ar_15_3"},
				"down": {"uv": [9.5, 12, 8.5, 9], "texture": "#ar_15_3"}
			}
		},
		{
			"name": "3",
			"from": [8.54, 5.14, 10],
			"to": [8.72, 5.32, 12.16],
			"rotation": {"angle": 0, "axis": "y", "origin": [4, 0, 6]},
			"faces": {
				"north": {"uv": [8.5, 0, 9.5, 0.5], "texture": "#ar_15_3"},
				"east": {"uv": [4, 0, 7, 0.5], "texture": "#ar_15_3"},
				"south": {"uv": [6.5, 0, 7.5, 0.5], "texture": "#ar_15_3"},
				"west": {"uv": [9, 0, 12, 0.5], "texture": "#ar_15_3"},
				"up": {"uv": [6.5, 9, 7.5, 12], "texture": "#ar_15_3"},
				"down": {"uv": [9.5, 12, 8.5, 9], "texture": "#ar_15_3"}
			}
		},
		{
			"name": "3",
			"from": [8.36, 3.88, 10.36],
			"to": [8.54, 4.24, 11.8],
			"rotation": {"angle": 0, "axis": "y", "origin": [4, 0, 6]},
			"faces": {
				"north": {"uv": [6.5, 10, 7, 11], "texture": "#ar_15_3"},
				"east": {"uv": [3, 10, 7, 11], "texture": "#ar_15_3"},
				"south": {"uv": [9, 10, 9.5, 11], "texture": "#ar_15_3"},
				"west": {"uv": [9, 10, 13, 11], "texture": "#ar_15_3"},
				"up": {"uv": [9, 9, 9.5, 13], "texture": "#ar_15_3"},
				"down": {"uv": [7, 13, 6.5, 9], "texture": "#ar_15_3"}
			}
		},
		{
			"name": "3",
			"from": [8.36, 2.98, 10.9],
			"to": [8.54, 4.24, 11.26],
			"rotation": {"angle": 0, "axis": "y", "origin": [4, 0, 6]},
			"faces": {
				"north": {"uv": [6.5, 10, 7, 13.5], "texture": "#ar_15_3"},
				"east": {"uv": [4.5, 10, 5.5, 13.5], "texture": "#ar_15_3"},
				"south": {"uv": [9, 10, 9.5, 13.5], "texture": "#ar_15_3"},
				"west": {"uv": [10.5, 10, 11.5, 13.5], "texture": "#ar_15_3"},
				"up": {"uv": [9, 10.5, 9.5, 11.5], "texture": "#ar_15_3"},
				"down": {"uv": [7, 11.5, 6.5, 10.5], "texture": "#ar_15_3"}
			}
		},
		{
			"name": "3",
			"from": [7.55, 4.06, 14.68],
			"to": [8.45, 4.24, 14.86],
			"rotation": {"angle": 0, "axis": "y", "origin": [4, 0, 6]},
			"faces": {
				"north": {"uv": [6.75, 10, 9.25, 10.5], "texture": "#ar_15_3"},
				"east": {"uv": [0, 10, 0, 10.5], "texture": "#ar_15_3"},
				"south": {"uv": [6.75, 10, 9.25, 10.5], "texture": "#ar_15_3"},
				"west": {"uv": [16, 10, 16, 10.5], "texture": "#ar_15_3"},
				"up": {"uv": [6.75, 16, 9.25, 16], "texture": "#ar_15_3"},
				"down": {"uv": [9.25, 16, 6.75, 16], "texture": "#ar_15_3"}
			}
		},
		{
			"name": "2",
			"from": [7.64, 3.88, 4.78],
			"to": [8.36, 4.06, 4.96],
			"rotation": {"angle": 0, "axis": "y", "origin": [4, 0, 6]},
			"faces": {
				"north": {"uv": [7, 10.5, 9, 11], "texture": "#ar_15_2"},
				"east": {"uv": [16, 10.5, 16, 11], "texture": "#ar_15_2"},
				"south": {"uv": [7, 10.5, 9, 11], "texture": "#ar_15_2"},
				"west": {"uv": [0, 10.5, 0, 11], "texture": "#ar_15_2"},
				"up": {"uv": [7, 0, 9, 0], "texture": "#ar_15_2"},
				"down": {"uv": [9, 0, 7, 0], "texture": "#ar_15_2"}
			}
		},
		{
			"name": "2",
			"from": [7.64, 3.88, 4.78],
			"to": [7.82, 4.42, 4.96],
			"rotation": {"angle": 0, "axis": "y", "origin": [4, 0, 6]},
			"faces": {
				"north": {"uv": [8.5, 9.5, 9, 11], "texture": "#ar_15_2"},
				"east": {"uv": [16, 9.5, 16, 11], "texture": "#ar_15_2"},
				"south": {"uv": [7, 9.5, 7.5, 11], "texture": "#ar_15_2"},
				"west": {"uv": [0, 9.5, 0, 11], "texture": "#ar_15_2"},
				"up": {"uv": [7, 0, 7.5, 0], "texture": "#ar_15_2"},
				"down": {"uv": [9, 0, 8.5, 0], "texture": "#ar_15_2"}
			}
		},
		{
			"name": "2",
			"from": [8.18, 3.88, 4.78],
			"to": [8.36, 4.42, 4.96],
			"rotation": {"angle": 0, "axis": "y", "origin": [4, 0, 6]},
			"faces": {
				"north": {"uv": [7, 9.5, 7.5, 11], "texture": "#ar_15_2"},
				"east": {"uv": [16, 9.5, 16, 11], "texture": "#ar_15_2"},
				"south": {"uv": [8.5, 9.5, 9, 11], "texture": "#ar_15_2"},
				"west": {"uv": [0, 9.5, 0, 11], "texture": "#ar_15_2"},
				"up": {"uv": [8.5, 0, 9, 0], "texture": "#ar_15_2"},
				"down": {"uv": [7.5, 0, 7, 0], "texture": "#ar_15_2"}
			}
		},
		{
			"name": "2",
			"from": [7.64, 4.24, 4.78],
			"to": [8.36, 4.42, 4.96],
			"rotation": {"angle": 0, "axis": "y", "origin": [4, 0, 6]},
			"faces": {
				"north": {"uv": [7, 9.5, 9, 10], "texture": "#ar_15_2"},
				"east": {"uv": [16, 9.5, 16, 10], "texture": "#ar_15_2"},
				"south": {"uv": [7, 9.5, 9, 10], "texture": "#ar_15_2"},
				"west": {"uv": [0, 9.5, 0, 10], "texture": "#ar_15_2"},
				"up": {"uv": [7, 0, 9, 0], "texture": "#ar_15_2"},
				"down": {"uv": [9, 0, 7, 0], "texture": "#ar_15_2"}
			}
		},
		{
			"name": "3",
			"from": [8, 6.22, 13.51],
			"to": [8.72, 6.58, 14.23],
			"rotation": {"angle": -45, "axis": "y", "origin": [8, 6.22, 13.51]},
			"faces": {
				"north": {"uv": [7, 4.5, 9, 5], "texture": "#ar_15_3"},
				"east": {"uv": [0, 4, 6, 5], "texture": "#ar_15_3"},
				"south": {"uv": [7, 4.5, 9, 5], "texture": "#ar_15_3"},
				"west": {"uv": [8, 4, 16, 5], "texture": "#ar_15_3"},
				"up": {"uv": [7, 11, 9, 16], "texture": "#ar_15_3"},
				"down": {"uv": [9, 10, 7, 16], "texture": "#ar_15_3"}
			}
		},
		{
			"name": "1",
			"from": [7.64, 5.32, 4.96],
			"to": [8.36, 5.86, 9.28],
			"rotation": {"angle": 0, "axis": "y", "origin": [4, 0, 6]},
			"faces": {
				"north": {"uv": [5.5, 7, 7, 9], "texture": "#ar_15_1"},
				"east": {"uv": [10, 7, 16, 9], "texture": "#ar_15_1"},
				"south": {"uv": [9, 7, 10.5, 9], "texture": "#ar_15_1"},
				"west": {"uv": [0, 7, 6, 9], "texture": "#ar_15_1"},
				"up": {"uv": [9, 0, 10.5, 6], "texture": "#ar_15_1"},
				"down": {"uv": [7, 6, 5.5, 0], "texture": "#ar_15_1"}
			}
		},
		{
			"name": "3",
			"from": [8.54, 4.42, 10],
			"to": [8.57125, 5.14, 12.16],
			"rotation": {"angle": 22.5, "axis": "z", "origin": [8.54, 5.14, 10]},
			"faces": {
				"north": {"uv": [8.5, 0, 9.5, 0.5], "texture": "#ar_15_3"},
				"east": {"uv": [4, 0, 7, 0.5], "texture": "#ar_15_3"},
				"south": {"uv": [6.5, 0, 7.5, 0.5], "texture": "#ar_15_3"},
				"west": {"uv": [9, 0, 12, 0.5], "texture": "#ar_15_3"},
				"up": {"uv": [6.5, 9, 7.5, 12], "texture": "#ar_15_3"},
				"down": {"uv": [9.5, 12, 8.5, 9], "texture": "#ar_15_3"}
			}
		},
		{
			"name": "3",
			"from": [8.18, 4.78, 13.96],
			"to": [8.54, 5.14, 15.04],
			"rotation": {"angle": 22.5, "axis": "y", "origin": [8.18, 4.78, 13.96]},
			"faces": {
				"north": {"uv": [7, 3, 9, 4.5], "texture": "#ar_15_3"},
				"east": {"uv": [6.5, 3, 7.5, 4.5], "texture": "#ar_15_3"},
				"south": {"uv": [7, 3, 9, 4.5], "texture": "#ar_15_3"},
				"west": {"uv": [8.5, 3, 9.5, 4.5], "texture": "#ar_15_3"},
				"up": {"uv": [7, 8.5, 9, 9.5], "texture": "#ar_15_3"},
				"down": {"uv": [9, 9.5, 7, 8.5], "texture": "#ar_15_3"}
			}
		},
		{
			"name": "3",
			"from": [7.64, 4.42, 15.76],
			"to": [8.36, 5.5, 16.12],
			"rotation": {"angle": 0, "axis": "y", "origin": [4, 0, 6]},
			"faces": {
				"north": {"uv": [6.5, 7, 9.5, 9], "texture": "#ar_15_3"},
				"east": {"uv": [0, 7, 8.5, 9], "texture": "#ar_15_3"},
				"south": {"uv": [6.5, 7, 9.5, 9], "texture": "#ar_15_3"},
				"west": {"uv": [7.5, 7, 16, 9], "texture": "#ar_15_3"},
				"up": {"uv": [6.5, 7.5, 9.5, 16], "texture": "#ar_15_3"},
				"down": {"uv": [9.5, 16, 6.5, 7.5], "texture": "#ar_15_3"}
			}
		},
		{
			"name": "3",
			"from": [7.46, 4.6, 15.76],
			"to": [8.54, 5.32, 16.12],
			"rotation": {"angle": 0, "axis": "y", "origin": [4, 0, 6]},
			"faces": {
				"north": {"uv": [6.5, 7, 9.5, 9], "texture": "#ar_15_3"},
				"east": {"uv": [0, 7, 8.5, 9], "texture": "#ar_15_3"},
				"south": {"uv": [6.5, 7, 9.5, 9], "texture": "#ar_15_3"},
				"west": {"uv": [7.5, 7, 16, 9], "texture": "#ar_15_3"},
				"up": {"uv": [6.5, 7.5, 9.5, 16], "texture": "#ar_15_3"},
				"down": {"uv": [9.5, 16, 6.5, 7.5], "texture": "#ar_15_3"}
			}
		},
		{
			"name": "3",
			"from": [7.28, 4.6, 16.12],
			"to": [8.72, 5.32, 20.44],
			"rotation": {"angle": 0, "axis": "y", "origin": [4, 0, 6]},
			"faces": {
				"north": {"uv": [6.5, 7, 9.5, 9], "texture": "#ar_15_3"},
				"east": {"uv": [0, 7, 8.5, 9], "texture": "#ar_15_3"},
				"south": {"uv": [6.5, 7, 9.5, 9], "texture": "#ar_15_3"},
				"west": {"uv": [7.5, 7, 16, 9], "texture": "#ar_15_3"},
				"up": {"uv": [6.5, 7.5, 9.5, 16], "texture": "#ar_15_3"},
				"down": {"uv": [9.5, 16, 6.5, 7.5], "texture": "#ar_15_3"}
			}
		},
		{
			"name": "3",
			"from": [7.64, 4.24, 16.12],
			"to": [8.36, 5.68, 20.44],
			"rotation": {"angle": 0, "axis": "y", "origin": [4, 0, 6]},
			"faces": {
				"north": {"uv": [6.5, 7, 9.5, 9], "texture": "#ar_15_3"},
				"east": {"uv": [0, 7, 8.5, 9], "texture": "#ar_15_3"},
				"south": {"uv": [6.5, 7, 9.5, 9], "texture": "#ar_15_3"},
				"west": {"uv": [7.5, 7, 16, 9], "texture": "#ar_15_3"},
				"up": {"uv": [6.5, 7.5, 9.5, 16], "texture": "#ar_15_3"},
				"down": {"uv": [9.5, 16, 6.5, 7.5], "texture": "#ar_15_3"}
			}
		},
		{
			"name": "3",
			"from": [7.64, 5.14, 16.12],
			"to": [8, 5.68, 20.44],
			"rotation": {"angle": -45, "axis": "z", "origin": [7.64, 5.68, 16.12]},
			"faces": {
				"north": {"uv": [6.5, 7, 9.5, 9], "texture": "#ar_15_3"},
				"east": {"uv": [0, 7, 8.5, 9], "texture": "#ar_15_3"},
				"south": {"uv": [6.5, 7, 9.5, 9], "texture": "#ar_15_3"},
				"west": {"uv": [7.5, 7, 16, 9], "texture": "#ar_15_3"},
				"up": {"uv": [6.5, 7.5, 9.5, 16], "texture": "#ar_15_3"},
				"down": {"uv": [9.5, 16, 6.5, 7.5], "texture": "#ar_15_3"}
			}
		},
		{
			"name": "3",
			"from": [8.1125, 4.87, 16.12],
			"to": [8.4725, 5.41, 20.44],
			"rotation": {"angle": 45, "axis": "z", "origin": [8.1125, 5.41, 16.12]},
			"faces": {
				"north": {"uv": [6.5, 7, 9.5, 9], "texture": "#ar_15_3"},
				"east": {"uv": [0, 7, 8.5, 9], "texture": "#ar_15_3"},
				"south": {"uv": [6.5, 7, 9.5, 9], "texture": "#ar_15_3"},
				"west": {"uv": [7.5, 7, 16, 9], "texture": "#ar_15_3"},
				"up": {"uv": [6.5, 7.5, 9.5, 16], "texture": "#ar_15_3"},
				"down": {"uv": [9.5, 16, 6.5, 7.5], "texture": "#ar_15_3"}
			}
		},
		{
			"name": "3",
			"from": [8.4725, 4.33, 16.12],
			"to": [8.8325, 4.87, 20.44],
			"rotation": {"angle": -45, "axis": "z", "origin": [8.4725, 4.87, 16.12]},
			"faces": {
				"north": {"uv": [6.5, 7, 9.5, 9], "texture": "#ar_15_3"},
				"east": {"uv": [0, 7, 8.5, 9], "texture": "#ar_15_3"},
				"south": {"uv": [6.5, 7, 9.5, 9], "texture": "#ar_15_3"},
				"west": {"uv": [7.5, 7, 16, 9], "texture": "#ar_15_3"},
				"up": {"uv": [6.5, 7.5, 9.5, 16], "texture": "#ar_15_3"},
				"down": {"uv": [9.5, 16, 6.5, 7.5], "texture": "#ar_15_3"}
			}
		},
		{
			"name": "3",
			"from": [7.2575, 4.0825, 16.12],
			"to": [7.6175, 4.6225, 20.44],
			"rotation": {"angle": 45, "axis": "z", "origin": [7.2575, 4.6225, 16.12]},
			"faces": {
				"north": {"uv": [6.5, 7, 9.5, 9], "texture": "#ar_15_3"},
				"east": {"uv": [0, 7, 8.5, 9], "texture": "#ar_15_3"},
				"south": {"uv": [6.5, 7, 9.5, 9], "texture": "#ar_15_3"},
				"west": {"uv": [7.5, 7, 16, 9], "texture": "#ar_15_3"},
				"up": {"uv": [6.5, 7.5, 9.5, 16], "texture": "#ar_15_3"},
				"down": {"uv": [9.5, 16, 6.5, 7.5], "texture": "#ar_15_3"}
			}
		},
		{
			"name": "3",
			"from": [7.82, 3.52, 17.56],
			"to": [8.18, 4.06, 20.44],
			"rotation": {"angle": 0, "axis": "y", "origin": [4, 0, 6]},
			"faces": {
				"north": {"uv": [6.5, 7, 9.5, 9], "texture": "#ar_15_3"},
				"east": {"uv": [0, 7, 8.5, 9], "texture": "#ar_15_3"},
				"south": {"uv": [6.5, 7, 9.5, 9], "texture": "#ar_15_3"},
				"west": {"uv": [7.5, 7, 16, 9], "texture": "#ar_15_3"},
				"up": {"uv": [6.5, 7.5, 9.5, 16], "texture": "#ar_15_3"},
				"down": {"uv": [9.5, 16, 6.5, 7.5], "texture": "#ar_15_3"}
			}
		},
		{
			"name": "3",
			"from": [7.82, 4.06, 20.26],
			"to": [8.18, 4.24, 20.44],
			"rotation": {"angle": 0, "axis": "y", "origin": [4, 0, 6]},
			"faces": {
				"north": {"uv": [6.5, 7, 9.5, 9], "texture": "#ar_15_3"},
				"east": {"uv": [0, 7, 8.5, 9], "texture": "#ar_15_3"},
				"south": {"uv": [6.5, 7, 9.5, 9], "texture": "#ar_15_3"},
				"west": {"uv": [7.5, 7, 16, 9], "texture": "#ar_15_3"},
				"up": {"uv": [6.5, 7.5, 9.5, 16], "texture": "#ar_15_3"},
				"down": {"uv": [9.5, 16, 6.5, 7.5], "texture": "#ar_15_3"}
			}
		},
		{
			"name": "3",
			"from": [7.82, 4.06, 17.56],
			"to": [8.18, 4.24, 19.36],
			"rotation": {"angle": 0, "axis": "y", "origin": [4, 0, 6]},
			"faces": {
				"north": {"uv": [6.5, 7, 9.5, 9], "texture": "#ar_15_3"},
				"east": {"uv": [0, 7, 8.5, 9], "texture": "#ar_15_3"},
				"south": {"uv": [6.5, 7, 9.5, 9], "texture": "#ar_15_3"},
				"west": {"uv": [7.5, 7, 16, 9], "texture": "#ar_15_3"},
				"up": {"uv": [6.5, 7.5, 9.5, 16], "texture": "#ar_15_3"},
				"down": {"uv": [9.5, 16, 6.5, 7.5], "texture": "#ar_15_3"}
			}
		},
		{
			"name": "3",
			"from": [7.82, 3.52, 18.28],
			"to": [8.18, 4.06, 19.72],
			"rotation": {"angle": 22.5, "axis": "x", "origin": [7.82, 4.06, 18.28]},
			"faces": {
				"north": {"uv": [6.5, 7, 9.5, 9], "texture": "#ar_15_3"},
				"east": {"uv": [0, 7, 8.5, 9], "texture": "#ar_15_3"},
				"south": {"uv": [6.5, 7, 9.5, 9], "texture": "#ar_15_3"},
				"west": {"uv": [7.5, 7, 16, 9], "texture": "#ar_15_3"},
				"up": {"uv": [6.5, 7.5, 9.5, 16], "texture": "#ar_15_3"},
				"down": {"uv": [9.5, 16, 6.5, 7.5], "texture": "#ar_15_3"}
			}
		},
		{
			"name": "3",
			"from": [7.82, 3.52, 19.36],
			"to": [8.18, 4.06, 20.8675],
			"rotation": {"angle": 45, "axis": "x", "origin": [7.82, 4.06, 19.36]},
			"faces": {
				"north": {"uv": [6.5, 7, 9.5, 9], "texture": "#ar_15_3"},
				"east": {"uv": [0, 7, 8.5, 9], "texture": "#ar_15_3"},
				"south": {"uv": [6.5, 7, 9.5, 9], "texture": "#ar_15_3"},
				"west": {"uv": [7.5, 7, 16, 9], "texture": "#ar_15_3"},
				"up": {"uv": [6.5, 7.5, 9.5, 16], "texture": "#ar_15_3"},
				"down": {"uv": [9.5, 16, 6.5, 7.5], "texture": "#ar_15_3"}
			}
		},
		{
			"name": "3",
			"from": [7.82, 3.0025, 19.72],
			"to": [8.18, 3.88, 20.44],
			"rotation": {"angle": 0, "axis": "y", "origin": [4, 0, 6]},
			"faces": {
				"north": {"uv": [6.5, 7, 9.5, 9], "texture": "#ar_15_3"},
				"east": {"uv": [0, 7, 8.5, 9], "texture": "#ar_15_3"},
				"south": {"uv": [6.5, 7, 9.5, 9], "texture": "#ar_15_3"},
				"west": {"uv": [7.5, 7, 16, 9], "texture": "#ar_15_3"},
				"up": {"uv": [6.5, 7.5, 9.5, 16], "texture": "#ar_15_3"},
				"down": {"uv": [9.5, 16, 6.5, 7.5], "texture": "#ar_15_3"}
			}
		},
		{
			"name": "3",
			"from": [7.82, 3.34, 17.74],
			"to": [8.18, 3.52, 18.1],
			"rotation": {"angle": 0, "axis": "y", "origin": [4, 0, 6]},
			"faces": {
				"north": {"uv": [6.5, 7, 9.5, 9], "texture": "#ar_15_3"},
				"east": {"uv": [0, 7, 8.5, 9], "texture": "#ar_15_3"},
				"south": {"uv": [6.5, 7, 9.5, 9], "texture": "#ar_15_3"},
				"west": {"uv": [7.5, 7, 16, 9], "texture": "#ar_15_3"},
				"up": {"uv": [6.5, 7.5, 9.5, 16], "texture": "#ar_15_3"},
				"down": {"uv": [9.5, 16, 6.5, 7.5], "texture": "#ar_15_3"}
			}
		},
		{
			"name": "3",
			"from": [7.28, 3.16, 20.26],
			"to": [7.64, 4.6, 20.44],
			"rotation": {"angle": 22.5, "axis": "z", "origin": [7.28, 4.6, 20.26]},
			"faces": {
				"north": {"uv": [6.5, 7, 9.5, 9], "texture": "#ar_15_3"},
				"east": {"uv": [0, 7, 8.5, 9], "texture": "#ar_15_3"},
				"south": {"uv": [6.5, 7, 9.5, 9], "texture": "#ar_15_3"},
				"west": {"uv": [7.5, 7, 16, 9], "texture": "#ar_15_3"},
				"up": {"uv": [6.5, 7.5, 9.5, 16], "texture": "#ar_15_3"},
				"down": {"uv": [9.5, 16, 6.5, 7.5], "texture": "#ar_15_3"}
			}
		},
		{
			"name": "3",
			"from": [8.3825, 3.295, 20.26],
			"to": [8.7425, 4.735, 20.44],
			"rotation": {"angle": -22.5, "axis": "z", "origin": [8.3825, 4.735, 20.26]},
			"faces": {
				"north": {"uv": [6.5, 7, 9.5, 9], "texture": "#ar_15_3"},
				"east": {"uv": [0, 7, 8.5, 9], "texture": "#ar_15_3"},
				"south": {"uv": [6.5, 7, 9.5, 9], "texture": "#ar_15_3"},
				"west": {"uv": [7.5, 7, 16, 9], "texture": "#ar_15_3"},
				"up": {"uv": [6.5, 7.5, 9.5, 16], "texture": "#ar_15_3"},
				"down": {"uv": [9.5, 16, 6.5, 7.5], "texture": "#ar_15_3"}
			}
		},
		{
			"name": "1",
			"from": [7.28, 4.42, 9.28],
			"to": [8.72, 5.5, 9.64],
			"rotation": {"angle": 0, "axis": "y", "origin": [4, 0, 6]},
			"faces": {
				"north": {"uv": [6.5, 6, 9.5, 10], "texture": "#ar_15_1"},
				"east": {"uv": [9, 6, 10, 10], "texture": "#ar_15_1"},
				"south": {"uv": [6.5, 6, 9.5, 10], "texture": "#ar_15_1"},
				"west": {"uv": [6, 6, 7, 10], "texture": "#ar_15_1"},
				"up": {"uv": [6.5, 6, 9.5, 7], "texture": "#ar_15_1"},
				"down": {"uv": [9.5, 7, 6.5, 6], "texture": "#ar_15_1"}
			}
		}
	],
	"gui_light": "front",
	"display": {
		"thirdperson_righthand": {
			"translation": [0, 6.25, -5.75],
			"scale": [1.2, 1.2, 1.2]
		},
		"thirdperson_lefthand": {
			"translation": [0, 5.05, -6.15],
			"scale": [1.2, 1.2, 1.2]
		},
		"firstperson_righthand": {
			"rotation": [4, 0, 0],
			"translation": [-9, 9, -2]
		},
		"firstperson_lefthand": {
			"rotation": [8, 0, 0],
			"translation": [-9.125, 6.75, -1.75]
		},
		"ground": {
			"translation": [0, 5.75, -0.5],
			"scale": [1.2, 1.2, 1.2]
		},
		"gui": {
			"rotation": [-90, 119, 102.5],
			"translation": [0.75, 4, 0],
			"scale": [1, 1, 0.87]
		},
		"head": {
			"rotation": [45, 90, 0],
			"translation": [-1, -7.5, 2.5]
		},
		"fixed": {
			"rotation": [-90, 119, 102.5],
			"translation": [1, 3.75, 0.5],
			"scale": [1.6, 1, 1]
		}
	}
}