{
	"credit": "Made with Blockbench",
	"textures": {
		"texture2": "custom/augtextu"
	},
	"elements": [
		{
			"name": "Box1",
			"from": [-15, 8.5, 5],
			"to": [-7.5, 9.5, 6.5],
			"rotation": {"angle": 0, "axis": "y", "origin": [6, 0, 3]},
			"faces": {
				"north": {"uv": [2, 0, 3.9, 1.9], "texture": "#texture2"},
				"east": {"uv": [2, 0, 3.9, 1.9], "texture": "#texture2"},
				"south": {"uv": [2, 0, 3.9, 1.9], "texture": "#texture2"},
				"west": {"uv": [2, 0, 3.9, 1.9], "texture": "#texture2"},
				"up": {"uv": [2, 0, 3.9, 1.9], "texture": "#texture2"},
				"down": {"uv": [2, 0, 3.9, 1.9], "texture": "#texture2"}
			}
		},
		{
			"name": "Box2",
			"from": [-7.5, 8, 4.5],
			"to": [-6.5, 10, 7],
			"rotation": {"angle": 0, "axis": "y", "origin": [6, 0, 3]},
			"faces": {
				"north": {"uv": [0, 0, 1.9, 1.9], "texture": "#texture2"},
				"east": {"uv": [0, 0, 1.9, 1.9], "texture": "#texture2"},
				"south": {"uv": [0, 0, 1.9, 1.9], "texture": "#texture2"},
				"west": {"uv": [0, 0, 1.9, 1.9], "texture": "#texture2"},
				"up": {"uv": [0, 0, 1.9, 1.9], "texture": "#texture2"},
				"down": {"uv": [0, 0, 1.9, 1.9], "texture": "#texture2"}
			}
		},
		{
			"name": "Box3",
			"from": [-7, 9.5, 5],
			"to": [-5, 10, 5.5],
			"rotation": {"angle": 22.5, "axis": "z", "origin": [-7, 9.5, 5]},
			"faces": {
				"north": {"uv": [2, 0, 3.9, 1.9], "texture": "#texture2"},
				"east": {"uv": [2, 0, 3.9, 1.9], "texture": "#texture2"},
				"south": {"uv": [2, 0, 3.9, 1.9], "texture": "#texture2"},
				"west": {"uv": [2, 0, 3.9, 1.9], "texture": "#texture2"},
				"up": {"uv": [2, 0, 3.9, 1.9], "texture": "#texture2"},
				"down": {"uv": [2, 0, 3.9, 1.9], "texture": "#texture2"}
			}
		},
		{
			"name": "Box4",
			"from": [-6.5, 8, 4.5],
			"to": [17, 10, 7],
			"rotation": {"angle": 0, "axis": "y", "origin": [6, 0, 3]},
			"faces": {
				"north": {"uv": [0, 0, 1.9, 1.9], "texture": "#texture2"},
				"east": {"uv": [0, 0, 1.9, 1.9], "texture": "#texture2"},
				"south": {"uv": [0, 0, 1.9, 1.9], "texture": "#texture2"},
				"west": {"uv": [0, 0, 1.9, 1.9], "texture": "#texture2"},
				"up": {"uv": [0, 0, 1.9, 1.9], "texture": "#texture2"},
				"down": {"uv": [0, 0, 1.9, 1.9], "texture": "#texture2"}
			}
		},
		{
			"name": "Box5",
			"from": [-5.5, 10, 5],
			"to": [9, 10.5, 6.5],
			"rotation": {"angle": 0, "axis": "y", "origin": [6, 0, 3]},
			"faces": {
				"north": {"uv": [0.05, 0, 1.9, 1.9], "texture": "#texture2"},
				"east": {"uv": [0, 0, 1.9, 1.9], "texture": "#texture2"},
				"south": {"uv": [0, 0, 1.9, 1.9], "texture": "#texture2"},
				"west": {"uv": [0, 0, 1.9, 1.9], "texture": "#texture2"},
				"up": {"uv": [0, 0, 1.9, 1.9], "texture": "#texture2"},
				"down": {"uv": [0, 0, 1.9, 1.9], "texture": "#texture2"}
			}
		},
		{
			"name": "Box6",
			"from": [-1, 8, 5],
			"to": [4.5, 8.5, 6.5],
			"rotation": {"angle": -45, "axis": "z", "origin": [-1, 8, 5]},
			"faces": {
				"north": {"uv": [2, 0, 3.9, 1.9], "texture": "#texture2"},
				"east": {"uv": [2, 0, 3.9, 1.9], "texture": "#texture2"},
				"south": {"uv": [2, 0, 3.9, 1.9], "texture": "#texture2"},
				"west": {"uv": [2, 0, 3.9, 1.9], "texture": "#texture2"},
				"up": {"uv": [2, 0, 3.9, 1.9], "texture": "#texture2"},
				"down": {"uv": [2, 0, 3.9, 1.9], "texture": "#texture2"}
			}
		},
		{
			"name": "Box7",
			"from": [2.5, 4, 5],
			"to": [5.5, 4.5, 6.5],
			"rotation": {"angle": 0, "axis": "y", "origin": [6, 0, 3]},
			"faces": {
				"north": {"uv": [2, 0, 3.9, 1.9], "texture": "#texture2"},
				"east": {"uv": [2, 0, 3.9, 1.9], "texture": "#texture2"},
				"south": {"uv": [2, 0, 3.9, 1.9], "texture": "#texture2"},
				"west": {"uv": [2, 0, 3.9, 1.9], "texture": "#texture2"},
				"up": {"uv": [2, 0, 3.9, 1.9], "texture": "#texture2"},
				"down": {"uv": [2, 0, 3.9, 1.9], "texture": "#texture2"}
			}
		},
		{
			"name": "Box8",
			"from": [5.5, 4, 5],
			"to": [7.5, 9, 6.5],
			"rotation": {"angle": 22.5, "axis": "z", "origin": [5.5, 4, 5]},
			"faces": {
				"north": {"uv": [2, 0, 3.9, 1.9], "texture": "#texture2"},
				"east": {"uv": [2, 0, 3.9, 1.9], "texture": "#texture2"},
				"south": {"uv": [2, 0, 3.9, 1.9], "texture": "#texture2"},
				"west": {"uv": [2, 0, 3.9, 1.9], "texture": "#texture2"},
				"up": {"uv": [2, 0, 3.9, 1.9], "texture": "#texture2"},
				"down": {"uv": [2, 0, 3.9, 1.9], "texture": "#texture2"}
			}
		},
		{
			"name": "Box10",
			"from": [3, 6.5, 5.5],
			"to": [3.5, 8.5, 6],
			"rotation": {"angle": 22.5, "axis": "z", "origin": [3, 6.5, 5.5]},
			"faces": {
				"north": {"uv": [2, 0, 3.9, 1.9], "texture": "#texture2"},
				"east": {"uv": [2, 0, 3.9, 1.9], "texture": "#texture2"},
				"south": {"uv": [2, 0, 3.9, 1.9], "texture": "#texture2"},
				"west": {"uv": [2, 0, 3.9, 1.9], "texture": "#texture2"},
				"up": {"uv": [2, 0, 3.9, 1.9], "texture": "#texture2"},
				"down": {"uv": [2, 0, 3.9, 1.9], "texture": "#texture2"}
			}
		},
		{
			"name": "Box11",
			"from": [8.5, 8, 5],
			"to": [11, 9, 6.5],
			"rotation": {"angle": -22.5, "axis": "z", "origin": [8.5, 8, 5]},
			"faces": {
				"north": {"uv": [0, 0, 1.9, 1.9], "texture": "#texture2"},
				"east": {"uv": [0, 0, 1.9, 1.9], "texture": "#texture2"},
				"south": {"uv": [0, 0, 1.9, 1.9], "texture": "#texture2"},
				"west": {"uv": [1.9, 0, 0, 1.9], "texture": "#texture2"},
				"up": {"uv": [0, 0, 1.9, 1.9], "texture": "#texture2"},
				"down": {"uv": [0, 0, 1.9, 1.9], "texture": "#texture2"}
			}
		},
		{
			"name": "Box13",
			"from": [10, 7, 4.5],
			"to": [17, 8, 7],
			"rotation": {"angle": 0, "axis": "y", "origin": [6, 0, 3]},
			"faces": {
				"north": {"uv": [0, 0, 1.9, 1.9], "texture": "#texture2"},
				"east": {"uv": [0, 0, 1.9, 1.9], "texture": "#texture2"},
				"south": {"uv": [0, 0, 1.9, 1.9], "texture": "#texture2"},
				"west": {"uv": [0, 0, 1.9, 1.9], "texture": "#texture2"},
				"up": {"uv": [0, 0, 1.9, 1.9], "texture": "#texture2"},
				"down": {"uv": [0, 0, 1.9, 1.9], "texture": "#texture2"}
			}
		},
		{
			"name": "Box15",
			"from": [14, 7, 4.5],
			"to": [17, 7.5, 7],
			"rotation": {"angle": -45, "axis": "z", "origin": [14, 7, 4.5]},
			"faces": {
				"north": {"uv": [0, 0, 1.9, 1.9], "texture": "#texture2"},
				"east": {"uv": [0, 0, 1.9, 1.9], "texture": "#texture2"},
				"south": {"uv": [0, 0, 1.9, 1.9], "texture": "#texture2"},
				"west": {"uv": [1.9, 0, 0, 1.9], "texture": "#texture2"},
				"up": {"uv": [0, 0, 1.9, 1.9], "texture": "#texture2"},
				"down": {"uv": [0, 0, 1.9, 1.9], "texture": "#texture2"}
			}
		},
		{
			"name": "Box16",
			"from": [16, 5, 4.5],
			"to": [17, 7, 7],
			"rotation": {"angle": 0, "axis": "y", "origin": [6, 0, 3]},
			"faces": {
				"north": {"uv": [0, 0, 1.9, 1.9], "texture": "#texture2"},
				"east": {"uv": [0, 0, 1.9, 1.9], "texture": "#texture2"},
				"south": {"uv": [0, 0, 1.9, 1.9], "texture": "#texture2"},
				"west": {"uv": [0, 0, 1.9, 1.9], "texture": "#texture2"},
				"up": {"uv": [0, 0, 1.9, 1.9], "texture": "#texture2"},
				"down": {"uv": [0, 0, 1.9, 1.9], "texture": "#texture2"}
			}
		},
		{
			"name": "Box17",
			"from": [15.5, 5.5, 4.5],
			"to": [16, 7, 7],
			"rotation": {"angle": 0, "axis": "y", "origin": [6, 0, 3]},
			"faces": {
				"north": {"uv": [0, 0, 1.9, 1.9], "texture": "#texture2"},
				"east": {"uv": [0, 0, 1.9, 1.9], "texture": "#texture2"},
				"south": {"uv": [0, 0, 1.9, 1.9], "texture": "#texture2"},
				"west": {"uv": [0, 0, 1.9, 1.9], "texture": "#texture2"},
				"up": {"uv": [0, 0, 1.9, 1.9], "texture": "#texture2"},
				"down": {"uv": [0, 0, 1.9, 1.9], "texture": "#texture2"}
			}
		},
		{
			"name": "Box18",
			"from": [15, 6, 4.5],
			"to": [15.5, 7, 7],
			"rotation": {"angle": 0, "axis": "y", "origin": [6, 0, 3]},
			"faces": {
				"north": {"uv": [0, 0, 1.9, 1.9], "texture": "#texture2"},
				"east": {"uv": [0, 0, 1.9, 1.9], "texture": "#texture2"},
				"south": {"uv": [0, 0, 1.9, 1.9], "texture": "#texture2"},
				"west": {"uv": [0, 0, 1.9, 1.9], "texture": "#texture2"},
				"up": {"uv": [0, 0, 1.9, 1.9], "texture": "#texture2"},
				"down": {"uv": [0, 0, 1.9, 1.9], "texture": "#texture2"}
			}
		},
		{
			"name": "Box19",
			"from": [14.5, 6.5, 4.5],
			"to": [15, 7, 7],
			"rotation": {"angle": 0, "axis": "y", "origin": [6, 0, 3]},
			"faces": {
				"north": {"uv": [0, 0, 1.9, 1.9], "texture": "#texture2"},
				"east": {"uv": [0, 0, 1.9, 1.9], "texture": "#texture2"},
				"south": {"uv": [0, 0, 1.9, 1.9], "texture": "#texture2"},
				"west": {"uv": [0, 0, 1.9, 1.9], "texture": "#texture2"},
				"up": {"uv": [0, 0, 1.9, 1.9], "texture": "#texture2"},
				"down": {"uv": [0, 0, 1.9, 1.9], "texture": "#texture2"}
			}
		},
		{
			"name": "Box20",
			"from": [17, 5.5, 4.5],
			"to": [17.5, 9.5, 7],
			"rotation": {"angle": 0, "axis": "y", "origin": [6, 0, 3]},
			"faces": {
				"north": {"uv": [0, 0, 1.9, 1.9], "texture": "#texture2"},
				"east": {"uv": [0, 0, 1.9, 1.9], "texture": "#texture2"},
				"south": {"uv": [0, 0, 1.9, 1.9], "texture": "#texture2"},
				"west": {"uv": [1.9, 0, 0, 1.9], "texture": "#texture2"},
				"up": {"uv": [0, 0, 1.9, 1.9], "texture": "#texture2"},
				"down": {"uv": [0, 0, 1.9, 1.9], "texture": "#texture2"}
			}
		},
		{
			"name": "Box22",
			"from": [-5.5, 10.5, 5],
			"to": [7.5, 11, 6.5],
			"rotation": {"angle": 0, "axis": "y", "origin": [6, 0, 3]},
			"faces": {
				"north": {"uv": [2, 0, 3.9, 1.9], "texture": "#texture2"},
				"east": {"uv": [2, 0, 3.9, 1.9], "texture": "#texture2"},
				"south": {"uv": [2, 0, 3.9, 1.9], "texture": "#texture2"},
				"west": {"uv": [2, 0, 3.9, 1.9], "texture": "#texture2"},
				"up": {"uv": [2, 0, 3.9, 1.9], "texture": "#texture2"},
				"down": {"uv": [2, 0, 3.9, 1.9], "texture": "#texture2"}
			}
		},
		{
			"name": "Box23",
			"from": [11, 3, 5.5],
			"to": [13.5, 7, 6],
			"rotation": {"angle": 0, "axis": "y", "origin": [6, 0, 3]},
			"faces": {
				"north": {"uv": [0, 2.1, 1.9, 4], "texture": "#texture2"},
				"east": {"uv": [0, 2.1, 1.9, 4], "texture": "#texture2"},
				"south": {"uv": [0, 2.1, 1.9, 4], "texture": "#texture2"},
				"west": {"uv": [0, 2.1, 1.9, 4], "texture": "#texture2"},
				"up": {"uv": [0, 2.1, 1.9, 4], "texture": "#texture2"},
				"down": {"uv": [0, 2.1, 1.9, 4], "texture": "#texture2"}
			}
		},
		{
			"name": "Box24",
			"from": [10, 2, 5.5],
			"to": [12, 4.5, 6],
			"rotation": {"angle": -22.5, "axis": "z", "origin": [10, 2, 5.5]},
			"faces": {
				"north": {"uv": [0, 2.1, 1.9, 4], "texture": "#texture2"},
				"east": {"uv": [0, 2.1, 1.9, 4], "texture": "#texture2"},
				"south": {"uv": [0, 2.1, 1.9, 4], "texture": "#texture2"},
				"west": {"uv": [0, 2.1, 1.9, 4], "texture": "#texture2"},
				"up": {"uv": [0, 2.1, 1.9, 4], "texture": "#texture2"},
				"down": {"uv": [0, 2.1, 1.9, 4], "texture": "#texture2"}
			}
		},
		{
			"name": "Box25",
			"from": [-6.5, 8.5, 7],
			"to": [2, 9.5, 7.5],
			"rotation": {"angle": 0, "axis": "y", "origin": [6, 0, 3]},
			"faces": {
				"north": {"uv": [0, 0, 1.9, 1.9], "texture": "#texture2"},
				"east": {"uv": [0, 0, 1.9, 1.9], "texture": "#texture2"},
				"south": {"uv": [0, 0, 1.9, 1.9], "texture": "#texture2"},
				"west": {"uv": [0, 0, 1.9, 1.9], "texture": "#texture2"},
				"up": {"uv": [0, 0, 1.9, 1.9], "texture": "#texture2"},
				"down": {"uv": [0, 0, 1.9, 1.9], "texture": "#texture2"}
			}
		},
		{
			"name": "Box27",
			"from": [-5, 10.5, 5.5],
			"to": [-4.5, 11, 6],
			"rotation": {"angle": 45, "axis": "z", "origin": [-5, 10.5, 5.5]},
			"faces": {
				"north": {"uv": [2, 0, 3.9, 1.9], "texture": "#texture2"},
				"east": {"uv": [2, 0, 3.9, 1.9], "texture": "#texture2"},
				"south": {"uv": [2, 0, 3.9, 1.9], "texture": "#texture2"},
				"west": {"uv": [2, 0, 3.9, 1.9], "texture": "#texture2"},
				"up": {"uv": [2, 0, 3.9, 1.9], "texture": "#texture2"},
				"down": {"uv": [2, 0, 3.9, 1.9], "texture": "#texture2"}
			}
		},
		{
			"name": "Box25",
			"from": [-6.5, 8.5, 4],
			"to": [2, 9.5, 4.5],
			"rotation": {"angle": 0, "axis": "y", "origin": [6, 0, 3]},
			"faces": {
				"north": {"uv": [0, 0, 1.9, 1.9], "texture": "#texture2"},
				"east": {"uv": [1.9, 0, 0, 1.9], "texture": "#texture2"},
				"south": {"uv": [0, 0, 1.9, 1.9], "texture": "#texture2"},
				"west": {"uv": [0, 0, 1.9, 1.9], "texture": "#texture2"},
				"up": {"uv": [0, 0, 1.9, 1.9], "texture": "#texture2"},
				"down": {"uv": [0, 0, 1.9, 1.9], "texture": "#texture2"}
			}
		},
		{
			"name": "Box27",
			"from": [-4.5, 10.5, 5.5],
			"to": [-4, 11, 6],
			"rotation": {"angle": 45, "axis": "z", "origin": [-4.5, 10.5, 5.5]},
			"faces": {
				"north": {"uv": [2, 0, 3.9, 1.9], "texture": "#texture2"},
				"east": {"uv": [2, 0, 3.9, 1.9], "texture": "#texture2"},
				"south": {"uv": [2, 0, 3.9, 1.9], "texture": "#texture2"},
				"west": {"uv": [2, 0, 3.9, 1.9], "texture": "#texture2"},
				"up": {"uv": [2, 0, 3.9, 1.9], "texture": "#texture2"},
				"down": {"uv": [2, 0, 3.9, 1.9], "texture": "#texture2"}
			}
		},
		{
			"name": "Box27",
			"from": [-4, 10.5, 5.5],
			"to": [-3.5, 11, 6],
			"rotation": {"angle": 45, "axis": "z", "origin": [-4, 10.5, 5.5]},
			"faces": {
				"north": {"uv": [2, 0, 3.9, 1.9], "texture": "#texture2"},
				"east": {"uv": [2, 0, 3.9, 1.9], "texture": "#texture2"},
				"south": {"uv": [2, 0, 3.9, 1.9], "texture": "#texture2"},
				"west": {"uv": [2, 0, 3.9, 1.9], "texture": "#texture2"},
				"up": {"uv": [2, 0, 3.9, 1.9], "texture": "#texture2"},
				"down": {"uv": [2, 0, 3.9, 1.9], "texture": "#texture2"}
			}
		},
		{
			"name": "Box27",
			"from": [-3.5, 10.5, 5.5],
			"to": [-3, 11, 6],
			"rotation": {"angle": 45, "axis": "z", "origin": [-3.5, 10.5, 5.5]},
			"faces": {
				"north": {"uv": [2, 0, 3.9, 1.9], "texture": "#texture2"},
				"east": {"uv": [2, 0, 3.9, 1.9], "texture": "#texture2"},
				"south": {"uv": [2, 0, 3.9, 1.9], "texture": "#texture2"},
				"west": {"uv": [2, 0, 3.9, 1.9], "texture": "#texture2"},
				"up": {"uv": [2, 0, 3.9, 1.9], "texture": "#texture2"},
				"down": {"uv": [2, 0, 3.9, 1.9], "texture": "#texture2"}
			}
		},
		{
			"name": "Box27",
			"from": [-3, 10.5, 5.5],
			"to": [-2.5, 11, 6],
			"rotation": {"angle": 45, "axis": "z", "origin": [-3, 10.5, 5.5]},
			"faces": {
				"north": {"uv": [2, 0, 3.9, 1.9], "texture": "#texture2"},
				"east": {"uv": [2, 0, 3.9, 1.9], "texture": "#texture2"},
				"south": {"uv": [2, 0, 3.9, 1.9], "texture": "#texture2"},
				"west": {"uv": [2, 0, 3.9, 1.9], "texture": "#texture2"},
				"up": {"uv": [2, 0, 3.9, 1.9], "texture": "#texture2"},
				"down": {"uv": [2, 0, 3.9, 1.9], "texture": "#texture2"}
			}
		},
		{
			"name": "Box27",
			"from": [-2.5, 10.5, 5.5],
			"to": [-2, 11, 6],
			"rotation": {"angle": 45, "axis": "z", "origin": [-2.5, 10.5, 5.5]},
			"faces": {
				"north": {"uv": [2, 0, 3.9, 1.9], "texture": "#texture2"},
				"east": {"uv": [2, 0, 3.9, 1.9], "texture": "#texture2"},
				"south": {"uv": [2, 0, 3.9, 1.9], "texture": "#texture2"},
				"west": {"uv": [2, 0, 3.9, 1.9], "texture": "#texture2"},
				"up": {"uv": [2, 0, 3.9, 1.9], "texture": "#texture2"},
				"down": {"uv": [2, 0, 3.9, 1.9], "texture": "#texture2"}
			}
		},
		{
			"name": "Box27",
			"from": [-2, 10.5, 5.5],
			"to": [-1.5, 11, 6],
			"rotation": {"angle": 45, "axis": "z", "origin": [-2, 10.5, 5.5]},
			"faces": {
				"north": {"uv": [2, 0, 3.9, 1.9], "texture": "#texture2"},
				"east": {"uv": [2, 0, 3.9, 1.9], "texture": "#texture2"},
				"south": {"uv": [2, 0, 3.9, 1.9], "texture": "#texture2"},
				"west": {"uv": [2, 0, 3.9, 1.9], "texture": "#texture2"},
				"up": {"uv": [2, 0, 3.9, 1.9], "texture": "#texture2"},
				"down": {"uv": [2, 0, 3.9, 1.9], "texture": "#texture2"}
			}
		},
		{
			"name": "Box27",
			"from": [-1.5, 10.5, 5.5],
			"to": [-1, 11, 6],
			"rotation": {"angle": 45, "axis": "z", "origin": [-1.5, 10.5, 5.5]},
			"faces": {
				"north": {"uv": [2, 0, 3.9, 1.9], "texture": "#texture2"},
				"east": {"uv": [2, 0, 3.9, 1.9], "texture": "#texture2"},
				"south": {"uv": [2, 0, 3.9, 1.9], "texture": "#texture2"},
				"west": {"uv": [2, 0, 3.9, 1.9], "texture": "#texture2"},
				"up": {"uv": [2, 0, 3.9, 1.9], "texture": "#texture2"},
				"down": {"uv": [2, 0, 3.9, 1.9], "texture": "#texture2"}
			}
		},
		{
			"name": "Box27",
			"from": [-1, 10.5, 5.5],
			"to": [-0.5, 11, 6],
			"rotation": {"angle": 45, "axis": "z", "origin": [-1, 10.5, 5.5]},
			"faces": {
				"north": {"uv": [2, 0, 3.9, 1.9], "texture": "#texture2"},
				"east": {"uv": [2, 0, 3.9, 1.9], "texture": "#texture2"},
				"south": {"uv": [2, 0, 3.9, 1.9], "texture": "#texture2"},
				"west": {"uv": [2, 0, 3.9, 1.9], "texture": "#texture2"},
				"up": {"uv": [2, 0, 3.9, 1.9], "texture": "#texture2"},
				"down": {"uv": [2, 0, 3.9, 1.9], "texture": "#texture2"}
			}
		},
		{
			"name": "Box27",
			"from": [-0.5, 10.5, 5.5],
			"to": [0, 11, 6],
			"rotation": {"angle": 45, "axis": "z", "origin": [-0.5, 10.5, 5.5]},
			"faces": {
				"north": {"uv": [2, 0, 3.9, 1.9], "texture": "#texture2"},
				"east": {"uv": [2, 0, 3.9, 1.9], "texture": "#texture2"},
				"south": {"uv": [2, 0, 3.9, 1.9], "texture": "#texture2"},
				"west": {"uv": [2, 0, 3.9, 1.9], "texture": "#texture2"},
				"up": {"uv": [2, 0, 3.9, 1.9], "texture": "#texture2"},
				"down": {"uv": [2, 0, 3.9, 1.9], "texture": "#texture2"}
			}
		},
		{
			"name": "Box27",
			"from": [0, 10.5, 5.5],
			"to": [0.5, 11, 6],
			"rotation": {"angle": 45, "axis": "z", "origin": [0, 10.5, 5.5]},
			"faces": {
				"north": {"uv": [2, 0, 3.9, 1.9], "texture": "#texture2"},
				"east": {"uv": [2, 0, 3.9, 1.9], "texture": "#texture2"},
				"south": {"uv": [2, 0, 3.9, 1.9], "texture": "#texture2"},
				"west": {"uv": [2, 0, 3.9, 1.9], "texture": "#texture2"},
				"up": {"uv": [2, 0, 3.9, 1.9], "texture": "#texture2"},
				"down": {"uv": [2, 0, 3.9, 1.9], "texture": "#texture2"}
			}
		},
		{
			"name": "Box27",
			"from": [0.5, 10.5, 5.5],
			"to": [1, 11, 6],
			"rotation": {"angle": 45, "axis": "z", "origin": [0.5, 10.5, 5.5]},
			"faces": {
				"north": {"uv": [2, 0, 3.9, 1.9], "texture": "#texture2"},
				"east": {"uv": [2, 0, 3.9, 1.9], "texture": "#texture2"},
				"south": {"uv": [2, 0, 3.9, 1.9], "texture": "#texture2"},
				"west": {"uv": [2, 0, 3.9, 1.9], "texture": "#texture2"},
				"up": {"uv": [2, 0, 3.9, 1.9], "texture": "#texture2"},
				"down": {"uv": [2, 0, 3.9, 1.9], "texture": "#texture2"}
			}
		},
		{
			"name": "Box27",
			"from": [1, 10.5, 5.5],
			"to": [1.5, 11, 6],
			"rotation": {"angle": 45, "axis": "z", "origin": [1, 10.5, 5.5]},
			"faces": {
				"north": {"uv": [2, 0, 3.9, 1.9], "texture": "#texture2"},
				"east": {"uv": [2, 0, 3.9, 1.9], "texture": "#texture2"},
				"south": {"uv": [2, 0, 3.9, 1.9], "texture": "#texture2"},
				"west": {"uv": [2, 0, 3.9, 1.9], "texture": "#texture2"},
				"up": {"uv": [2, 0, 3.9, 1.9], "texture": "#texture2"},
				"down": {"uv": [2, 0, 3.9, 1.9], "texture": "#texture2"}
			}
		},
		{
			"name": "Box27",
			"from": [1.5, 10.5, 5.5],
			"to": [2, 11, 6],
			"rotation": {"angle": 45, "axis": "z", "origin": [1.5, 10.5, 5.5]},
			"faces": {
				"north": {"uv": [2, 0, 3.9, 1.9], "texture": "#texture2"},
				"east": {"uv": [2, 0, 3.9, 1.9], "texture": "#texture2"},
				"south": {"uv": [2, 0, 3.9, 1.9], "texture": "#texture2"},
				"west": {"uv": [2, 0, 3.9, 1.9], "texture": "#texture2"},
				"up": {"uv": [2, 0, 3.9, 1.9], "texture": "#texture2"},
				"down": {"uv": [2, 0, 3.9, 1.9], "texture": "#texture2"}
			}
		},
		{
			"name": "Box27",
			"from": [2, 10.5, 5.5],
			"to": [2.5, 11, 6],
			"rotation": {"angle": 45, "axis": "z", "origin": [2, 10.5, 5.5]},
			"faces": {
				"north": {"uv": [2, 0, 3.9, 1.9], "texture": "#texture2"},
				"east": {"uv": [2, 0, 3.9, 1.9], "texture": "#texture2"},
				"south": {"uv": [2, 0, 3.9, 1.9], "texture": "#texture2"},
				"west": {"uv": [2, 0, 3.9, 1.9], "texture": "#texture2"},
				"up": {"uv": [2, 0, 3.9, 1.9], "texture": "#texture2"},
				"down": {"uv": [2, 0, 3.9, 1.9], "texture": "#texture2"}
			}
		},
		{
			"name": "Box27",
			"from": [2.5, 10.5, 5.5],
			"to": [3, 11, 6],
			"rotation": {"angle": 45, "axis": "z", "origin": [2.5, 10.5, 5.5]},
			"faces": {
				"north": {"uv": [2, 0, 3.9, 1.9], "texture": "#texture2"},
				"east": {"uv": [2, 0, 3.9, 1.9], "texture": "#texture2"},
				"south": {"uv": [2, 0, 3.9, 1.9], "texture": "#texture2"},
				"west": {"uv": [2, 0, 3.9, 1.9], "texture": "#texture2"},
				"up": {"uv": [2, 0, 3.9, 1.9], "texture": "#texture2"},
				"down": {"uv": [2, 0, 3.9, 1.9], "texture": "#texture2"}
			}
		},
		{
			"name": "Box27",
			"from": [3, 10.5, 5.5],
			"to": [3.5, 11, 6],
			"rotation": {"angle": 45, "axis": "z", "origin": [3, 10.5, 5.5]},
			"faces": {
				"north": {"uv": [2, 0, 3.9, 1.9], "texture": "#texture2"},
				"east": {"uv": [2, 0, 3.9, 1.9], "texture": "#texture2"},
				"south": {"uv": [2, 0, 3.9, 1.9], "texture": "#texture2"},
				"west": {"uv": [2, 0, 3.9, 1.9], "texture": "#texture2"},
				"up": {"uv": [2, 0, 3.9, 1.9], "texture": "#texture2"},
				"down": {"uv": [2, 0, 3.9, 1.9], "texture": "#texture2"}
			}
		},
		{
			"name": "Box27",
			"from": [3.5, 10.5, 5.5],
			"to": [4, 11, 6],
			"rotation": {"angle": 45, "axis": "z", "origin": [3.5, 10.5, 5.5]},
			"faces": {
				"north": {"uv": [2, 0, 3.9, 1.9], "texture": "#texture2"},
				"east": {"uv": [2, 0, 3.9, 1.9], "texture": "#texture2"},
				"south": {"uv": [2, 0, 3.9, 1.9], "texture": "#texture2"},
				"west": {"uv": [2, 0, 3.9, 1.9], "texture": "#texture2"},
				"up": {"uv": [2, 0, 3.9, 1.9], "texture": "#texture2"},
				"down": {"uv": [2, 0, 3.9, 1.9], "texture": "#texture2"}
			}
		},
		{
			"name": "Box27",
			"from": [4, 10.5, 5.5],
			"to": [4.5, 11, 6],
			"rotation": {"angle": 45, "axis": "z", "origin": [4, 10.5, 5.5]},
			"faces": {
				"north": {"uv": [2, 0, 3.9, 1.9], "texture": "#texture2"},
				"east": {"uv": [2, 0, 3.9, 1.9], "texture": "#texture2"},
				"south": {"uv": [2, 0, 3.9, 1.9], "texture": "#texture2"},
				"west": {"uv": [2, 0, 3.9, 1.9], "texture": "#texture2"},
				"up": {"uv": [2, 0, 3.9, 1.9], "texture": "#texture2"},
				"down": {"uv": [2, 0, 3.9, 1.9], "texture": "#texture2"}
			}
		},
		{
			"name": "Box27",
			"from": [4.5, 10.5, 5.5],
			"to": [5, 11, 6],
			"rotation": {"angle": 45, "axis": "z", "origin": [4.5, 10.5, 5.5]},
			"faces": {
				"north": {"uv": [2, 0, 3.9, 1.9], "texture": "#texture2"},
				"east": {"uv": [2, 0, 3.9, 1.9], "texture": "#texture2"},
				"south": {"uv": [2, 0, 3.9, 1.9], "texture": "#texture2"},
				"west": {"uv": [2, 0, 3.9, 1.9], "texture": "#texture2"},
				"up": {"uv": [2, 0, 3.9, 1.9], "texture": "#texture2"},
				"down": {"uv": [2, 0, 3.9, 1.9], "texture": "#texture2"}
			}
		},
		{
			"name": "Box27",
			"from": [5, 10.5, 5.5],
			"to": [5.5, 11, 6],
			"rotation": {"angle": 45, "axis": "z", "origin": [5, 10.5, 5.5]},
			"faces": {
				"north": {"uv": [2, 0, 3.9, 1.9], "texture": "#texture2"},
				"east": {"uv": [2, 0, 3.9, 1.9], "texture": "#texture2"},
				"south": {"uv": [2, 0, 3.9, 1.9], "texture": "#texture2"},
				"west": {"uv": [2, 0, 3.9, 1.9], "texture": "#texture2"},
				"up": {"uv": [2, 0, 3.9, 1.9], "texture": "#texture2"},
				"down": {"uv": [2, 0, 3.9, 1.9], "texture": "#texture2"}
			}
		},
		{
			"name": "Box27",
			"from": [6, 10.5, 5.5],
			"to": [6.5, 11, 6],
			"rotation": {"angle": 45, "axis": "z", "origin": [6, 10.5, 5.5]},
			"faces": {
				"north": {"uv": [2, 0, 3.9, 1.9], "texture": "#texture2"},
				"east": {"uv": [2, 0, 3.9, 1.9], "texture": "#texture2"},
				"south": {"uv": [2, 0, 3.9, 1.9], "texture": "#texture2"},
				"west": {"uv": [2, 0, 3.9, 1.9], "texture": "#texture2"},
				"up": {"uv": [2, 0, 3.9, 1.9], "texture": "#texture2"},
				"down": {"uv": [2, 0, 3.9, 1.9], "texture": "#texture2"}
			}
		},
		{
			"name": "Box27",
			"from": [5.5, 10.5, 5.5],
			"to": [6, 11, 6],
			"rotation": {"angle": 45, "axis": "z", "origin": [5.5, 10.5, 5.5]},
			"faces": {
				"north": {"uv": [2, 0, 3.9, 1.9], "texture": "#texture2"},
				"east": {"uv": [2, 0, 3.9, 1.9], "texture": "#texture2"},
				"south": {"uv": [2, 0, 3.9, 1.9], "texture": "#texture2"},
				"west": {"uv": [2, 0, 3.9, 1.9], "texture": "#texture2"},
				"up": {"uv": [2, 0, 3.9, 1.9], "texture": "#texture2"},
				"down": {"uv": [2, 0, 3.9, 1.9], "texture": "#texture2"}
			}
		},
		{
			"name": "Box27",
			"from": [6.5, 10.5, 5.5],
			"to": [7, 11, 6],
			"rotation": {"angle": 45, "axis": "z", "origin": [6.5, 10.5, 5.5]},
			"faces": {
				"north": {"uv": [2, 0, 3.9, 1.9], "texture": "#texture2"},
				"east": {"uv": [2, 0, 3.9, 1.9], "texture": "#texture2"},
				"south": {"uv": [2, 0, 3.9, 1.9], "texture": "#texture2"},
				"west": {"uv": [2, 0, 3.9, 1.9], "texture": "#texture2"},
				"up": {"uv": [2, 0, 3.9, 1.9], "texture": "#texture2"},
				"down": {"uv": [2, 0, 3.9, 1.9], "texture": "#texture2"}
			}
		},
		{
			"name": "Box27",
			"from": [7, 10.5, 5.5],
			"to": [7.5, 11, 6],
			"rotation": {"angle": 45, "axis": "z", "origin": [7, 10.5, 5.5]},
			"faces": {
				"north": {"uv": [2, 0, 3.9, 1.9], "texture": "#texture2"},
				"east": {"uv": [2, 0, 3.9, 1.9], "texture": "#texture2"},
				"south": {"uv": [2, 0, 3.9, 1.9], "texture": "#texture2"},
				"west": {"uv": [2, 0, 3.9, 1.9], "texture": "#texture2"},
				"up": {"uv": [2, 0, 3.9, 1.9], "texture": "#texture2"},
				"down": {"uv": [2, 0, 3.9, 1.9], "texture": "#texture2"}
			}
		},
		{
			"name": "Box55",
			"from": [-7, 7.5, 5],
			"to": [-2.5, 8, 6.5],
			"rotation": {"angle": 0, "axis": "y", "origin": [6, 0, 3]},
			"faces": {
				"north": {"uv": [0, 0, 1.9, 1.9], "texture": "#texture2"},
				"east": {"uv": [0, 0, 1.9, 1.9], "texture": "#texture2"},
				"south": {"uv": [0, 0, 1.9, 1.9], "texture": "#texture2"},
				"west": {"uv": [0, 0, 1.9, 1.9], "texture": "#texture2"},
				"up": {"uv": [0, 0, 1.9, 1.9], "texture": "#texture2"},
				"down": {"uv": [0, 0, 1.9, 1.9], "texture": "#texture2"}
			}
		},
		{
			"name": "Box56",
			"from": [0.5, 11, 5.5],
			"to": [2, 11.5, 6],
			"rotation": {"angle": 0, "axis": "y", "origin": [6, 0, 3]},
			"faces": {
				"north": {"uv": [2, 0, 3.9, 1.9], "texture": "#texture2"},
				"east": {"uv": [2, 0, 3.9, 1.9], "texture": "#texture2"},
				"south": {"uv": [2, 0, 3.9, 1.9], "texture": "#texture2"},
				"west": {"uv": [2, 0, 3.9, 1.9], "texture": "#texture2"},
				"up": {"uv": [2, 0, 3.9, 1.9], "texture": "#texture2"},
				"down": {"uv": [2, 0, 3.9, 1.9], "texture": "#texture2"}
			}
		},
		{
			"name": "Box56",
			"from": [-3.5, 11, 5.5],
			"to": [-2, 11.5, 6],
			"rotation": {"angle": 0, "axis": "y", "origin": [2, 0, 3]},
			"faces": {
				"north": {"uv": [2, 0, 3.9, 1.9], "texture": "#texture2"},
				"east": {"uv": [2, 0, 3.9, 1.9], "texture": "#texture2"},
				"south": {"uv": [2, 0, 3.9, 1.9], "texture": "#texture2"},
				"west": {"uv": [2, 0, 3.9, 1.9], "texture": "#texture2"},
				"up": {"uv": [2, 0, 3.9, 1.9], "texture": "#texture2"},
				"down": {"uv": [2, 0, 3.9, 1.9], "texture": "#texture2"}
			}
		},
		{
			"name": "Box62",
			"from": [-6.5, 6.5, 5.5],
			"to": [-6, 7.5, 6],
			"rotation": {"angle": 0, "axis": "y", "origin": [6, 0, 3]},
			"faces": {
				"north": {"uv": [2, 0, 3.9, 1.9], "texture": "#texture2"},
				"east": {"uv": [2, 0, 3.9, 1.9], "texture": "#texture2"},
				"south": {"uv": [2, 0, 3.9, 1.9], "texture": "#texture2"},
				"west": {"uv": [2, 0, 3.9, 1.9], "texture": "#texture2"},
				"up": {"uv": [2, 0, 3.9, 1.9], "texture": "#texture2"},
				"down": {"uv": [2, 0, 3.9, 1.9], "texture": "#texture2"}
			}
		},
		{
			"name": "Box63",
			"from": [-6.5, 3.5, 5],
			"to": [-5.5, 6.5, 6.5],
			"rotation": {"angle": 0, "axis": "y", "origin": [6, 0, 3]},
			"faces": {
				"north": {"uv": [2, 0, 3.9, 1.9], "texture": "#texture2"},
				"east": {"uv": [2, 0, 3.9, 1.9], "texture": "#texture2"},
				"south": {"uv": [2, 0, 3.9, 1.9], "texture": "#texture2"},
				"west": {"uv": [2, 0, 3.9, 1.9], "texture": "#texture2"},
				"up": {"uv": [2, 0, 3.9, 1.9], "texture": "#texture2"},
				"down": {"uv": [2, 0, 3.9, 1.9], "texture": "#texture2"}
			}
		},
		{
			"name": "Box66",
			"from": [2.5, 8.5, 7],
			"to": [3.5, 9, 7.5],
			"rotation": {"angle": 0, "axis": "y", "origin": [6, 0, 3]},
			"faces": {
				"north": {"uv": [2, 0, 4, 2], "texture": "#texture2"},
				"east": {"uv": [2, 0, 4, 2], "texture": "#texture2"},
				"south": {"uv": [2, 0, 4, 2], "texture": "#texture2"},
				"west": {"uv": [2, 0, 4, 2], "texture": "#texture2"},
				"up": {"uv": [2, 0, 4, 2], "texture": "#texture2"},
				"down": {"uv": [2, 0, 4, 2], "texture": "#texture2"}
			}
		},
		{
			"name": "Box67",
			"from": [3, 8.5, 7.5],
			"to": [3.5, 9, 8],
			"rotation": {"angle": 0, "axis": "y", "origin": [6, 0, 3]},
			"faces": {
				"north": {"uv": [2, 0, 4, 2], "texture": "#texture2"},
				"east": {"uv": [2, 0, 4, 2], "texture": "#texture2"},
				"south": {"uv": [2, 0, 4, 2], "texture": "#texture2"},
				"west": {"uv": [2, 0, 4, 2], "texture": "#texture2"},
				"up": {"uv": [2, 0, 4, 2], "texture": "#texture2"},
				"down": {"uv": [2, 0, 4, 2], "texture": "#texture2"}
			}
		},
		{
			"name": "Box68",
			"from": [2.5, 8.5, 8],
			"to": [3.5, 9, 8.5],
			"rotation": {"angle": 22.5, "axis": "y", "origin": [2.5, 8.5, 8]},
			"faces": {
				"north": {"uv": [2, 0, 4, 2], "texture": "#texture2"},
				"east": {"uv": [2, 0, 4, 2], "texture": "#texture2"},
				"south": {"uv": [2, 0, 4, 2], "texture": "#texture2"},
				"west": {"uv": [2, 0, 4, 2], "texture": "#texture2"},
				"up": {"uv": [2, 0, 4, 2], "texture": "#texture2"},
				"down": {"uv": [2, 0, 4, 2], "texture": "#texture2"}
			}
		},
		{
			"name": "Box27",
			"from": [-3.5, 7.5, 5.5],
			"to": [-3, 8, 6],
			"rotation": {"angle": -45, "axis": "z", "origin": [-3.5, 7.5, 5.5]},
			"faces": {
				"north": {"uv": [2, 0, 3.9, 1.9], "texture": "#texture2"},
				"east": {"uv": [2, 0, 3.9, 1.9], "texture": "#texture2"},
				"south": {"uv": [2, 0, 3.9, 1.9], "texture": "#texture2"},
				"west": {"uv": [2, 0, 3.9, 1.9], "texture": "#texture2"},
				"up": {"uv": [2, 0, 3.9, 1.9], "texture": "#texture2"},
				"down": {"uv": [2, 0, 3.9, 1.9], "texture": "#texture2"}
			}
		},
		{
			"name": "Box27",
			"from": [-4, 7.5, 5.5],
			"to": [-3.5, 8, 6],
			"rotation": {"angle": -45, "axis": "z", "origin": [-4, 7.5, 5.5]},
			"faces": {
				"north": {"uv": [2, 0, 3.9, 1.9], "texture": "#texture2"},
				"east": {"uv": [2, 0, 3.9, 1.9], "texture": "#texture2"},
				"south": {"uv": [2, 0, 3.9, 1.9], "texture": "#texture2"},
				"west": {"uv": [2, 0, 3.9, 1.9], "texture": "#texture2"},
				"up": {"uv": [2, 0, 3.9, 1.9], "texture": "#texture2"},
				"down": {"uv": [2, 0, 3.9, 1.9], "texture": "#texture2"}
			}
		},
		{
			"name": "Box27",
			"from": [-4.5, 7.5, 5.5],
			"to": [-4, 8, 6],
			"rotation": {"angle": -45, "axis": "z", "origin": [-4.5, 7.5, 5.5]},
			"faces": {
				"north": {"uv": [2, 0, 3.9, 1.9], "texture": "#texture2"},
				"east": {"uv": [2, 0, 3.9, 1.9], "texture": "#texture2"},
				"south": {"uv": [2, 0, 3.9, 1.9], "texture": "#texture2"},
				"west": {"uv": [2, 0, 3.9, 1.9], "texture": "#texture2"},
				"up": {"uv": [2, 0, 3.9, 1.9], "texture": "#texture2"},
				"down": {"uv": [2, 0, 3.9, 1.9], "texture": "#texture2"}
			}
		},
		{
			"name": "Box27",
			"from": [-5, 7.5, 5.5],
			"to": [-4.5, 8, 6],
			"rotation": {"angle": -45, "axis": "z", "origin": [-5, 7.5, 5.5]},
			"faces": {
				"north": {"uv": [2, 0, 3.9, 1.9], "texture": "#texture2"},
				"east": {"uv": [2, 0, 3.9, 1.9], "texture": "#texture2"},
				"south": {"uv": [2, 0, 3.9, 1.9], "texture": "#texture2"},
				"west": {"uv": [2, 0, 3.9, 1.9], "texture": "#texture2"},
				"up": {"uv": [2, 0, 3.9, 1.9], "texture": "#texture2"},
				"down": {"uv": [2, 0, 3.9, 1.9], "texture": "#texture2"}
			}
		},
		{
			"name": "Box27",
			"from": [-5.5, 7.5, 5.5],
			"to": [-5, 8, 6],
			"rotation": {"angle": -45, "axis": "z", "origin": [-5.5, 7.5, 5.5]},
			"faces": {
				"north": {"uv": [2, 0, 3.9, 1.9], "texture": "#texture2"},
				"east": {"uv": [2, 0, 3.9, 1.9], "texture": "#texture2"},
				"south": {"uv": [2, 0, 3.9, 1.9], "texture": "#texture2"},
				"west": {"uv": [2, 0, 3.9, 1.9], "texture": "#texture2"},
				"up": {"uv": [2, 0, 3.9, 1.9], "texture": "#texture2"},
				"down": {"uv": [2, 0, 3.9, 1.9], "texture": "#texture2"}
			}
		},
		{
			"name": "Box27",
			"from": [-6, 7.5, 5.5],
			"to": [-5.5, 8, 6],
			"rotation": {"angle": -45, "axis": "z", "origin": [-6, 7.5, 5.5]},
			"faces": {
				"north": {"uv": [2, 0, 3.9, 1.9], "texture": "#texture2"},
				"east": {"uv": [2, 0, 3.9, 1.9], "texture": "#texture2"},
				"south": {"uv": [2, 0, 3.9, 1.9], "texture": "#texture2"},
				"west": {"uv": [2, 0, 3.9, 1.9], "texture": "#texture2"},
				"up": {"uv": [2, 0, 3.9, 1.9], "texture": "#texture2"},
				"down": {"uv": [2, 0, 3.9, 1.9], "texture": "#texture2"}
			}
		},
		{
			"name": "Box70",
			"from": [10, 1.5, 5],
			"to": [12, 2, 6.5],
			"rotation": {"angle": -22.5, "axis": "z", "origin": [10, 1.5, 5]},
			"faces": {
				"north": {"uv": [2, 0, 3.9, 1.9], "texture": "#texture2"},
				"east": {"uv": [2, 0, 3.9, 1.9], "texture": "#texture2"},
				"south": {"uv": [2, 0, 3.9, 1.9], "texture": "#texture2"},
				"west": {"uv": [2, 0, 3.9, 1.9], "texture": "#texture2"},
				"up": {"uv": [2, 0, 3.9, 1.9], "texture": "#texture2"},
				"down": {"uv": [2, 0, 3.9, 1.9], "texture": "#texture2"}
			}
		},
		{
			"name": "Box72",
			"from": [-6, 10, 5.5],
			"to": [-5.5, 10.5, 6],
			"rotation": {"angle": 0, "axis": "y", "origin": [6, 0, 3]},
			"faces": {
				"north": {"uv": [2.1, 0.2, 3.8, 1.7], "texture": "#texture2"},
				"east": {"uv": [2.1, 0.2, 3.8, 1.7], "texture": "#texture2"},
				"south": {"uv": [2.1, 0.2, 3.8, 1.7], "texture": "#texture2"},
				"west": {"uv": [2.1, 0.2, 3.8, 1.7], "texture": "#texture2"},
				"up": {"uv": [2.1, 0.2, 3.8, 1.7], "texture": "#texture2"},
				"down": {"uv": [2.1, 0.2, 3.8, 1.7], "texture": "#texture2"}
			}
		},
		{
			"name": "Box3",
			"from": [-7, 9.5, 6],
			"to": [-5, 10, 6.5],
			"rotation": {"angle": 22.5, "axis": "z", "origin": [-7, 9.5, 6]},
			"faces": {
				"north": {"uv": [2, 0, 3.9, 1.9], "texture": "#texture2"},
				"east": {"uv": [2, 0, 3.9, 1.9], "texture": "#texture2"},
				"south": {"uv": [2, 0, 3.9, 1.9], "texture": "#texture2"},
				"west": {"uv": [2, 0, 3.9, 1.9], "texture": "#texture2"},
				"up": {"uv": [2, 0, 3.9, 1.9], "texture": "#texture2"},
				"down": {"uv": [2, 0, 3.9, 1.9], "texture": "#texture2"}
			}
		},
		{
			"name": "Box66",
			"from": [-3, 11.5, 5],
			"to": [5, 12, 6.5],
			"rotation": {"angle": 0, "axis": "y", "origin": [6, 0, 3]},
			"faces": {
				"north": {"uv": [2, 0, 3.9, 1.9], "texture": "#texture2"},
				"east": {"uv": [2, 0, 3.9, 1.9], "texture": "#texture2"},
				"south": {"uv": [2, 0, 3.9, 1.9], "texture": "#texture2"},
				"west": {"uv": [2, 0, 3.9, 1.9], "texture": "#texture2"},
				"up": {"uv": [2, 0, 3.9, 1.9], "texture": "#texture2"},
				"down": {"uv": [2, 0, 3.9, 1.9], "texture": "#texture2"}
			}
		},
		{
			"name": "Box67",
			"from": [-3, 12, 4.5],
			"to": [5, 13, 5],
			"rotation": {"angle": 0, "axis": "y", "origin": [6, 0, 3]},
			"faces": {
				"north": {"uv": [2, 0, 3.9, 1.9], "texture": "#texture2"},
				"east": {"uv": [2, 0, 3.9, 1.9], "texture": "#texture2"},
				"south": {"uv": [2, 0, 3.9, 1.9], "texture": "#texture2"},
				"west": {"uv": [2, 0, 3.9, 1.9], "texture": "#texture2"},
				"up": {"uv": [2, 0, 3.9, 1.9], "texture": "#texture2"},
				"down": {"uv": [2, 0, 3.9, 1.9], "texture": "#texture2"}
			}
		},
		{
			"name": "Box67",
			"from": [-3, 12, 6.5],
			"to": [5, 13, 7],
			"rotation": {"angle": 0, "axis": "y", "origin": [6, 0, 3]},
			"faces": {
				"north": {"uv": [2, 0, 3.9, 1.9], "texture": "#texture2"},
				"east": {"uv": [2, 0, 3.9, 1.9], "texture": "#texture2"},
				"south": {"uv": [2, 0, 3.9, 1.9], "texture": "#texture2"},
				"west": {"uv": [2, 0, 3.9, 1.9], "texture": "#texture2"},
				"up": {"uv": [2, 0, 3.9, 1.9], "texture": "#texture2"},
				"down": {"uv": [2, 0, 3.9, 1.9], "texture": "#texture2"}
			}
		},
		{
			"name": "Box69",
			"from": [-4, 13.5, 5],
			"to": [-1.5, 14, 6.5],
			"rotation": {"angle": 0, "axis": "y", "origin": [6, 0, 3]},
			"faces": {
				"north": {"uv": [2, 0, 3.9, 1.9], "texture": "#texture2"},
				"east": {"uv": [2, 0, 3.9, 1.9], "texture": "#texture2"},
				"south": {"uv": [2, 0, 3.9, 1.9], "texture": "#texture2"},
				"west": {"uv": [2, 0, 3.9, 1.9], "texture": "#texture2"},
				"up": {"uv": [2, 0, 3.9, 1.9], "texture": "#texture2"},
				"down": {"uv": [2, 0, 3.9, 1.9], "texture": "#texture2"}
			}
		},
		{
			"name": "Box66",
			"from": [-3, 13, 5],
			"to": [5, 13.5, 6.5],
			"rotation": {"angle": 0, "axis": "y", "origin": [6, 0, 3]},
			"faces": {
				"north": {"uv": [2, 0, 3.9, 1.9], "texture": "#texture2"},
				"east": {"uv": [2, 0, 3.9, 1.9], "texture": "#texture2"},
				"south": {"uv": [2, 0, 3.9, 1.9], "texture": "#texture2"},
				"west": {"uv": [2, 0, 3.9, 1.9], "texture": "#texture2"},
				"up": {"uv": [2, 0, 3.9, 1.9], "texture": "#texture2"},
				"down": {"uv": [2, 0, 3.9, 1.9], "texture": "#texture2"}
			}
		},
		{
			"name": "Box71",
			"from": [-2.5, 12, 7],
			"to": [4.5, 13, 7.5],
			"rotation": {"angle": 0, "axis": "y", "origin": [6, 0, 3]},
			"faces": {
				"north": {"uv": [2, 0, 3.9, 1.9], "texture": "#texture2"},
				"east": {"uv": [2, 0, 3.9, 1.9], "texture": "#texture2"},
				"south": {"uv": [2, 0, 3.9, 1.9], "texture": "#texture2"},
				"west": {"uv": [2, 0, 3.9, 1.9], "texture": "#texture2"},
				"up": {"uv": [2, 0, 3.9, 1.9], "texture": "#texture2"},
				"down": {"uv": [2, 0, 3.9, 1.9], "texture": "#texture2"}
			}
		},
		{
			"name": "Box71",
			"from": [1.5, 12, 4],
			"to": [4.5, 13, 4.5],
			"rotation": {"angle": 0, "axis": "y", "origin": [6, 0, 3]},
			"faces": {
				"north": {"uv": [2, 0, 3.9, 1.9], "texture": "#texture2"},
				"east": {"uv": [2, 0, 3.9, 1.9], "texture": "#texture2"},
				"south": {"uv": [2, 0, 3.9, 1.9], "texture": "#texture2"},
				"west": {"uv": [2, 0, 3.9, 1.9], "texture": "#texture2"},
				"up": {"uv": [2, 0, 3.9, 1.9], "texture": "#texture2"},
				"down": {"uv": [2, 0, 3.9, 1.9], "texture": "#texture2"}
			}
		},
		{
			"name": "Box73",
			"from": [3.5, 12, 5],
			"to": [4.5, 13, 6.5],
			"rotation": {"angle": 0, "axis": "y", "origin": [6, 0, 3]},
			"faces": {
				"north": {"uv": [5.7, 6.6, 14.6, 13.4], "texture": "#texture2"},
				"east": {"uv": [5.7, 6.6, 14.6, 13.4], "texture": "#texture2"},
				"south": {"uv": [5.7, 6.6, 14.6, 13.4], "texture": "#texture2"},
				"west": {"uv": [5.7, 6.6, 14.6, 13.4], "texture": "#texture2"},
				"up": {"uv": [5.7, 6.6, 14.6, 13.4], "texture": "#texture2"},
				"down": {"uv": [5.7, 6.6, 14.6, 13.4], "texture": "#texture2"}
			}
		},
		{
			"name": "Box73",
			"from": [1.5, 12, 5],
			"to": [2.5, 13, 6.5],
			"rotation": {"angle": 0, "axis": "y", "origin": [6, 0, 3]},
			"faces": {
				"north": {"uv": [2, 0, 3.9, 1.9], "texture": "#texture2"},
				"east": {"uv": [2, 0, 3.9, 1.9], "texture": "#texture2"},
				"south": {"uv": [2, 0, 3.9, 1.9], "texture": "#texture2"},
				"west": {"uv": [2, 0, 3.9, 1.9], "texture": "#texture2"},
				"up": {"uv": [2, 0, 3.9, 1.9], "texture": "#texture2"},
				"down": {"uv": [2, 0, 3.9, 1.9], "texture": "#texture2"}
			}
		},
		{
			"name": "Box74",
			"from": [-2.9, 12, 5],
			"to": [-1.9, 13, 6.5],
			"rotation": {"angle": 0, "axis": "y", "origin": [1.6, 0, 3]},
			"faces": {
				"north": {"uv": [6, 6, 14.9, 13.15], "texture": "#texture2"},
				"east": {"uv": [6, 6, 14.9, 13.15], "texture": "#texture2"},
				"south": {"uv": [6, 6, 14.9, 13.15], "texture": "#texture2"},
				"west": {"uv": [6, 6, 14.9, 13.15], "texture": "#texture2"},
				"up": {"uv": [6, 6, 14.9, 13.15], "texture": "#texture2"},
				"down": {"uv": [6, 6, 14.9, 13.15], "texture": "#texture2"}
			}
		}
	],
	"gui_light": "front",
	"display": {
		"thirdperson_righthand": {
			"rotation": [0, -90, 0],
			"translation": [-2.25, 0, 4.1521],
			"scale": [0.6521, 0.6869, 0.6521]
		},
		"thirdperson_lefthand": {
			"rotation": [0, 90, 0],
			"translation": [0.75, 0, 5.4021],
			"scale": [0.6521, 0.6869, 0.6521]
		},
		"firstperson_righthand": {
			"rotation": [5, -87, 0],
			"translation": [-7.25, 3, 9.5],
			"scale": [1.3478, 0.8956, 0.826]
		},
		"firstperson_lefthand": {
			"rotation": [15, 90, 0],
			"translation": [-6.75, -3.25, 18]
		},
		"ground": {
			"translation": [0.9565, 0, 1.25],
			"scale": [0.5, 0.5, 0.5]
		},
		"gui": {
			"rotation": [-180, 0, 135],
			"translation": [-2, -1.75, 0],
			"scale": [0.5, 0.5, 0.5]
		},
		"fixed": {
			"rotation": [0, 0, -39],
			"translation": [2.75, -2, 1.25],
			"scale": [0.7, 0.7, 0.7]
		}
	},
	"groups": [
		{
			"name": "AUG_ACOG",
			"origin": [8, 8, 8],
			"color": 0,
			"children": [
				0,
				1,
				2,
				3,
				4,
				5,
				6,
				7,
				8,
				9,
				10,
				11,
				12,
				13,
				14,
				15,
				16,
				17,
				18,
				19,
				20,
				21,
				22,
				23,
				24,
				25,
				26,
				27,
				28,
				29,
				30,
				31,
				32,
				33,
				34,
				35,
				36,
				37,
				38,
				39,
				40,
				41,
				42,
				43,
				44,
				45,
				46,
				47,
				48,
				49,
				50,
				51,
				52,
				53,
				54,
				55,
				56,
				57,
				58,
				59,
				60,
				61,
				62,
				63,
				64,
				65,
				66,
				67,
				68,
				69,
				70,
				71,
				72,
				73
			]
		}
	]
}