{
	"format_version": "1.21.11",
	"credit": "Made with Blockbench",
	"textures": {
		"awp_asiimov": "items/awp_asiimov"
	},
	"elements": [
		{
			"from": [7, 5, 10.5],
			"to": [8, 5.5, 12.5],
			"faces": {
				"north": {"uv": [0.5, 9, 0, 9.5], "texture": "#awp_asiimov"},
				"east": {"uv": [10.5, 11.5, 12, 12.5], "texture": "#awp_asiimov"},
				"south": {"uv": [9.5, 11.5, 10, 12], "texture": "#awp_asiimov"},
				"west": {"uv": [12, 12.5, 10.5, 11.5], "texture": "#awp_asiimov"},
				"up": {"uv": [14, 12.5, 15.5, 13.5], "texture": "#awp_asiimov"},
				"down": {"uv": [14, 13.5, 15.5, 12.5], "texture": "#awp_asiimov"}
			}
		},
		{
			"from": [7, 5.5, 12],
			"to": [8, 6, 13],
			"faces": {
				"north": {"uv": [8.5, 12, 9, 12.5], "texture": "#awp_asiimov"},
				"east": {"uv": [9, 11.5, 9.5, 12], "texture": "#awp_asiimov"},
				"south": {"uv": [9, 11.5, 9.5, 12], "texture": "#awp_asiimov"},
				"west": {"uv": [9, 11.5, 9.5, 12], "texture": "#awp_asiimov"},
				"up": {"uv": [10, 11.5, 10.5, 12], "texture": "#awp_asiimov"},
				"down": {"uv": [10.5, 12, 10, 11.5], "texture": "#awp_asiimov"}
			}
		},
		{
			"from": [7, 6, 14],
			"to": [8, 8, 15],
			"faces": {
				"east": {"uv": [6, 12.5, 6.5, 13], "texture": "#awp_asiimov"},
				"south": {"uv": [13.5, 11, 14, 11.5], "texture": "#awp_asiimov"},
				"west": {"uv": [6, 12.5, 6.5, 13], "texture": "#awp_asiimov"},
				"down": {"uv": [2.5, 9, 2, 8.5], "texture": "#awp_asiimov"}
			}
		},
		{
			"from": [7, 6, 12.5],
			"to": [8, 8, 14],
			"faces": {
				"north": {"uv": [9, 11.5, 8.5, 12], "texture": "#awp_asiimov"},
				"east": {"uv": [7.5, 11.5, 8, 12], "texture": "#awp_asiimov"},
				"south": {"uv": [7.5, 12, 8, 12.5], "texture": "#awp_asiimov"},
				"west": {"uv": [7.5, 11.5, 8, 12], "texture": "#awp_asiimov"},
				"up": {"uv": [13.5, 11, 14, 11.5], "texture": "#awp_asiimov"},
				"down": {"uv": [2.5, 8.5, 2, 8], "texture": "#awp_asiimov"}
			}
		},
		{
			"from": [7, 5.47, 14.5625],
			"to": [8.01, 8.5, 19.1075],
			"faces": {
				"north": {"uv": [8.0625, 7.5, 7.0625, 10.5], "texture": "#awp_asiimov"},
				"east": {"uv": [0, 11.5, 7.5, 16], "texture": "#awp_asiimov"},
				"south": {"uv": [7.0625, 7.5, 8.0625, 10.5], "texture": "#awp_asiimov"},
				"west": {"uv": [7.5, 11.5, 0, 16], "texture": "#awp_asiimov"},
				"up": {"uv": [10.5, 9.5, 11.5, 11], "texture": "#awp_asiimov"},
				"down": {"uv": [2.5, 10, 2, 9.5], "texture": "#awp_asiimov"}
			}
		},
		{
			"from": [7, 5.5, 9.5],
			"to": [8, 6, 11],
			"faces": {
				"east": {"uv": [0, 8, 0.5, 8.5], "texture": "#awp_asiimov"},
				"south": {"uv": [0, 8.5, 0.5, 9], "texture": "#awp_asiimov"},
				"west": {"uv": [0, 9, 0.5, 9.5], "texture": "#awp_asiimov"},
				"down": {"uv": [0.5, 9, 0, 8.5], "texture": "#awp_asiimov"}
			}
		},
		{
			"from": [7, 6, 10],
			"to": [8, 7, 11],
			"faces": {
				"north": {"uv": [0, 9, 0.5, 9.5], "texture": "#awp_asiimov"},
				"east": {"uv": [0, 8.5, 0.5, 9], "texture": "#awp_asiimov"},
				"south": {"uv": [0, 8.5, 0.5, 9], "texture": "#awp_asiimov"},
				"west": {"uv": [0, 8.5, 0.5, 9], "texture": "#awp_asiimov"}
			}
		},
		{
			"from": [7, 7, 11],
			"to": [8, 8.5, 13],
			"faces": {
				"east": {"uv": [5, 12.5, 7, 14], "texture": "#awp_asiimov"},
				"south": {"uv": [7, 7.5, 8, 9], "texture": "#awp_asiimov"},
				"west": {"uv": [5, 12.5, 7, 14], "texture": "#awp_asiimov"},
				"up": {"uv": [5.5, 12, 6.5, 14], "texture": "#awp_asiimov"},
				"down": {"uv": [6, 11.5, 7, 13.5], "texture": "#awp_asiimov"}
			}
		},
		{
			"from": [6.5625, 7, 4],
			"to": [8.5625, 9, 11],
			"faces": {
				"north": {"uv": [0, 9.5, 0.5, 10], "texture": "#awp_asiimov"},
				"east": {"uv": [5, 6.5, 14.5, 9], "texture": "#awp_asiimov"},
				"south": {"uv": [3.5, 13, 4, 13.5], "texture": "#awp_asiimov"},
				"west": {"uv": [14.5, 6.5, 5, 9], "texture": "#awp_asiimov"},
				"up": {"uv": [4, 12, 4.5, 12.5], "texture": "#awp_asiimov"},
				"down": {"uv": [8, 12, 9.5, 11], "texture": "#awp_asiimov"}
			}
		},
		{
			"from": [7, 8.5, -14],
			"to": [8, 9.5, 5],
			"faces": {
				"north": {"uv": [0, 8.5, 0.5, 9], "texture": "#awp_asiimov"},
				"east": {"uv": [3.5, 9, 16, 10], "texture": "#awp_asiimov"},
				"south": {"uv": [1.5, 10, 2, 10.5], "texture": "#awp_asiimov"},
				"west": {"uv": [16, 9, 3.5, 10], "texture": "#awp_asiimov"},
				"up": {"uv": [16, 9, 15.5, 0], "texture": "#awp_asiimov"},
				"down": {"uv": [15.5, 0, 16, 9], "texture": "#awp_asiimov"}
			}
		},
		{
			"from": [6.0625, 7, -7],
			"to": [6.5625, 7.5, -1],
			"faces": {
				"north": {"uv": [2, 8.5, 2.5, 9], "texture": "#awp_asiimov"},
				"east": {"uv": [8.5625, 9.90625, 3.53125, 10.03125], "texture": "#awp_asiimov"},
				"south": {"uv": [2, 9, 2.5, 9.5], "texture": "#awp_asiimov"},
				"west": {"uv": [3, 9.96875, 8.5, 10], "texture": "#awp_asiimov"},
				"up": {"uv": [5, 7.90625, 5.1875, 2], "texture": "#awp_asiimov"},
				"down": {"uv": [4.9375, 2, 5.0625, 8], "texture": "#awp_asiimov"}
			}
		},
		{
			"from": [8.5, 7, -7],
			"to": [9, 7.5, -1],
			"faces": {
				"north": {"uv": [2, 10, 2.5, 10.5], "texture": "#awp_asiimov"},
				"east": {"uv": [8.4375, 9.96875, 3, 10], "texture": "#awp_asiimov"},
				"south": {"uv": [2, 9, 2.5, 9.5], "texture": "#awp_asiimov"},
				"west": {"uv": [3, 9.96875, 8.5, 10], "texture": "#awp_asiimov"},
				"up": {"uv": [5, 8, 5.0625, 2], "texture": "#awp_asiimov"},
				"down": {"uv": [5, 2, 5.0625, 8], "texture": "#awp_asiimov"}
			}
		},
		{
			"from": [7, 9, 4.5],
			"to": [8, 10, 10],
			"faces": {
				"north": {"uv": [10.5, 3.5, 10, 3], "texture": "#awp_asiimov"},
				"east": {"uv": [9.5, 2.5, 15, 3.5], "texture": "#awp_asiimov"},
				"south": {"uv": [1.5, 8, 2, 8.5], "texture": "#awp_asiimov"},
				"west": {"uv": [15, 2.5, 9.5, 3.5], "texture": "#awp_asiimov"},
				"up": {"uv": [7.5, 6, 9, 0], "texture": "#awp_asiimov"}
			}
		},
		{
			"from": [6.5, 9, 7.5],
			"to": [7, 9.5, 9],
			"faces": {
				"north": {"uv": [1.5, 11.5, 2, 12], "texture": "#awp_asiimov"},
				"south": {"uv": [1.5, 11.5, 2, 12], "texture": "#awp_asiimov"},
				"west": {"uv": [9.5, 5.5, 10.5, 6], "texture": "#awp_asiimov"},
				"up": {"uv": [2, 11.5, 2.5, 12], "texture": "#awp_asiimov"},
				"down": {"uv": [2, 12.5, 1.5, 12], "texture": "#awp_asiimov"}
			}
		},
		{
			"from": [6.5, 9, 4.5],
			"to": [7, 9.5, 6.5],
			"faces": {
				"north": {"uv": [1.5, 11.5, 2, 12], "texture": "#awp_asiimov"},
				"south": {"uv": [2, 11.5, 2.5, 12], "texture": "#awp_asiimov"},
				"west": {"uv": [1.5, 11.5, 2, 12], "texture": "#awp_asiimov"},
				"up": {"uv": [2, 11.5, 2.5, 12], "texture": "#awp_asiimov"},
				"down": {"uv": [2, 12, 1.5, 11.5], "texture": "#awp_asiimov"}
			}
		},
		{
			"from": [6.5, 9.5, 5],
			"to": [8.5, 10.5, 5.5],
			"faces": {
				"north": {"uv": [2, 10, 2.5, 10.5], "texture": "#awp_asiimov"},
				"east": {"uv": [2, 10, 2.5, 10.5], "texture": "#awp_asiimov"},
				"south": {"uv": [1.5, 10, 2, 10.5], "texture": "#awp_asiimov"},
				"west": {"uv": [2, 10, 2.5, 10.5], "texture": "#awp_asiimov"},
				"up": {"uv": [2, 10, 2.5, 10.5], "texture": "#awp_asiimov"},
				"down": {"uv": [2, 10.5, 1.5, 10], "texture": "#awp_asiimov"}
			}
		},
		{
			"from": [8, 9, 4.5],
			"to": [8.5, 9.5, 6.5],
			"faces": {
				"north": {"uv": [1.5, 11.5, 2, 12], "texture": "#awp_asiimov"},
				"east": {"uv": [1.5, 12, 2, 12.5], "texture": "#awp_asiimov"},
				"south": {"uv": [2, 11.5, 2.5, 12], "texture": "#awp_asiimov"},
				"west": {"uv": [1.5, 11.5, 2, 12], "texture": "#awp_asiimov"},
				"up": {"uv": [2, 11.5, 2.5, 12], "texture": "#awp_asiimov"}
			}
		},
		{
			"from": [8, 9, 7.5],
			"to": [8.5, 9.5, 9],
			"faces": {
				"north": {"uv": [1.5, 11.5, 2, 12], "texture": "#awp_asiimov"},
				"east": {"uv": [9.5, 5.5, 10.5, 6], "texture": "#awp_asiimov"},
				"south": {"uv": [1.5, 11.5, 2, 12], "texture": "#awp_asiimov"},
				"west": {"uv": [9.5, 5.5, 10.5, 6], "texture": "#awp_asiimov"},
				"up": {"uv": [1.5, 11.5, 2, 12], "texture": "#awp_asiimov"}
			}
		},
		{
			"from": [6.5, 9.5, 8],
			"to": [8.5, 10.5, 8.5],
			"faces": {
				"north": {"uv": [2, 10, 2.5, 10.5], "texture": "#awp_asiimov"},
				"east": {"uv": [2, 10, 2.5, 10.5], "texture": "#awp_asiimov"},
				"south": {"uv": [1.5, 10, 2, 10.5], "texture": "#awp_asiimov"},
				"west": {"uv": [1.5, 10, 2, 10.5], "texture": "#awp_asiimov"},
				"up": {"uv": [1.5, 10, 2, 10.5], "texture": "#awp_asiimov"},
				"down": {"uv": [2, 10, 1.5, 10.5], "texture": "#awp_asiimov"}
			}
		},
		{
			"from": [7, 10.5, 5],
			"to": [8, 11, 5.5],
			"faces": {
				"north": {"uv": [2, 10, 2.5, 10.5], "texture": "#awp_asiimov"},
				"east": {"uv": [1.5, 10, 2, 10.5], "texture": "#awp_asiimov"},
				"south": {"uv": [1.5, 10, 2, 10.5], "texture": "#awp_asiimov"},
				"west": {"uv": [2, 10, 2.5, 10.5], "texture": "#awp_asiimov"}
			}
		},
		{
			"from": [7, 10.5, 8],
			"to": [8, 11, 8.5],
			"faces": {
				"north": {"uv": [2, 10.5, 2.5, 11], "texture": "#awp_asiimov"},
				"east": {"uv": [1.5, 10.5, 2, 11], "texture": "#awp_asiimov"},
				"south": {"uv": [1.5, 10, 2, 10.5], "rotation": 180, "texture": "#awp_asiimov"},
				"west": {"uv": [2, 10, 2.5, 10.5], "texture": "#awp_asiimov"}
			}
		},
		{
			"from": [7, 11, 4.5],
			"to": [8, 12, 9.5],
			"faces": {
				"east": {"uv": [8, 13, 16, 14.5], "texture": "#awp_asiimov"},
				"south": {"uv": [5.5, 2, 7, 3.5], "texture": "#awp_asiimov"},
				"west": {"uv": [16, 14.5, 8, 13], "texture": "#awp_asiimov"},
				"up": {"uv": [3.5, 9, 5, 1.5], "texture": "#awp_asiimov"},
				"down": {"uv": [3.5, 1.5, 5, 9], "texture": "#awp_asiimov"}
			}
		},
		{
			"from": [6.5, 10.5, 3],
			"to": [8.5, 12.5, 4.5],
			"faces": {
				"north": {"uv": [5.5, 3.5, 7, 5], "texture": "#awp_asiimov"},
				"east": {"uv": [0, 8.5, 0, 8.5], "texture": "#awp_asiimov"},
				"south": {"uv": [0, 8, 0.5, 8.5], "texture": "#awp_asiimov"},
				"west": {"uv": [0, 8, 0, 8.5], "texture": "#awp_asiimov"},
				"up": {"uv": [0, 8, 0, 8], "texture": "#awp_asiimov"},
				"down": {"uv": [0, 8, 0, 8], "texture": "#awp_asiimov"}
			}
		},
		{
			"from": [6.5, 11, 5],
			"to": [8.5, 12.5, 5.5],
			"faces": {
				"north": {"uv": [2, 10, 2.5, 10.5], "texture": "#awp_asiimov"},
				"east": {"uv": [1.5, 10, 2, 10.5], "texture": "#awp_asiimov"},
				"south": {"uv": [1.5, 10, 2, 10.5], "texture": "#awp_asiimov"},
				"west": {"uv": [2, 10, 2.5, 10.5], "texture": "#awp_asiimov"},
				"up": {"uv": [2, 10, 2.5, 10.5], "texture": "#awp_asiimov"},
				"down": {"uv": [2, 10.5, 1.5, 10], "texture": "#awp_asiimov"}
			}
		},
		{
			"from": [6.5, 11, 8],
			"to": [8.5, 12.5, 8.5],
			"faces": {
				"north": {"uv": [1.5, 10, 2, 10.5], "texture": "#awp_asiimov"},
				"east": {"uv": [1.5, 10, 2, 10.5], "texture": "#awp_asiimov"},
				"south": {"uv": [2, 10, 2.5, 10.5], "texture": "#awp_asiimov"},
				"west": {"uv": [2, 10, 2.5, 10.5], "texture": "#awp_asiimov"},
				"up": {"uv": [1.5, 10, 2, 10.5], "texture": "#awp_asiimov"},
				"down": {"uv": [2, 10.5, 1.5, 10], "texture": "#awp_asiimov"}
			}
		},
		{
			"from": [7, 12, 6],
			"to": [8, 12.5, 7],
			"faces": {
				"north": {"uv": [1, 3, 2.5, 4.5], "texture": "#awp_asiimov"},
				"east": {"uv": [1.5, 8, 2, 8.5], "texture": "#awp_asiimov"},
				"south": {"uv": [1, 2.5, 2.5, 4], "texture": "#awp_asiimov"},
				"west": {"uv": [1, 2.5, 2.5, 4], "texture": "#awp_asiimov"},
				"up": {"uv": [5.5, 0, 7, 1.5], "texture": "#awp_asiimov"}
			}
		},
		{
			"from": [7, 6.5, 5],
			"to": [8, 7.5, 7.5],
			"faces": {
				"north": {"uv": [14, 10, 14.5, 11.5], "texture": "#awp_asiimov"},
				"east": {"uv": [14, 10, 16, 11.5], "texture": "#awp_asiimov"},
				"south": {"uv": [14, 10, 14.5, 11.5], "texture": "#awp_asiimov"},
				"west": {"uv": [14, 10, 16, 11.5], "texture": "#awp_asiimov"},
				"up": {"uv": [2, 10.5, 2.5, 11], "texture": "#awp_asiimov"},
				"down": {"uv": [0.5, 9, 0, 8.5], "texture": "#awp_asiimov"}
			}
		},
		{
			"from": [6.5, 7, -2.5],
			"to": [8.5, 7.5, -1],
			"faces": {
				"north": {"uv": [1.5, 10.5, 2, 11], "texture": "#awp_asiimov"},
				"south": {"uv": [1.5, 10, 2, 10.5], "texture": "#awp_asiimov"},
				"west": {"uv": [1.5, 10, 2, 10.5], "texture": "#awp_asiimov"},
				"down": {"uv": [2.5, 10, 2, 10.5], "texture": "#awp_asiimov"}
			}
		},
		{
			"from": [7, 6, 8],
			"to": [8, 7, 9],
			"faces": {
				"north": {"uv": [1.5, 11.5, 2, 12], "texture": "#awp_asiimov"},
				"east": {"uv": [4, 0, 5, 1], "texture": "#awp_asiimov"},
				"south": {"uv": [13.5, 11, 14, 11.5], "texture": "#awp_asiimov"},
				"west": {"uv": [5, 0, 4, 1], "texture": "#awp_asiimov"},
				"down": {"uv": [14, 11.5, 13.5, 11], "texture": "#awp_asiimov"}
			}
		},
		{
			"from": [7, 5.5, 8.5],
			"to": [8, 6.5, 9.5],
			"faces": {
				"north": {"uv": [0, 9, 0.5, 9.5], "texture": "#awp_asiimov"},
				"east": {"uv": [0, 7.5, 0.5, 8], "texture": "#awp_asiimov"},
				"south": {"uv": [0, 9, 0.5, 9.5], "texture": "#awp_asiimov"},
				"west": {"uv": [0, 9, 0.5, 9.5], "texture": "#awp_asiimov"},
				"up": {"uv": [0, 8, 0.5, 8.5], "texture": "#awp_asiimov"},
				"down": {"uv": [0.5, 8.5, 0, 8], "texture": "#awp_asiimov"}
			}
		},
		{
			"from": [6.5, 11, 6.5],
			"to": [7, 12, 7.5],
			"faces": {
				"north": {"uv": [2, 8, 2.5, 8.5], "texture": "#awp_asiimov"},
				"south": {"uv": [1.5, 8, 2, 8.5], "texture": "#awp_asiimov"},
				"west": {"uv": [5.5, 0, 7, 1.5], "texture": "#awp_asiimov"},
				"up": {"uv": [2, 8, 2.5, 8.5], "texture": "#awp_asiimov"},
				"down": {"uv": [2, 8.5, 2.5, 8], "texture": "#awp_asiimov"}
			}
		},
		{
			"from": [6.5, 7.5, -2.5],
			"to": [8.5, 9, 4],
			"faces": {
				"north": {"uv": [0, 8.5, 0.5, 9], "texture": "#awp_asiimov"},
				"east": {"uv": [9.5, 3.5, 15, 5], "texture": "#awp_asiimov"},
				"south": {"uv": [0, 8, 0.5, 8.5], "texture": "#awp_asiimov"},
				"west": {"uv": [15, 3.5, 9.5, 5], "texture": "#awp_asiimov"},
				"up": {"uv": [15, 13, 16, 13.5], "texture": "#awp_asiimov"},
				"down": {"uv": [8, 10.5, 9, 10], "texture": "#awp_asiimov"}
			}
		},
		{
			"from": [6.5, 5, 18.5],
			"to": [8.5, 9, 19.5],
			"shade": false,
			"faces": {
				"north": {"uv": [1, 4, 2.5, 5], "texture": "#awp_asiimov", "cullface": "north"},
				"east": {"uv": [0, 6.5, 3, 11], "texture": "#awp_asiimov", "cullface": "east"},
				"south": {"uv": [0, 0.5, 2, 1], "texture": "#awp_asiimov", "cullface": "south"},
				"west": {"uv": [3, 11, 0, 6.5], "texture": "#awp_asiimov", "cullface": "west"},
				"up": {"uv": [0.5, 3.5, 3, 5.5], "texture": "#awp_asiimov", "cullface": "up"},
				"down": {"uv": [0.5, 5.5, 3, 3.5], "texture": "#awp_asiimov", "cullface": "down"}
			}
		},
		{
			"from": [6.5, 5, 16],
			"to": [8.5, 6, 18.5],
			"faces": {
				"north": {"uv": [1, 3, 1.5, 3], "texture": "#awp_asiimov"},
				"east": {"uv": [10.5, 1.5, 13.5, 2.5], "texture": "#awp_asiimov"},
				"west": {"uv": [14, 1.5, 10.5, 2.5], "texture": "#awp_asiimov"},
				"up": {"uv": [0.5, 0, 2.5, 2.5], "texture": "#awp_asiimov"},
				"down": {"uv": [1, 2.5, 2.5, 4.5], "texture": "#awp_asiimov"}
			}
		},
		{
			"from": [7.001, 7.4, 11],
			"to": [7.991, 8.885, 19.415],
			"faces": {
				"east": {"uv": [8, 15, 16, 16], "texture": "#awp_asiimov"},
				"south": {"uv": [2, 11.5, 5, 13], "texture": "#awp_asiimov"},
				"west": {"uv": [16, 15, 8, 16], "texture": "#awp_asiimov"},
				"up": {"uv": [8.5, 10.5, 10.5, 12], "texture": "#awp_asiimov"},
				"down": {"uv": [8.5, 10.5, 10.5, 12], "texture": "#awp_asiimov"}
			}
		},
		{
			"from": [6.999, 7.5, 11.1],
			"to": [7.999, 8.5, 14.8139],
			"faces": {
				"north": {"uv": [8, 7.5, 9, 8.5], "texture": "#awp_asiimov"},
				"east": {"uv": [4, 12, 7.5, 13], "texture": "#awp_asiimov"},
				"south": {"uv": [7, 7.5, 8, 8.5], "texture": "#awp_asiimov"},
				"west": {"uv": [3.5, 11.5, 7, 12.5], "texture": "#awp_asiimov"},
				"up": {"uv": [7, 11, 8, 14.5], "texture": "#awp_asiimov"},
				"down": {"uv": [9, 14.5, 8, 11], "texture": "#awp_asiimov"}
			}
		}
	],
	"gui_light": "front",
	"display": {
		"thirdperson_righthand": {
			"translation": [0, 0, -2.4]
		},
		"thirdperson_lefthand": {
			"translation": [0, 0, -2.4]
		},
		"firstperson_righthand": {
			"rotation": [4.5, 0, 0],
			"translation": [-8.38, 0.5, 4.75]
		},
		"firstperson_lefthand": {
			"rotation": [1.5, 0, 0],
			"translation": [-9.5, 4.5, 17]
		},
		"gui": {
			"rotation": [45, -45, 10],
			"translation": [-2, -0.75, 0],
			"scale": [0.6, 0.6, 0.6]
		},
		"fixed": {
			"rotation": [0, 90, 0],
			"translation": [1.5, 0, -1.75],
			"scale": [0.74, 0.74, 0.74]
		}
	},
	"groups": [
		{
			"name": "awp_asiimov",
			"origin": [8, 8, 8],
			"color": 0,
			"children": [0, 1, 2, 3, 4, 5, 6, 7, 8, 9, 10, 11, 12, 13, 14, 15, 16, 17, 18, 19, 20, 21, 22, 23, 24, 25, 26, 27, 28, 29, 30, 31, 32, 33, 34, 35]
		}
	]
}