{
	"format_version": "1.21.11",
	"credit": "Made with Blockbench",
	"textures": {
		"0": "gravitygun/gravitygun_crystal",
		"1": "gravitygun/gravitygun_muzzle",
		"2": "gravitygun/gravitygun_body",
		"3": "gravitygun/gravitygun_support",
		"4": "gravitygun/gravitygun_handles",
		"5": "gravitygun/gravitygun_claws",
		"particle": "gravitygun/gravitygun_crystal"
	},
	"elements": [
		{
			"from": [8.5, 8.75, 1],
			"to": [7.5, 5.75, -4],
			"rotation": {"angle": 0, "axis": "y", "origin": [8, 4, 0.5]},
			"faces": {
				"north": {"uv": [9, 0, 10, 3], "texture": "#5"},
				"south": {"uv": [9, 0, 10, 3], "texture": "#5"},
				"down": {"uv": [9, 5, 8, 0], "texture": "#5"}
			}
		},
		{
			"from": [7.5, 5.75, -5],
			"to": [8.5, 9.75, 2],
			"rotation": {"angle": 0, "axis": "y", "origin": [8, 4, 0.5]},
			"faces": {
				"north": {"uv": [0, 1, 1, 5], "texture": "#5"},
				"east": {"uv": [8, 1, 1, 5], "texture": "#5"},
				"south": {"uv": [0, 1, 1, 5], "texture": "#5"},
				"west": {"uv": [1, 1, 8, 5], "texture": "#5"},
				"up": {"uv": [0, 0, 7, 1], "rotation": 90, "texture": "#5"},
				"down": {"uv": [7, 6, 0, 5], "rotation": 90, "texture": "#5"}
			}
		},
		{
			"from": [6.25, 4.5, 1],
			"to": [3.25, 3.5, -4],
			"rotation": {"angle": 22.5, "axis": "z", "origin": [8, 4, 0.5]},
			"faces": {
				"north": {"uv": [9, 0, 10, 3], "rotation": 90, "texture": "#5"},
				"east": {"uv": [9, 5, 8, 0], "rotation": 270, "texture": "#5"},
				"south": {"uv": [9, 0, 10, 3], "rotation": 270, "texture": "#5"}
			}
		},
		{
			"from": [2.25, 3.5, -5],
			"to": [6.25, 4.5, 2],
			"rotation": {"angle": 22.5, "axis": "z", "origin": [8, 4, 0.5]},
			"faces": {
				"north": {"uv": [0, 1, 1, 5], "rotation": 90, "texture": "#5"},
				"east": {"uv": [7, 6, 0, 5], "texture": "#5"},
				"south": {"uv": [0, 1, 1, 5], "rotation": 270, "texture": "#5"},
				"west": {"uv": [0, 0, 7, 1], "texture": "#5"},
				"up": {"uv": [8, 1, 1, 5], "rotation": 270, "texture": "#5"},
				"down": {"uv": [1, 1, 8, 5], "rotation": 270, "texture": "#5"}
			}
		},
		{
			"from": [12.75, 4.5, 1],
			"to": [9.75, 3.5, -4],
			"rotation": {"angle": -22.5, "axis": "z", "origin": [8, 4, 0.5]},
			"faces": {
				"north": {"uv": [9, 0, 10, 3], "rotation": 270, "texture": "#5"},
				"south": {"uv": [9, 0, 10, 3], "rotation": 90, "texture": "#5"},
				"west": {"uv": [9, 5, 8, 0], "rotation": 90, "texture": "#5"}
			}
		},
		{
			"from": [9.75, 3.5, -5],
			"to": [13.75, 4.5, 2],
			"rotation": {"angle": -22.5, "axis": "z", "origin": [8, 4, 0.5]},
			"faces": {
				"north": {"uv": [0, 1, 1, 5], "rotation": 270, "texture": "#5"},
				"east": {"uv": [0, 0, 7, 1], "rotation": 180, "texture": "#5"},
				"south": {"uv": [0, 1, 1, 5], "rotation": 90, "texture": "#5"},
				"west": {"uv": [7, 6, 0, 5], "rotation": 180, "texture": "#5"},
				"up": {"uv": [1, 1, 8, 5], "rotation": 90, "texture": "#5"},
				"down": {"uv": [8, 1, 1, 5], "rotation": 90, "texture": "#5"}
			}
		},
		{
			"from": [5.25, 1.25, 0],
			"to": [10.75, 6.75, 7.5],
			"rotation": {"angle": 0, "axis": "y", "origin": [8, 4, 5.25]},
			"faces": {
				"north": {"uv": [0, 7, 5, 12], "texture": "#1"},
				"east": {"uv": [10, 0, 5, 7], "rotation": 90, "texture": "#1"},
				"west": {"uv": [10, 7, 5, 0], "rotation": 90, "texture": "#1"},
				"up": {"uv": [5, 0, 0, 7], "texture": "#1"},
				"down": {"uv": [15, 7, 10, 0], "texture": "#1"}
			}
		},
		{
			"from": [5.5, 1.5, 0.5],
			"to": [10.5, 6.5, 7.5],
			"rotation": {"angle": 0, "axis": "y", "origin": [8, 4, 5.5]},
			"faces": {
				"north": {"uv": [0, 0, 5, 5], "texture": "#0"},
				"east": {"uv": [10, 0, 15, 7], "rotation": 90, "texture": "#0"},
				"west": {"uv": [15, 7, 10, 0], "rotation": 90, "texture": "#0"},
				"up": {"uv": [5, 0, 10, 7], "texture": "#0"},
				"down": {"uv": [15, 7, 10, 0], "texture": "#0"}
			}
		},
		{
			"from": [9.25, 1, 10.75],
			"to": [14.25, 5, 14.75],
			"rotation": {"angle": -22.5, "axis": "z", "origin": [9.5, 3, 12.75]},
			"faces": {
				"north": {"uv": [0, 8, 5, 12], "texture": "#4"},
				"east": {"uv": [6, 4, 10, 8], "texture": "#4"},
				"south": {"uv": [0, 4, 5, 8], "texture": "#4"},
				"west": {"uv": [6, 0, 10, 4], "texture": "#4"},
				"up": {"uv": [0, 0, 5, 4], "texture": "#4"},
				"down": {"uv": [5, 8, 0, 12], "texture": "#4"}
			}
		},
		{
			"from": [0.75, 1, 10.75],
			"to": [6.75, 5, 14.75],
			"rotation": {"angle": 22.5, "axis": "z", "origin": [6.5, 3, 12.75]},
			"faces": {
				"north": {"uv": [0, 12, 6, 8], "texture": "#4"},
				"east": {"uv": [10, 0, 6, 4], "texture": "#4"},
				"south": {"uv": [6, 4, 0, 8], "texture": "#4"},
				"west": {"uv": [10, 4, 6, 8], "texture": "#4"},
				"up": {"uv": [6, 0, 0, 4], "texture": "#4"},
				"down": {"uv": [6, 12, 0, 8], "texture": "#4"}
			}
		},
		{
			"from": [3, 2.75, 14],
			"to": [5, 4.75, 15],
			"rotation": {"angle": 0, "axis": "y", "origin": [4, 3.75, 14.5]},
			"faces": {
				"north": {"uv": [4, 13, 6, 15], "texture": "#4"},
				"east": {"uv": [3, 13, 4, 15], "texture": "#4"},
				"south": {"uv": [1, 13, 3, 15], "texture": "#4"},
				"west": {"uv": [0, 13, 1, 15], "texture": "#4"},
				"up": {"uv": [2, 13, 0, 12], "texture": "#4"},
				"down": {"uv": [4, 13, 2, 12], "texture": "#4"}
			}
		},
		{
			"from": [-3.5, 2.25, 12],
			"to": [1, 3.75, 13.5],
			"rotation": {"angle": 22.5, "axis": "z", "origin": [6.5, 3, 12.25]},
			"faces": {
				"north": {"uv": [10, 9, 6, 8], "texture": "#4"},
				"south": {"uv": [6, 8, 10, 9], "texture": "#4"},
				"west": {"uv": [9, 8, 10, 9], "texture": "#4"},
				"up": {"uv": [6, 9, 10, 10], "texture": "#4"},
				"down": {"uv": [6, 9, 10, 10], "texture": "#4"}
			}
		},
		{
			"from": [7, 1.5, 15.5],
			"to": [9, 3.5, 21.5],
			"rotation": {"angle": 22.5, "axis": "x", "origin": [8, 3.5, 13]},
			"faces": {
				"east": {"uv": [9, 10, 11, 16], "rotation": 90, "texture": "#3"},
				"south": {"uv": [11, 14, 13, 16], "texture": "#3"},
				"west": {"uv": [11, 10, 9, 16], "rotation": 270, "texture": "#3"},
				"up": {"uv": [11, 10, 13, 16], "texture": "#3"},
				"down": {"uv": [13, 16, 15, 10], "texture": "#3"}
			}
		},
		{
			"from": [4.5, 1, 7.5],
			"to": [11.5, 8, 12.5],
			"rotation": {"angle": 0, "axis": "y", "origin": [8, 4.5, 10.5]},
			"faces": {
				"north": {"uv": [0, 0, 6.75, 7], "texture": "#2"},
				"east": {"uv": [12, 7, 7, 14], "texture": "#2"},
				"south": {"uv": [0, 7, 7, 14], "texture": "#2"},
				"west": {"uv": [7, 0, 12, 7], "texture": "#2"},
				"up": {"uv": [0, 0, 7, 5], "texture": "#3"},
				"down": {"uv": [7, 5, 0, 10], "texture": "#3"}
			}
		},
		{
			"from": [6.5, 1, 10.5],
			"to": [9.5, 6, 15.5],
			"rotation": {"angle": 22.5, "axis": "x", "origin": [8.5, 3.5, 13]},
			"faces": {
				"east": {"uv": [12, 0, 7, 5], "texture": "#3"},
				"south": {"uv": [0, 10, 3, 15], "texture": "#3"},
				"west": {"uv": [7, 0, 12, 5], "texture": "#3"},
				"up": {"uv": [3, 10, 6, 15], "texture": "#3"},
				"down": {"uv": [6, 10, 9, 15], "texture": "#3"}
			}
		}
	],
	"display": {
		"thirdperson_righthand": {
			"rotation": [-5, 2.75, 4.5],
			"translation": [0, 4, -4.25],
			"scale": [0.75, 0.75, 0.75]
		},
		"thirdperson_lefthand": {
			"rotation": [-5, 0, 0],
			"translation": [-0.25, 4.5, -5],
			"scale": [0.75, 0.75, 0.75]
		},
		"firstperson_righthand": {
			"rotation": [12, 2.25, 0.5],
			"translation": [-9, 4.75, 0.5],
			"scale": [0.5, 0.5, 0.75]
		},
		"firstperson_lefthand": {
			"rotation": [13, 0, 0],
			"translation": [-9, 6, 0.75],
			"scale": [0.5, 0.5, 0.75]
		},
		"ground": {
			"translation": [0, 3, 0],
			"scale": [0.5, 0.5, 0.75]
		},
		"gui": {
			"rotation": [30, -135, 0],
			"translation": [-0.75, 2.5, 0],
			"scale": [0.625, 0.625, 0.625]
		},
		"head": {
			"translation": [0, 16.25, 0]
		},
		"fixed": {
			"rotation": [0, 90, 0],
			"translation": [0.5, 2, 0],
			"scale": [0.75, 0.75, 0.75]
		}
	},
	"groups": [
		{
			"name": "crossbow",
			"origin": [8, 8, 8],
			"color": 0,
			"children": [
				{
					"name": "group",
					"origin": [8, 4, 0.5],
					"color": 0,
					"children": [0, 1]
				},
				{
					"name": "group",
					"origin": [8, 4, 0.5],
					"color": 0,
					"children": [2, 3]
				},
				{
					"name": "group",
					"origin": [8, 4, 0.5],
					"color": 0,
					"children": [4, 5]
				},
				{
					"name": "group",
					"origin": [8, 4, 5.5],
					"color": 0,
					"children": [6, 7]
				},
				{
					"name": "group",
					"origin": [6.5, 3, 12.25],
					"color": 0,
					"children": [8, 9, 10, 11]
				},
				{
					"name": "group",
					"origin": [8.5, 3.5, 13],
					"color": 0,
					"children": [12, 13, 14]
				}
			]
		}
	]
}