{
	"format_version": "1.21.11",
	"credit": "Made with Blockbench",
	"textures": {
		"0": "3d/ar_15_2",
		"particle": "3d/ar_15_2",
		"m4a4_asiimov": "items/m4a4_asiimov"
	},
	"elements": [
		{
			"from": [11.3, 5.58, 7.94],
			"to": [11.78, 6.36, 8.72],
			"rotation": {"angle": 0, "axis": "y", "origin": [5.5, 0, 4]},
			"faces": {
				"north": {"uv": [14.6875, 4.3125, 13.625, 6.4375], "texture": "#m4a4_asiimov"},
				"east": {"uv": [0, 0, 1, 0.75], "texture": "#m4a4_asiimov"},
				"south": {"uv": [13.625, 4.3125, 14.6875, 6.4375], "texture": "#m4a4_asiimov"},
				"west": {"uv": [0, 1.8125, 1, 1.0625], "texture": "#m4a4_asiimov"},
				"up": {"uv": [0, 1.75, 1.0625, 2.6875], "texture": "#m4a4_asiimov"},
				"down": {"uv": [0, 0, 1.0625, 0.9375], "texture": "#m4a4_asiimov"}
			}
		},
		{
			"from": [6.98, 4.92, 7.94],
			"to": [11.3, 6.3, 8.72],
			"rotation": {"angle": 0, "axis": "y", "origin": [5.5, 0, 4]},
			"faces": {
				"north": {"uv": [14.5625, 3.6875, 7.0625, 7.0625], "texture": "#m4a4_asiimov"},
				"east": {"uv": [0, 2, 1, 1.25], "texture": "#m4a4_asiimov"},
				"south": {"uv": [7.0625, 3.6875, 14.5625, 7.0625], "texture": "#m4a4_asiimov"},
				"west": {"uv": [0.1875, 2.125, 1.1875, 2.875], "texture": "#m4a4_asiimov"},
				"up": {"uv": [7.0625, 3.3125, 14.5625, 3.6875], "texture": "#m4a4_asiimov"},
				"down": {"uv": [0, 1.375, 1.125, 2.375], "rotation": 90, "texture": "#m4a4_asiimov"}
			}
		},
		{
			"from": [7.28, 2.6184, 8],
			"to": [8.72, 4.5, 8.6468],
			"rotation": {"angle": -22.5, "axis": "z", "origin": [7.28, 4.5, 8]},
			"faces": {
				"north": {"uv": [16, 0, 13.4375, 3.125], "texture": "#m4a4_asiimov"},
				"east": {"uv": [13.5, 0, 13.6875, 3.125], "texture": "#m4a4_asiimov"},
				"south": {"uv": [13.4375, 0, 16, 3.125], "texture": "#m4a4_asiimov"},
				"west": {"uv": [13.5, 0, 13.6875, 3.125], "texture": "#m4a4_asiimov"},
				"up": {"uv": [0, 1.8125, 1.375, 2.875], "texture": "#m4a4_asiimov"},
				"down": {"uv": [0, 0, 0.75, 1], "texture": "#m4a4_asiimov"}
			}
		},
		{
			"from": [2.18, 5.22, 8.12],
			"to": [6.8, 6.48, 8.54],
			"rotation": {"angle": 0, "axis": "y", "origin": [5.5, 0, 4]},
			"faces": {
				"north": {"uv": [5.5625, 0, 0, 0.5], "texture": "#m4a4_asiimov"},
				"east": {"uv": [0, 0.0625, 0.625, 0.6875], "texture": "#m4a4_asiimov"},
				"south": {"uv": [0, 0, 5.5625, 0.5], "texture": "#m4a4_asiimov"},
				"west": {"uv": [0, 0, 0.625, 0.625], "texture": "#m4a4_asiimov"},
				"up": {"uv": [0, 0, 5.5, 0.8125], "texture": "#m4a4_asiimov"},
				"down": {"uv": [0, 0, 5.5, 0.8125], "texture": "#m4a4_asiimov"}
			}
		},
		{
			"from": [14.6, 4.8, 8.24],
			"to": [17.54, 5.4, 8.48],
			"rotation": {"angle": -22.5, "axis": "z", "origin": [14.6, 5.4, 8.24]},
			"faces": {
				"north": {"uv": [9.9375, 10.5, 5.5625, 11.375], "texture": "#m4a4_asiimov"},
				"east": {"uv": [0, 0.4375, 0.75, 1.3125], "texture": "#m4a4_asiimov"},
				"south": {"uv": [5.5625, 10.5, 9.9375, 11.375], "texture": "#m4a4_asiimov"},
				"west": {"uv": [0, 0.4375, 0.75, 1.3125], "texture": "#m4a4_asiimov"},
				"up": {"uv": [0, 0, 0.5, 0.75], "texture": "#m4a4_asiimov"},
				"down": {"uv": [0, 0, 0.5, 0.75], "texture": "#m4a4_asiimov"}
			}
		},
		{
			"from": [17.0888, 3.7332, 8],
			"to": [17.5784, 6.6096, 8.7344],
			"rotation": {"angle": 0, "axis": "y", "origin": [5.5, 0, 4]},
			"faces": {
				"north": {"uv": [0, 0, 0.5, 0.875], "texture": "#m4a4_asiimov"},
				"east": {"uv": [0, 0, 0.75, 0.875], "texture": "#m4a4_asiimov"},
				"south": {"uv": [0, 0, 0.5, 0.875], "texture": "#m4a4_asiimov"},
				"west": {"uv": [0, 0, 0.75, 0.875], "texture": "#m4a4_asiimov"},
				"up": {"uv": [0, 0, 0.5, 0.75], "texture": "#m4a4_asiimov"},
				"down": {"uv": [0, 0, 0.5, 0.75], "texture": "#m4a4_asiimov"}
			}
		},
		{
			"from": [15.8, 4.38, 8.2496],
			"to": [17.3, 5.16, 8.4704],
			"rotation": {"angle": 0, "axis": "y", "origin": [5.5, 0, 4]},
			"faces": {
				"north": {"uv": [13.1875, 9.6875, 10.0625, 11.375], "texture": "#m4a4_asiimov"},
				"east": {"uv": [10.125, 9.625, 13.4375, 11.375], "texture": "#m4a4_asiimov"},
				"south": {"uv": [10.0625, 9.6875, 13.1875, 11.375], "texture": "#m4a4_asiimov"},
				"west": {"uv": [13.0625, 11.0625, 13.8125, 11.9375], "texture": "#m4a4_asiimov"},
				"up": {"uv": [13.5, 10.5, 14, 11.25], "texture": "#m4a4_asiimov"},
				"down": {"uv": [13.5, 10.5, 14, 11.25], "texture": "#m4a4_asiimov"}
			}
		},
		{
			"from": [14.36, 4.86, 8.2496],
			"to": [15.8, 5.52, 8.4704],
			"rotation": {"angle": 0, "axis": "y", "origin": [5.5, 0, 4]},
			"faces": {
				"north": {"uv": [11.1875, 0.5, 11.5625, 1.0625], "rotation": 90, "texture": "#m4a4_asiimov"},
				"east": {"uv": [1.5625, 0.5, 1.875, 1.3125], "texture": "#m4a4_asiimov"},
				"south": {"uv": [11.5625, 0.5, 11.1875, 1.0625], "rotation": 270, "texture": "#m4a4_asiimov"},
				"west": {"uv": [0, 0, 0.3125, 0.8125], "texture": "#m4a4_asiimov"},
				"up": {"uv": [1.375, 0.5, 1.875, 1.25], "texture": "#m4a4_asiimov"},
				"down": {"uv": [1.375, 0.5, 1.875, 1.25], "texture": "#m4a4_asiimov"}
			}
		},
		{
			"from": [13.58, 5.4, 8.0096],
			"to": [14.06, 6, 8.7104],
			"rotation": {"angle": 22.5, "axis": "z", "origin": [13.58, 6, 8.0096]},
			"faces": {
				"north": {"uv": [0.1875, 1.9375, 0.6875, 2.8125], "texture": "#m4a4_asiimov"},
				"east": {"uv": [13.0625, 11.0625, 13.8125, 11.9375], "texture": "#m4a4_asiimov"},
				"south": {"uv": [0.1875, 1.9375, 0.6875, 2.8125], "texture": "#m4a4_asiimov"},
				"west": {"uv": [0, 0, 0.75, 0.875], "texture": "#m4a4_asiimov"},
				"up": {"uv": [13.5, 10.5, 14, 11.25], "texture": "#m4a4_asiimov"},
				"down": {"uv": [13.5, 10.5, 14, 11.25], "texture": "#m4a4_asiimov"}
			}
		},
		{
			"from": [13.58, 5.82, 8],
			"to": [17.06, 6.48, 8.72],
			"rotation": {"angle": 0, "axis": "y", "origin": [5.5, 0, 4]},
			"faces": {
				"north": {"uv": [11.0625, 11.6875, 0.0625, 13.8125], "texture": "#m4a4_asiimov"},
				"east": {"uv": [1.5, 0.5625, 1.875, 1.4375], "texture": "#m4a4_asiimov"},
				"south": {"uv": [0.0625, 11.6875, 11.0625, 13.8125], "texture": "#m4a4_asiimov"},
				"west": {"uv": [0, 0, 0.75, 0.875], "texture": "#m4a4_asiimov"},
				"up": {"uv": [0, 11.75, 11.0625, 11.8125], "texture": "#m4a4_asiimov"},
				"down": {"uv": [13.5, 10.5, 14, 11.25], "texture": "#m4a4_asiimov"}
			}
		},
		{
			"from": [11.3228, 5.1744, 7.9412],
			"to": [11.852, 5.9388, 8.7056],
			"rotation": {"angle": -45, "axis": "z", "origin": [11.3228, 5.9388, 7.9412]},
			"faces": {
				"north": {"uv": [0, 0, 0.875, 0.6875], "texture": "#m4a4_asiimov"},
				"east": {"uv": [0, 0, 1, 0.75], "texture": "#m4a4_asiimov"},
				"south": {"uv": [0, 0, 0.875, 0.6875], "texture": "#m4a4_asiimov"},
				"west": {"uv": [0, 0, 1, 0.75], "texture": "#m4a4_asiimov"},
				"up": {"uv": [0, 0, 1, 1], "texture": "#m4a4_asiimov"},
				"down": {"uv": [0, 0, 1, 1], "texture": "#m4a4_asiimov"}
			}
		},
		{
			"from": [7.04, 3.9, 8],
			"to": [8.6, 4.44, 8.66],
			"rotation": {"angle": 0, "axis": "y", "origin": [5.5, 0, 4]},
			"faces": {
				"north": {"uv": [0, 1, 1.125, 2.3125], "texture": "#m4a4_asiimov"},
				"east": {"uv": [0, 1.0625, 0.9375, 2.1875], "texture": "#m4a4_asiimov"},
				"south": {"uv": [0, 1, 1.125, 2.3125], "texture": "#m4a4_asiimov"},
				"west": {"uv": [0, 1.0625, 0.9375, 2.1875], "texture": "#m4a4_asiimov"},
				"up": {"uv": [0, 1.6875, 1.5625, 2.875], "texture": "#m4a4_asiimov"},
				"down": {"uv": [0, 1.6875, 1.375, 2.875], "texture": "#m4a4_asiimov"}
			}
		},
		{
			"from": [6.98, 4.32, 7.94],
			"to": [8.66, 4.92, 8.72],
			"rotation": {"angle": 0, "axis": "y", "origin": [5.5, 0, 4]},
			"faces": {
				"north": {"uv": [0.0625, 1.875, 1.375, 2.625], "texture": "#m4a4_asiimov"},
				"east": {"uv": [0, 2, 1, 2.75], "texture": "#m4a4_asiimov"},
				"south": {"uv": [0.0625, 1.875, 1.375, 2.625], "texture": "#m4a4_asiimov"},
				"west": {"uv": [0, 2, 1, 2.75], "texture": "#m4a4_asiimov"},
				"down": {"uv": [0, 1.6875, 1.5625, 2.6875], "texture": "#m4a4_asiimov"}
			}
		},
		{
			"from": [1.34, 6.18, 8.24],
			"to": [2, 6.3, 8.48],
			"rotation": {"angle": 0, "axis": "y", "origin": [5.5, 0, 4]},
			"faces": {
				"north": {"uv": [0, 1.8125, 0.6875, 2.75], "texture": "#m4a4_asiimov"},
				"east": {"uv": [0, 2.25, 0.375, 2.625], "texture": "#m4a4_asiimov"},
				"south": {"uv": [0, 1.8125, 0.6875, 2.75], "texture": "#m4a4_asiimov"},
				"west": {"uv": [0, 2.25, 0.375, 2.625], "texture": "#m4a4_asiimov"},
				"up": {"uv": [0, 1.8125, 1.3125, 2.9375], "texture": "#m4a4_asiimov"},
				"down": {"uv": [0, 1.8125, 1.3125, 2.9375], "texture": "#m4a4_asiimov"}
			}
		},
		{
			"from": [2.18, 5.64, 7.7],
			"to": [6.8, 6.06, 8.96],
			"rotation": {"angle": 0, "axis": "y", "origin": [5.5, 0, 4]},
			"faces": {
				"north": {"uv": [5.6875, 0, 0, 0.5625], "texture": "#m4a4_asiimov"},
				"east": {"uv": [0, 0, 0.625, 0.625], "texture": "#m4a4_asiimov"},
				"south": {"uv": [0, 0, 5.6875, 0.5625], "texture": "#m4a4_asiimov"},
				"west": {"uv": [0, 0, 0.625, 0.625], "texture": "#m4a4_asiimov"},
				"up": {"uv": [0, 0, 5.5625, 0.5], "texture": "#m4a4_asiimov"},
				"down": {"uv": [0, 0, 5.5625, 0.5], "texture": "#m4a4_asiimov"}
			}
		},
		{
			"from": [8.6, 5.76, 8.12],
			"to": [17.24, 6.3, 8.6],
			"rotation": {"angle": 0, "axis": "y", "origin": [5.5, 0, 4]},
			"faces": {
				"north": {"uv": [8.4375, 9.0625, 0, 9.9375], "texture": "#m4a4_asiimov"},
				"east": {"uv": [13.6875, 14.25, 14.1875, 14.8125], "texture": "#m4a4_asiimov"},
				"south": {"uv": [0, 9.0625, 8.4375, 9.9375], "texture": "#m4a4_asiimov"},
				"west": {"uv": [13.6875, 14.25, 14.1875, 14.8125], "texture": "#m4a4_asiimov"},
				"up": {"uv": [0, 9.25, 7.8125, 9.3125], "texture": "#m4a4_asiimov"},
				"down": {"uv": [0.125, 10.0625, 7.9375, 10.125], "texture": "#m4a4_asiimov"}
			}
		},
		{
			"from": [5.42, 5.58, 8.12],
			"to": [10.34, 6.12, 8.6],
			"rotation": {"angle": 0, "axis": "y", "origin": [5.5, 0, 4]},
			"faces": {
				"north": {"uv": [0, 0, 1.125, 1.0625], "texture": "#m4a4_asiimov"},
				"east": {"uv": [0, 0.5, 0.5, 1.0625], "texture": "#m4a4_asiimov"},
				"south": {"uv": [0, 0, 1.125, 1.0625], "texture": "#m4a4_asiimov"},
				"west": {"uv": [0, 0, 0.5, 0.5625], "texture": "#m4a4_asiimov"},
				"up": {"uv": [0, 0.0625, 1.1875, 1.125], "texture": "#m4a4_asiimov"},
				"down": {"uv": [0, 0.0625, 1.1875, 1.125], "texture": "#m4a4_asiimov"}
			}
		},
		{
			"from": [10.04, 2.46, 8],
			"to": [11.12, 5.16, 8.66],
			"rotation": {"angle": 22.5, "axis": "z", "origin": [10.04, 5.16, 8]},
			"faces": {
				"north": {"uv": [0, 0, 0.75, 1.25], "texture": "#m4a4_asiimov"},
				"east": {"uv": [0, 0, 1, 0.75], "texture": "#m4a4_asiimov"},
				"south": {"uv": [0, 0, 0.75, 1.25], "texture": "#m4a4_asiimov"},
				"west": {"uv": [0, 0, 1, 0.75], "texture": "#m4a4_asiimov"},
				"up": {"uv": [0, 0, 1.125, 0.875], "texture": "#m4a4_asiimov"},
				"down": {"uv": [0, 0, 1.125, 0.875], "texture": "#m4a4_asiimov"}
			}
		},
		{
			"from": [10.16, 4.26, 8.12],
			"to": [10.52, 4.44, 8.54],
			"rotation": {"angle": 45, "axis": "z", "origin": [10.16, 4.44, 8.12]},
			"faces": {
				"north": {"uv": [0, 0, 0.75, 1.25], "texture": "#m4a4_asiimov"},
				"east": {"uv": [0, 0, 1, 0.75], "texture": "#m4a4_asiimov"},
				"south": {"uv": [0, 0, 0.75, 1.25], "texture": "#m4a4_asiimov"},
				"west": {"uv": [0, 0, 1, 0.75], "texture": "#m4a4_asiimov"},
				"up": {"uv": [0, 0, 1.125, 0.875], "texture": "#m4a4_asiimov"},
				"down": {"uv": [0, 0, 1.125, 0.875], "texture": "#m4a4_asiimov"}
			}
		},
		{
			"from": [10.22, 6, 8.06096],
			"to": [10.34, 7.02, 8.12096],
			"rotation": {"angle": 0, "axis": "y", "origin": [5.5, 0, 4]},
			"faces": {
				"north": {"uv": [0.5, 3.9375, 1.0625, 7.0625], "texture": "#m4a4_asiimov"},
				"east": {"uv": [0, 0, 1, 0.75], "texture": "#m4a4_asiimov"},
				"south": {"uv": [0.5, 3.9375, 1.0625, 7.0625], "texture": "#m4a4_asiimov"},
				"west": {"uv": [0, 0, 1, 0.75], "texture": "#m4a4_asiimov"},
				"up": {"uv": [0, 0, 0.125, 1.0625], "texture": "#m4a4_asiimov"},
				"down": {"uv": [0, 0, 0.125, 1.0625], "texture": "#m4a4_asiimov"}
			}
		},
		{
			"from": [8.42, 4.32, 8.18],
			"to": [10.64, 4.44, 8.48],
			"rotation": {"angle": 0, "axis": "y", "origin": [5.5, 0, 4]},
			"faces": {
				"north": {"uv": [0, 0, 0.75, 1.25], "texture": "#m4a4_asiimov"},
				"east": {"uv": [0, 0, 1, 0.75], "texture": "#m4a4_asiimov"},
				"south": {"uv": [0, 0, 0.75, 1.25], "texture": "#m4a4_asiimov"},
				"west": {"uv": [0, 0, 1, 0.75], "texture": "#m4a4_asiimov"},
				"up": {"uv": [0, 0, 1.125, 0.875], "texture": "#m4a4_asiimov"},
				"down": {"uv": [0, 0, 1.125, 0.875], "texture": "#m4a4_asiimov"}
			}
		},
		{
			"from": [8.54, 4.5, 8.12],
			"to": [8.9, 4.68, 8.54],
			"rotation": {"angle": -45, "axis": "z", "origin": [8.54, 4.68, 8.12]},
			"faces": {
				"north": {"uv": [0, 0, 0.75, 1.25], "texture": "#m4a4_asiimov"},
				"east": {"uv": [0, 0, 1, 0.75], "texture": "#m4a4_asiimov"},
				"south": {"uv": [0, 0, 0.75, 1.25], "texture": "#m4a4_asiimov"},
				"west": {"uv": [0, 0, 1, 0.75], "texture": "#m4a4_asiimov"},
				"up": {"uv": [0, 0, 1.125, 0.875], "texture": "#m4a4_asiimov"},
				"down": {"uv": [0, 0, 1.125, 0.875], "texture": "#m4a4_asiimov"}
			}
		},
		{
			"from": [10.1, 4.92, 8.12],
			"to": [10.46, 5.1, 8.54],
			"rotation": {"angle": -45, "axis": "z", "origin": [10.1, 5.1, 8.12]},
			"faces": {
				"north": {"uv": [10.5625, 6.4375, 12.4375, 7.1875], "texture": "#m4a4_asiimov"},
				"east": {"uv": [11.1875, 8.0625, 12.1875, 8.8125], "texture": "#m4a4_asiimov"},
				"south": {"uv": [10.5625, 6.4375, 12.4375, 7.1875], "texture": "#m4a4_asiimov"},
				"west": {"uv": [11.1875, 8.0625, 12.1875, 8.8125], "texture": "#m4a4_asiimov"},
				"up": {"uv": [11.6875, 7.75, 13.5625, 8.75], "texture": "#m4a4_asiimov"},
				"down": {"uv": [11.6875, 7.75, 13.5625, 8.75], "texture": "#m4a4_asiimov"}
			}
		},
		{
			"from": [8.48, 4.62, 8.12],
			"to": [8.84, 4.8, 8.54],
			"rotation": {"angle": 45, "axis": "z", "origin": [8.48, 4.8, 8.12]},
			"faces": {
				"north": {"uv": [0, 0, 0.75, 1.25], "texture": "#m4a4_asiimov"},
				"east": {"uv": [0, 0, 1, 0.75], "texture": "#m4a4_asiimov"},
				"south": {"uv": [0, 0, 0.75, 1.25], "texture": "#m4a4_asiimov"},
				"west": {"uv": [0, 0, 1, 0.75], "texture": "#m4a4_asiimov"},
				"up": {"uv": [0, 0, 1.125, 0.875], "texture": "#m4a4_asiimov"},
				"down": {"uv": [0, 0, 1.125, 0.875], "texture": "#m4a4_asiimov"}
			}
		},
		{
			"from": [13.82, 5.28, 8],
			"to": [17.12, 6.06, 8.72],
			"rotation": {"angle": 0, "axis": "y", "origin": [5.5, 0, 4]},
			"faces": {
				"north": {"uv": [11.75, 13, 0.6875, 15.5], "texture": "#m4a4_asiimov"},
				"east": {"uv": [13.0625, 11.0625, 13.8125, 11.9375], "texture": "#m4a4_asiimov"},
				"south": {"uv": [0.6875, 13, 11.75, 15.5], "texture": "#m4a4_asiimov"},
				"west": {"uv": [0, 0, 0.75, 0.875], "texture": "#m4a4_asiimov"},
				"up": {"uv": [13.5, 10.5, 14, 11.25], "texture": "#m4a4_asiimov"},
				"down": {"uv": [0, 0, 0.5, 0.75], "texture": "#m4a4_asiimov"}
			}
		},
		{
			"from": [14.3, 5.1, 8.2304],
			"to": [14.96, 5.7, 8.432],
			"rotation": {"angle": -45, "axis": "z", "origin": [14.3, 5.7, 8.2304]},
			"faces": {
				"north": {"uv": [0, 0, 0.5, 0.875], "texture": "#m4a4_asiimov"},
				"east": {"uv": [0, 0, 0.75, 0.875], "texture": "#m4a4_asiimov"},
				"south": {"uv": [0, 0, 0.5, 0.875], "texture": "#m4a4_asiimov"},
				"west": {"uv": [0, 0, 0.75, 0.875], "texture": "#m4a4_asiimov"},
				"up": {"uv": [0, 0, 0.5, 0.75], "texture": "#m4a4_asiimov"},
				"down": {"uv": [0, 0, 0.5, 0.75], "texture": "#m4a4_asiimov"}
			}
		},
		{
			"from": [-0.1, 5.7, 8.18],
			"to": [5, 6.06, 8.54],
			"rotation": {"angle": 0, "axis": "y", "origin": [5.5, 0, 4]},
			"faces": {
				"north": {"uv": [7.9375, 1.6875, 0, 2.5625], "texture": "#m4a4_asiimov"},
				"east": {"uv": [1.8125, 8.8125, 2.1875, 9.1875], "texture": "#m4a4_asiimov"},
				"south": {"uv": [0, 1.6875, 7.9375, 2.5625], "texture": "#m4a4_asiimov"},
				"west": {"uv": [3.0625, 10.375, 3.4375, 10.75], "texture": "#m4a4_asiimov"},
				"up": {"uv": [7.625, 1.6875, 0.125, 1.75], "rotation": 180, "texture": "#m4a4_asiimov"},
				"down": {"uv": [0, 2.875, 6.5, 2.9375], "texture": "#m4a4_asiimov"}
			}
		},
		{
			"from": [-0.34, 5.64, 8.12],
			"to": [0.86, 6.12, 8.6],
			"rotation": {"angle": 0, "axis": "y", "origin": [5.5, 0, 4]},
			"faces": {
				"north": {"uv": [1.3125, 2.875, 3.1875, 1.8125], "texture": "#m4a4_asiimov"},
				"east": {"uv": [0.5625, 2.125, 0.9375, 2.5], "texture": "#m4a4_asiimov"},
				"south": {"uv": [3.1875, 2.875, 1.3125, 1.8125], "texture": "#m4a4_asiimov"},
				"west": {"uv": [0.4375, 0.8125, 0.8125, 1.1875], "texture": "#m4a4_asiimov"},
				"up": {"uv": [4.5625, 1.75, 2.1875, 1.8125], "texture": "#m4a4_asiimov"},
				"down": {"uv": [2.1875, 2.875, 0.0625, 2.9375], "texture": "#m4a4_asiimov"}
			}
		},
		{
			"from": [1.94, 5.94, 8.24],
			"to": [2.06, 6.3, 8.48],
			"rotation": {"angle": 0, "axis": "y", "origin": [5.5, 0, 4]},
			"faces": {
				"north": {"uv": [2.1875, 2.125, 1.875, 3.4375], "texture": "#m4a4_asiimov"},
				"east": {"uv": [0, 2.375, 1.125, 0.5], "texture": "#m4a4_asiimov"},
				"south": {"uv": [1.875, 2.125, 2.1875, 3.4375], "texture": "#m4a4_asiimov"},
				"west": {"uv": [0, 2.8125, 1.125, 0.9375], "texture": "#m4a4_asiimov"},
				"up": {"uv": [0.4375, 8.375, 2.1875, 9.5], "texture": "#m4a4_asiimov"},
				"down": {"uv": [0.4375, 8.375, 2.1875, 9.5], "texture": "#m4a4_asiimov"}
			}
		},
		{
			"from": [1.52, 6.72, 8.24],
			"to": [2.3, 6.84, 8.48],
			"rotation": {"angle": -45, "axis": "z", "origin": [1.52, 6.84, 8.24]},
			"faces": {
				"north": {"uv": [0, 1.875, 0.6875, 2.8125], "texture": "#m4a4_asiimov"},
				"east": {"uv": [0, 1.8125, 0.375, 2.1875], "texture": "#m4a4_asiimov"},
				"south": {"uv": [0, 1.875, 0.6875, 2.8125], "texture": "#m4a4_asiimov"},
				"up": {"uv": [0, 1.8125, 1.75, 2.9375], "texture": "#m4a4_asiimov"},
				"down": {"uv": [0, 1.8125, 1.75, 2.9375], "texture": "#m4a4_asiimov"}
			}
		},
		{
			"from": [1.28, 5.76, 8.24],
			"to": [1.4, 6.72, 8.48],
			"rotation": {"angle": 0, "axis": "y", "origin": [5.5, 0, 4]},
			"faces": {
				"north": {"uv": [0.0625, 1.75, 0.75, 2.6875], "texture": "#m4a4_asiimov"},
				"east": {"uv": [0.375, 2.0625, 0.75, 2.4375], "texture": "#m4a4_asiimov"},
				"south": {"uv": [0.0625, 1.75, 0.75, 2.6875], "texture": "#m4a4_asiimov"},
				"west": {"uv": [0.375, 2.0625, 0.75, 2.4375], "texture": "#m4a4_asiimov"},
				"down": {"uv": [0, 1.75, 1.75, 2.875], "texture": "#m4a4_asiimov"}
			}
		},
		{
			"from": [1.34, 5.64, 8.12],
			"to": [1.58, 6.12, 8.6],
			"rotation": {"angle": 0, "axis": "y", "origin": [5.5, 0, 4]},
			"faces": {
				"north": {"uv": [0.1875, 1.8125, 0.875, 2.75], "texture": "#m4a4_asiimov"},
				"east": {"uv": [0.125, 2, 0.5, 2.375], "texture": "#m4a4_asiimov"},
				"south": {"uv": [0.1875, 1.8125, 0.875, 2.75], "texture": "#m4a4_asiimov"},
				"west": {"uv": [0.125, 2, 0.5, 2.375], "texture": "#m4a4_asiimov"},
				"up": {"uv": [0, 1.75, 1.375, 2.875], "texture": "#m4a4_asiimov"},
				"down": {"uv": [0, 1.75, 1.375, 2.875], "texture": "#m4a4_asiimov"}
			}
		},
		{
			"from": [9.98, 4.44, 8.3],
			"to": [10.1, 5.46, 8.42],
			"rotation": {"angle": -22.5, "axis": "z", "origin": [9.98, 5.46, 8.3]},
			"faces": {
				"north": {"uv": [1.5, 0.5625, 1.875, 1.1875], "texture": "#m4a4_asiimov"},
				"east": {"uv": [1.5625, 0.375, 1.6875, 1.375], "texture": "#m4a4_asiimov"},
				"south": {"uv": [1.5, 0.5625, 1.875, 1.1875], "texture": "#m4a4_asiimov"},
				"west": {"uv": [1.5625, 0.375, 1.6875, 1.375], "texture": "#m4a4_asiimov"},
				"up": {"uv": [1.4375, 0.125, 1.875, 1.125], "texture": "#m4a4_asiimov"}
			}
		},
		{
			"from": [10.34, 6.6, 8.53904],
			"to": [10.46, 6.9, 8.59904],
			"rotation": {"angle": 0, "axis": "y", "origin": [5.5, 0, 4]},
			"faces": {
				"north": {"uv": [0, 0.6875, 0, 1.4375], "texture": "#m4a4_asiimov"},
				"east": {"uv": [0, 0, 1, 0.75], "texture": "#m4a4_asiimov"},
				"south": {"uv": [0, 0.6875, 0, 1.4375], "texture": "#m4a4_asiimov"},
				"up": {"uv": [0, 0, 0.1875, 0.9375], "texture": "#m4a4_asiimov"},
				"down": {"uv": [0, 0, 0.1875, 0.9375], "texture": "#m4a4_asiimov"}
			}
		},
		{
			"from": [10.22, 6.6, 8.12],
			"to": [10.34, 6.78, 8.54],
			"rotation": {"angle": 0, "axis": "y", "origin": [5.5, 0, 4]},
			"faces": {
				"east": {"uv": [0, 0, 1, 0.75], "texture": "#m4a4_asiimov"},
				"west": {"uv": [0, 0.1875, 1, 0.9375], "texture": "#m4a4_asiimov"},
				"up": {"uv": [0, 0, 0.1875, 0.9375], "texture": "#m4a4_asiimov"},
				"down": {"uv": [0, 0, 0.1875, 0.9375], "texture": "#m4a4_asiimov"}
			}
		},
		{
			"from": [1.28, 6.72, 8.24],
			"to": [1.52, 6.84, 8.48],
			"rotation": {"angle": 0, "axis": "y", "origin": [5.5, 0, 4]},
			"faces": {
				"north": {"uv": [0, 1.875, 0.6875, 2.8125], "texture": "#m4a4_asiimov"},
				"south": {"uv": [0, 1.875, 0.6875, 2.8125], "texture": "#m4a4_asiimov"},
				"west": {"uv": [0, 1.9375, 0.375, 2.3125], "texture": "#m4a4_asiimov"},
				"up": {"uv": [0, 1.9375, 1.25, 3], "texture": "#m4a4_asiimov"},
				"down": {"uv": [0, 1.9375, 1.25, 3], "texture": "#m4a4_asiimov"}
			}
		},
		{
			"from": [10.22, 6.78, 8.18],
			"to": [10.34, 7.02, 8.24],
			"rotation": {"angle": 0, "axis": "y", "origin": [5.5, 0, 4]},
			"faces": {
				"north": {"uv": [0, 0.6875, 0, 1.4375], "texture": "#m4a4_asiimov"},
				"east": {"uv": [0, 0, 1, 0.75], "texture": "#m4a4_asiimov"},
				"south": {"uv": [0, 0.6875, 0, 1.4375], "texture": "#m4a4_asiimov"},
				"west": {"uv": [0, 0.1875, 1, 0.9375], "texture": "#m4a4_asiimov"},
				"up": {"uv": [0, 0, 0.1875, 0.9375], "texture": "#m4a4_asiimov"}
			}
		},
		{
			"from": [10.22, 6.96, 8.24],
			"to": [10.34, 7.02, 8.42],
			"rotation": {"angle": 0, "axis": "y", "origin": [5.5, 0, 4]},
			"faces": {
				"east": {"uv": [0, 0, 1, 0.75], "texture": "#m4a4_asiimov"},
				"west": {"uv": [0, 0.1875, 1, 0.9375], "texture": "#m4a4_asiimov"},
				"up": {"uv": [0, 0, 0.1875, 0.9375], "texture": "#m4a4_asiimov"},
				"down": {"uv": [0, 0, 0.1875, 0.9375], "texture": "#m4a4_asiimov"}
			}
		},
		{
			"from": [10.22, 6, 8.53904],
			"to": [10.34, 7.02, 8.59904],
			"rotation": {"angle": 0, "axis": "y", "origin": [5.5, 0, 4]},
			"faces": {
				"north": {"uv": [0.5, 3.9375, 1.0625, 7.1875], "texture": "#m4a4_asiimov"},
				"east": {"uv": [0, 0, 1, 0.75], "texture": "#m4a4_asiimov"},
				"south": {"uv": [0.5, 3.9375, 1.0625, 7.1875], "texture": "#m4a4_asiimov"},
				"west": {"uv": [0, 0, 1, 0.75], "texture": "#m4a4_asiimov"},
				"up": {"uv": [0, 0, 0.5, 0.9375], "texture": "#m4a4_asiimov"},
				"down": {"uv": [0, 0, 0.5, 0.9375], "texture": "#m4a4_asiimov"}
			}
		},
		{
			"from": [10.22, 6.78, 8.42],
			"to": [10.34, 7.02, 8.48],
			"rotation": {"angle": 0, "axis": "y", "origin": [5.5, 0, 4]},
			"faces": {
				"north": {"uv": [0, 0.6875, 0, 1.4375], "texture": "#m4a4_asiimov"},
				"east": {"uv": [0, 0, 1, 0.75], "texture": "#m4a4_asiimov"},
				"south": {"uv": [0, 0.6875, 0, 1.4375], "texture": "#m4a4_asiimov"},
				"west": {"uv": [0, 0.1875, 1, 0.9375], "texture": "#m4a4_asiimov"},
				"up": {"uv": [0, 0, 0.1875, 0.9375], "texture": "#m4a4_asiimov"}
			}
		},
		{
			"from": [10.34, 6.6, 8.06096],
			"to": [10.46, 6.9, 8.12096],
			"rotation": {"angle": 0, "axis": "y", "origin": [5.5, 0, 4]},
			"faces": {
				"north": {"uv": [0, 0.6875, 0, 1.4375], "texture": "#m4a4_asiimov"},
				"east": {"uv": [0, 0, 1, 0.75], "texture": "#m4a4_asiimov"},
				"south": {"uv": [0, 0.6875, 0, 1.4375], "texture": "#m4a4_asiimov"},
				"up": {"uv": [0, 0, 0.1875, 0.9375], "texture": "#m4a4_asiimov"},
				"down": {"uv": [0, 0, 0.1875, 0.9375], "texture": "#m4a4_asiimov"}
			}
		},
		{
			"from": [11.66, 6.48, 8.144],
			"to": [11.72, 6.54, 8.528],
			"rotation": {"angle": 0, "axis": "y", "origin": [5.5, 0, 4]},
			"faces": {
				"north": {"uv": [1.5625, 0.6875, 1.75, 1.3125], "texture": "#m4a4_asiimov"},
				"east": {"uv": [1.625, 0.5, 1.8125, 1.375], "texture": "#m4a4_asiimov"},
				"south": {"uv": [1.5625, 0.6875, 1.75, 1.3125], "texture": "#m4a4_asiimov"},
				"west": {"uv": [1.625, 0.5, 1.8125, 1.375], "texture": "#m4a4_asiimov"},
				"up": {"uv": [1.4375, 0.25, 1.6875, 1.25], "texture": "#m4a4_asiimov"}
			}
		},
		{
			"from": [11.48, 6.48, 8.144],
			"to": [11.54, 6.54, 8.528],
			"rotation": {"angle": 0, "axis": "y", "origin": [5.5, 0, 4]},
			"faces": {
				"north": {"uv": [1.5625, 0.6875, 1.75, 1.3125], "texture": "#m4a4_asiimov"},
				"east": {"uv": [1.625, 0.5, 1.8125, 1.375], "texture": "#m4a4_asiimov"},
				"south": {"uv": [1.5625, 0.6875, 1.75, 1.3125], "texture": "#m4a4_asiimov"},
				"west": {"uv": [1.625, 0.5, 1.8125, 1.375], "texture": "#m4a4_asiimov"},
				"up": {"uv": [1.4375, 0.25, 1.6875, 1.25], "texture": "#m4a4_asiimov"}
			}
		},
		{
			"from": [11.3, 6.48, 8.144],
			"to": [11.36, 6.54, 8.528],
			"rotation": {"angle": 0, "axis": "y", "origin": [5.5, 0, 4]},
			"faces": {
				"north": {"uv": [1.5625, 0.6875, 1.75, 1.3125], "texture": "#m4a4_asiimov"},
				"east": {"uv": [1.625, 0.5, 1.8125, 1.375], "texture": "#m4a4_asiimov"},
				"south": {"uv": [1.5625, 0.6875, 1.75, 1.3125], "texture": "#m4a4_asiimov"},
				"west": {"uv": [1.625, 0.5, 1.8125, 1.375], "texture": "#m4a4_asiimov"},
				"up": {"uv": [1.4375, 0.25, 1.6875, 1.25], "texture": "#m4a4_asiimov"}
			}
		},
		{
			"from": [10.4, 6.48, 8.144],
			"to": [10.46, 6.54, 8.528],
			"rotation": {"angle": 0, "axis": "y", "origin": [5.5, 0, 4]},
			"faces": {
				"north": {"uv": [1.5625, 0.6875, 1.75, 1.3125], "texture": "#m4a4_asiimov"},
				"east": {"uv": [1.625, 0.5, 1.8125, 1.375], "texture": "#m4a4_asiimov"},
				"south": {"uv": [1.5625, 0.6875, 1.75, 1.3125], "texture": "#m4a4_asiimov"},
				"west": {"uv": [1.625, 0.5, 1.8125, 1.375], "texture": "#m4a4_asiimov"},
				"up": {"uv": [1.4375, 0.25, 1.6875, 1.25], "texture": "#m4a4_asiimov"}
			}
		},
		{
			"from": [10.1, 6.48, 8.144],
			"to": [10.16, 6.54, 8.528],
			"rotation": {"angle": 0, "axis": "y", "origin": [5.5, 0, 4]},
			"faces": {
				"north": {"uv": [1.5625, 0.6875, 1.75, 1.3125], "texture": "#m4a4_asiimov"},
				"east": {"uv": [1.625, 0.5, 1.8125, 1.375], "texture": "#m4a4_asiimov"},
				"south": {"uv": [1.5625, 0.6875, 1.75, 1.3125], "texture": "#m4a4_asiimov"},
				"west": {"uv": [1.625, 0.5, 1.8125, 1.375], "texture": "#m4a4_asiimov"},
				"up": {"uv": [1.4375, 0.25, 1.6875, 1.25], "texture": "#m4a4_asiimov"}
			}
		},
		{
			"from": [11.12, 6.48, 8.144],
			"to": [11.18, 6.54, 8.528],
			"rotation": {"angle": 0, "axis": "y", "origin": [5.5, 0, 4]},
			"faces": {
				"north": {"uv": [1.5625, 0.6875, 1.75, 1.3125], "texture": "#m4a4_asiimov"},
				"east": {"uv": [1.625, 0.5, 1.8125, 1.375], "texture": "#m4a4_asiimov"},
				"south": {"uv": [1.5625, 0.6875, 1.75, 1.3125], "texture": "#m4a4_asiimov"},
				"west": {"uv": [1.625, 0.5, 1.8125, 1.375], "texture": "#m4a4_asiimov"},
				"up": {"uv": [1.4375, 0.25, 1.6875, 1.25], "texture": "#m4a4_asiimov"}
			}
		},
		{
			"from": [10.94, 6.48, 8.144],
			"to": [11, 6.54, 8.528],
			"rotation": {"angle": 0, "axis": "y", "origin": [5.5, 0, 4]},
			"faces": {
				"north": {"uv": [1.5625, 0.6875, 1.75, 1.3125], "texture": "#m4a4_asiimov"},
				"east": {"uv": [1.625, 0.5, 1.8125, 1.375], "texture": "#m4a4_asiimov"},
				"south": {"uv": [1.5625, 0.6875, 1.75, 1.3125], "texture": "#m4a4_asiimov"},
				"west": {"uv": [1.625, 0.5, 1.8125, 1.375], "texture": "#m4a4_asiimov"},
				"up": {"uv": [1.4375, 0.25, 1.6875, 1.25], "texture": "#m4a4_asiimov"}
			}
		},
		{
			"from": [9.92, 6.48, 8.144],
			"to": [9.98, 6.54, 8.528],
			"rotation": {"angle": 0, "axis": "y", "origin": [5.5, 0, 4]},
			"faces": {
				"north": {"uv": [1.5625, 0.6875, 1.75, 1.3125], "texture": "#m4a4_asiimov"},
				"east": {"uv": [1.625, 0.5, 1.8125, 1.375], "texture": "#m4a4_asiimov"},
				"south": {"uv": [1.5625, 0.6875, 1.75, 1.3125], "texture": "#m4a4_asiimov"},
				"west": {"uv": [1.625, 0.5, 1.8125, 1.375], "texture": "#m4a4_asiimov"},
				"up": {"uv": [1.4375, 0.25, 1.6875, 1.25], "texture": "#m4a4_asiimov"}
			}
		},
		{
			"from": [10.76, 6.48, 8.144],
			"to": [10.82, 6.54, 8.528],
			"rotation": {"angle": 0, "axis": "y", "origin": [5.5, 0, 4]},
			"faces": {
				"north": {"uv": [1.5625, 0.6875, 1.75, 1.3125], "texture": "#m4a4_asiimov"},
				"east": {"uv": [1.625, 0.5, 1.8125, 1.375], "texture": "#m4a4_asiimov"},
				"south": {"uv": [1.5625, 0.6875, 1.75, 1.3125], "texture": "#m4a4_asiimov"},
				"west": {"uv": [1.625, 0.5, 1.8125, 1.375], "texture": "#m4a4_asiimov"},
				"up": {"uv": [1.4375, 0.25, 1.6875, 1.25], "texture": "#m4a4_asiimov"}
			}
		},
		{
			"from": [10.58, 6.48, 8.144],
			"to": [10.64, 6.54, 8.528],
			"rotation": {"angle": 0, "axis": "y", "origin": [5.5, 0, 4]},
			"faces": {
				"north": {"uv": [1.5625, 0.6875, 1.75, 1.3125], "texture": "#m4a4_asiimov"},
				"east": {"uv": [1.625, 0.5, 1.8125, 1.375], "texture": "#m4a4_asiimov"},
				"south": {"uv": [1.5625, 0.6875, 1.75, 1.3125], "texture": "#m4a4_asiimov"},
				"west": {"uv": [1.625, 0.5, 1.8125, 1.375], "texture": "#m4a4_asiimov"},
				"up": {"uv": [1.4375, 0.25, 1.6875, 1.25], "texture": "#m4a4_asiimov"}
			}
		},
		{
			"from": [9.74, 6.48, 8.144],
			"to": [9.8, 6.54, 8.528],
			"rotation": {"angle": 0, "axis": "y", "origin": [5.5, 0, 4]},
			"faces": {
				"north": {"uv": [1.5625, 0.6875, 1.75, 1.3125], "texture": "#m4a4_asiimov"},
				"east": {"uv": [1.625, 0.5, 1.8125, 1.375], "texture": "#m4a4_asiimov"},
				"south": {"uv": [1.5625, 0.6875, 1.75, 1.3125], "texture": "#m4a4_asiimov"},
				"west": {"uv": [1.625, 0.5, 1.8125, 1.375], "texture": "#m4a4_asiimov"},
				"up": {"uv": [1.4375, 0.25, 1.6875, 1.25], "texture": "#m4a4_asiimov"}
			}
		},
		{
			"from": [9.56, 6.48, 8.144],
			"to": [9.62, 6.54, 8.528],
			"rotation": {"angle": 0, "axis": "y", "origin": [5.5, 0, 4]},
			"faces": {
				"north": {"uv": [1.5625, 0.6875, 1.75, 1.3125], "texture": "#m4a4_asiimov"},
				"east": {"uv": [1.625, 0.5, 1.8125, 1.375], "texture": "#m4a4_asiimov"},
				"south": {"uv": [1.5625, 0.6875, 1.75, 1.3125], "texture": "#m4a4_asiimov"},
				"west": {"uv": [1.625, 0.5, 1.8125, 1.375], "texture": "#m4a4_asiimov"},
				"up": {"uv": [1.4375, 0.25, 1.6875, 1.25], "texture": "#m4a4_asiimov"}
			}
		},
		{
			"from": [9.38, 6.48, 8.144],
			"to": [9.44, 6.54, 8.528],
			"rotation": {"angle": 0, "axis": "y", "origin": [5.5, 0, 4]},
			"faces": {
				"north": {"uv": [1.5625, 0.6875, 1.75, 1.3125], "texture": "#m4a4_asiimov"},
				"east": {"uv": [1.625, 0.5, 1.8125, 1.375], "texture": "#m4a4_asiimov"},
				"south": {"uv": [1.5625, 0.6875, 1.75, 1.3125], "texture": "#m4a4_asiimov"},
				"west": {"uv": [1.625, 0.5, 1.8125, 1.375], "texture": "#m4a4_asiimov"},
				"up": {"uv": [1.4375, 0.25, 1.6875, 1.25], "texture": "#m4a4_asiimov"}
			}
		},
		{
			"from": [9.2, 6.48, 8.144],
			"to": [9.26, 6.54, 8.528],
			"rotation": {"angle": 0, "axis": "y", "origin": [5.5, 0, 4]},
			"faces": {
				"north": {"uv": [1.5625, 0.6875, 1.75, 1.3125], "texture": "#m4a4_asiimov"},
				"east": {"uv": [1.625, 0.5, 1.8125, 1.375], "texture": "#m4a4_asiimov"},
				"south": {"uv": [1.5625, 0.6875, 1.75, 1.3125], "texture": "#m4a4_asiimov"},
				"west": {"uv": [1.625, 0.5, 1.8125, 1.375], "texture": "#m4a4_asiimov"},
				"up": {"uv": [1.4375, 0.25, 1.6875, 1.25], "texture": "#m4a4_asiimov"}
			}
		},
		{
			"from": [9.2, 6.48, 8.144],
			"to": [9.26, 6.54, 8.528],
			"rotation": {"angle": 0, "axis": "y", "origin": [5.5, 0, 4]},
			"faces": {
				"north": {"uv": [1.5625, 0.6875, 1.75, 1.3125], "texture": "#m4a4_asiimov"},
				"east": {"uv": [1.625, 0.5, 1.8125, 1.375], "texture": "#m4a4_asiimov"},
				"south": {"uv": [1.5625, 0.6875, 1.75, 1.3125], "texture": "#m4a4_asiimov"},
				"west": {"uv": [1.625, 0.5, 1.8125, 1.375], "texture": "#m4a4_asiimov"},
				"up": {"uv": [1.4375, 0.25, 1.6875, 1.25], "texture": "#m4a4_asiimov"}
			}
		},
		{
			"from": [9.02, 6.48, 8.144],
			"to": [9.08, 6.54, 8.528],
			"rotation": {"angle": 0, "axis": "y", "origin": [5.5, 0, 4]},
			"faces": {
				"north": {"uv": [1.5625, 0.6875, 1.75, 1.3125], "texture": "#m4a4_asiimov"},
				"east": {"uv": [1.625, 0.5, 1.8125, 1.375], "texture": "#m4a4_asiimov"},
				"south": {"uv": [1.5625, 0.6875, 1.75, 1.3125], "texture": "#m4a4_asiimov"},
				"west": {"uv": [1.625, 0.5, 1.8125, 1.375], "texture": "#m4a4_asiimov"},
				"up": {"uv": [1.4375, 0.25, 1.6875, 1.25], "texture": "#m4a4_asiimov"}
			}
		},
		{
			"from": [8.84, 6.48, 8.144],
			"to": [8.9, 6.54, 8.528],
			"rotation": {"angle": 0, "axis": "y", "origin": [5.5, 0, 4]},
			"faces": {
				"north": {"uv": [1.5625, 0.6875, 1.75, 1.3125], "texture": "#m4a4_asiimov"},
				"east": {"uv": [1.625, 0.5, 1.8125, 1.375], "texture": "#m4a4_asiimov"},
				"south": {"uv": [1.5625, 0.6875, 1.75, 1.3125], "texture": "#m4a4_asiimov"},
				"west": {"uv": [1.625, 0.5, 1.8125, 1.375], "texture": "#m4a4_asiimov"},
				"up": {"uv": [1.4375, 0.25, 1.6875, 1.25], "texture": "#m4a4_asiimov"}
			}
		},
		{
			"from": [8.66, 6.48, 8.144],
			"to": [8.72, 6.54, 8.528],
			"rotation": {"angle": 0, "axis": "y", "origin": [5.5, 0, 4]},
			"faces": {
				"north": {"uv": [1.5625, 0.6875, 1.75, 1.3125], "texture": "#m4a4_asiimov"},
				"east": {"uv": [1.625, 0.5, 1.8125, 1.375], "texture": "#m4a4_asiimov"},
				"south": {"uv": [1.5625, 0.6875, 1.75, 1.3125], "texture": "#m4a4_asiimov"},
				"west": {"uv": [1.625, 0.5, 1.8125, 1.375], "texture": "#m4a4_asiimov"},
				"up": {"uv": [1.4375, 0.25, 1.6875, 1.25], "texture": "#m4a4_asiimov"}
			}
		},
		{
			"from": [8.48, 6.48, 8.144],
			"to": [8.54, 6.54, 8.528],
			"rotation": {"angle": 0, "axis": "y", "origin": [5.5, 0, 4]},
			"faces": {
				"north": {"uv": [1.5625, 0.6875, 1.75, 1.3125], "texture": "#m4a4_asiimov"},
				"east": {"uv": [1.625, 0.5, 1.8125, 1.375], "texture": "#m4a4_asiimov"},
				"south": {"uv": [1.5625, 0.6875, 1.75, 1.3125], "texture": "#m4a4_asiimov"},
				"west": {"uv": [1.625, 0.5, 1.8125, 1.375], "texture": "#m4a4_asiimov"},
				"up": {"uv": [1.4375, 0.25, 1.6875, 1.25], "texture": "#m4a4_asiimov"}
			}
		},
		{
			"from": [8.3, 6.48, 8.144],
			"to": [8.36, 6.54, 8.528],
			"rotation": {"angle": 0, "axis": "y", "origin": [5.5, 0, 4]},
			"faces": {
				"north": {"uv": [1.5625, 0.6875, 1.75, 1.3125], "texture": "#m4a4_asiimov"},
				"east": {"uv": [1.625, 0.5, 1.8125, 1.375], "texture": "#m4a4_asiimov"},
				"south": {"uv": [1.5625, 0.6875, 1.75, 1.3125], "texture": "#m4a4_asiimov"},
				"west": {"uv": [1.625, 0.5, 1.8125, 1.375], "texture": "#m4a4_asiimov"},
				"up": {"uv": [1.4375, 0.25, 1.6875, 1.25], "texture": "#m4a4_asiimov"}
			}
		},
		{
			"from": [8.12, 6.48, 8.144],
			"to": [8.18, 6.54, 8.528],
			"rotation": {"angle": 0, "axis": "y", "origin": [5.5, 0, 4]},
			"faces": {
				"north": {"uv": [1.5625, 0.6875, 1.75, 1.3125], "texture": "#m4a4_asiimov"},
				"east": {"uv": [1.625, 0.5, 1.8125, 1.375], "texture": "#m4a4_asiimov"},
				"south": {"uv": [1.5625, 0.6875, 1.75, 1.3125], "texture": "#m4a4_asiimov"},
				"west": {"uv": [1.625, 0.5, 1.8125, 1.375], "texture": "#m4a4_asiimov"},
				"up": {"uv": [1.4375, 0.25, 1.6875, 1.25], "texture": "#m4a4_asiimov"}
			}
		},
		{
			"from": [7.94, 6.48, 8.144],
			"to": [8, 6.54, 8.528],
			"rotation": {"angle": 0, "axis": "y", "origin": [5.5, 0, 4]},
			"faces": {
				"north": {"uv": [1.5625, 0.6875, 1.75, 1.3125], "texture": "#m4a4_asiimov"},
				"east": {"uv": [1.625, 0.5, 1.8125, 1.375], "texture": "#m4a4_asiimov"},
				"south": {"uv": [1.5625, 0.6875, 1.75, 1.3125], "texture": "#m4a4_asiimov"},
				"west": {"uv": [1.625, 0.5, 1.8125, 1.375], "texture": "#m4a4_asiimov"},
				"up": {"uv": [1.4375, 0.25, 1.6875, 1.25], "texture": "#m4a4_asiimov"}
			}
		},
		{
			"from": [7.76, 6.48, 8.144],
			"to": [7.82, 6.54, 8.528],
			"rotation": {"angle": 0, "axis": "y", "origin": [5.5, 0, 4]},
			"faces": {
				"north": {"uv": [1.5625, 0.6875, 1.75, 1.3125], "texture": "#m4a4_asiimov"},
				"east": {"uv": [1.625, 0.5, 1.8125, 1.375], "texture": "#m4a4_asiimov"},
				"south": {"uv": [1.5625, 0.6875, 1.75, 1.3125], "texture": "#m4a4_asiimov"},
				"west": {"uv": [1.625, 0.5, 1.8125, 1.375], "texture": "#m4a4_asiimov"},
				"up": {"uv": [1.4375, 0.25, 1.6875, 1.25], "texture": "#m4a4_asiimov"}
			}
		},
		{
			"from": [7.58, 6.48, 8.144],
			"to": [7.64, 6.54, 8.528],
			"rotation": {"angle": 0, "axis": "y", "origin": [5.5, 0, 4]},
			"faces": {
				"north": {"uv": [1.5625, 0.6875, 1.75, 1.3125], "texture": "#m4a4_asiimov"},
				"east": {"uv": [1.625, 0.5, 1.8125, 1.375], "texture": "#m4a4_asiimov"},
				"south": {"uv": [1.5625, 0.6875, 1.75, 1.3125], "texture": "#m4a4_asiimov"},
				"west": {"uv": [1.625, 0.5, 1.8125, 1.375], "texture": "#m4a4_asiimov"},
				"up": {"uv": [1.4375, 0.25, 1.6875, 1.25], "texture": "#m4a4_asiimov"}
			}
		},
		{
			"from": [7.4, 6.48, 8.144],
			"to": [7.46, 6.54, 8.528],
			"rotation": {"angle": 0, "axis": "y", "origin": [5.5, 0, 4]},
			"faces": {
				"north": {"uv": [1.5625, 0.6875, 1.75, 1.3125], "texture": "#m4a4_asiimov"},
				"east": {"uv": [1.625, 0.5, 1.8125, 1.375], "texture": "#m4a4_asiimov"},
				"south": {"uv": [1.5625, 0.6875, 1.75, 1.3125], "texture": "#m4a4_asiimov"},
				"west": {"uv": [1.625, 0.5, 1.8125, 1.375], "texture": "#m4a4_asiimov"},
				"up": {"uv": [1.4375, 0.25, 1.6875, 1.25], "texture": "#m4a4_asiimov"}
			}
		},
		{
			"from": [7.22, 6.48, 8.144],
			"to": [7.28, 6.54, 8.528],
			"rotation": {"angle": 0, "axis": "y", "origin": [5.5, 0, 4]},
			"faces": {
				"north": {"uv": [1.5625, 0.6875, 1.75, 1.3125], "texture": "#m4a4_asiimov"},
				"east": {"uv": [1.625, 0.5, 1.8125, 1.375], "texture": "#m4a4_asiimov"},
				"south": {"uv": [1.5625, 0.6875, 1.75, 1.3125], "texture": "#m4a4_asiimov"},
				"west": {"uv": [1.625, 0.5, 1.8125, 1.375], "texture": "#m4a4_asiimov"},
				"up": {"uv": [1.4375, 0.25, 1.6875, 1.25], "texture": "#m4a4_asiimov"}
			}
		},
		{
			"from": [7.04, 6.48, 8.144],
			"to": [7.1, 6.54, 8.528],
			"rotation": {"angle": 0, "axis": "y", "origin": [5.5, 0, 4]},
			"faces": {
				"north": {"uv": [1.5625, 0.6875, 1.75, 1.3125], "texture": "#m4a4_asiimov"},
				"east": {"uv": [1.625, 0.5, 1.8125, 1.375], "texture": "#m4a4_asiimov"},
				"south": {"uv": [1.5625, 0.6875, 1.75, 1.3125], "texture": "#m4a4_asiimov"},
				"west": {"uv": [1.625, 0.5, 1.8125, 1.375], "texture": "#m4a4_asiimov"},
				"up": {"uv": [1.4375, 0.25, 1.6875, 1.25], "texture": "#m4a4_asiimov"}
			}
		},
		{
			"from": [11.78, 6.3, 7.76],
			"to": [12.02, 6.48, 8.9],
			"rotation": {"angle": 0, "axis": "y", "origin": [5.5, 0, 4]},
			"faces": {
				"north": {"uv": [0, 1.9375, 1.125, 2.6875], "texture": "#m4a4_asiimov"},
				"east": {"uv": [0, 1.75, 1, 2.5], "texture": "#m4a4_asiimov"},
				"south": {"uv": [0, 1.9375, 1.125, 2.6875], "texture": "#m4a4_asiimov"},
				"west": {"uv": [0, 1.75, 1, 2.5], "texture": "#m4a4_asiimov"},
				"up": {"uv": [0, 1.75, 1.5, 2.75], "texture": "#m4a4_asiimov"},
				"down": {"uv": [0, 1.75, 1.5, 2.75], "texture": "#m4a4_asiimov"}
			}
		},
		{
			"from": [8.18, 5.16, 8.66],
			"to": [8.96, 5.28, 8.78],
			"rotation": {"angle": 0, "axis": "y", "origin": [5.5, 0, 4]},
			"faces": {
				"north": {"uv": [0, 2, 1.6875, 2.75], "texture": "#m4a4_asiimov"},
				"east": {"uv": [0, 2, 1, 2.75], "texture": "#m4a4_asiimov"},
				"south": {"uv": [0, 2, 1.6875, 2.75], "texture": "#m4a4_asiimov"},
				"west": {"uv": [0, 2, 1, 2.75], "texture": "#m4a4_asiimov"},
				"up": {"uv": [0, 1.8125, 1.4375, 2.8125], "texture": "#m4a4_asiimov"},
				"down": {"uv": [0, 1.8125, 1.4375, 2.8125], "texture": "#m4a4_asiimov"}
			}
		},
		{
			"from": [9.8, 5.22, 8.6],
			"to": [10.28, 5.34, 8.78],
			"rotation": {"angle": 0, "axis": "y", "origin": [5.5, 0, 4]},
			"faces": {
				"north": {"uv": [0, 2, 1.375, 2.75], "texture": "#m4a4_asiimov"},
				"east": {"uv": [0, 1.9375, 1, 2.6875], "texture": "#m4a4_asiimov"},
				"south": {"uv": [0, 2, 1.375, 2.75], "texture": "#m4a4_asiimov"},
				"west": {"uv": [0, 1.9375, 1, 2.6875], "texture": "#m4a4_asiimov"},
				"up": {"uv": [0, 1.8125, 1.4375, 2.8125], "texture": "#m4a4_asiimov"},
				"down": {"uv": [0, 1.8125, 1.4375, 2.8125], "texture": "#m4a4_asiimov"}
			}
		},
		{
			"from": [10.22, 5.16, 8.66],
			"to": [10.46, 5.4, 8.84],
			"rotation": {"angle": 0, "axis": "y", "origin": [5.5, 0, 4]},
			"faces": {
				"north": {"uv": [0, 1.9375, 1.5, 2.6875], "texture": "#m4a4_asiimov"},
				"east": {"uv": [0.3125, 1.9375, 1.3125, 2.6875], "texture": "#m4a4_asiimov"},
				"south": {"uv": [0, 1.9375, 1.5, 2.6875], "texture": "#m4a4_asiimov"},
				"west": {"uv": [0.3125, 1.9375, 1.3125, 2.6875], "texture": "#m4a4_asiimov"},
				"up": {"uv": [0, 1.875, 1.5625, 2.875], "texture": "#m4a4_asiimov"},
				"down": {"uv": [0, 1.875, 1.5625, 2.875], "texture": "#m4a4_asiimov"}
			}
		},
		{
			"from": [8.96, 5.58, 8.66],
			"to": [9.02, 5.94, 8.78],
			"rotation": {"angle": 0, "axis": "y", "origin": [5.5, 0, 4]},
			"faces": {
				"north": {"uv": [11.5, 0.0625, 11.875, 1.0625], "texture": "#m4a4_asiimov"},
				"east": {"uv": [11.875, 0, 12, 1.0625], "texture": "#m4a4_asiimov"},
				"south": {"uv": [11.5, 0.0625, 11.875, 1.0625], "texture": "#m4a4_asiimov"},
				"west": {"uv": [11.4375, 0, 11.0625, 1.0625], "texture": "#m4a4_asiimov"},
				"up": {"uv": [0, 0.4375, 0.9375, 1], "texture": "#m4a4_asiimov"},
				"down": {"uv": [1.5, 0.375, 1.8125, 1.375], "texture": "#m4a4_asiimov"}
			}
		},
		{
			"from": [6.98, 6.3, 8.06],
			"to": [11.78, 6.48, 8.6],
			"rotation": {"angle": 0, "axis": "y", "origin": [5.5, 0, 4]},
			"faces": {
				"north": {"uv": [15.0625, 3.3125, 7.8125, 3.75], "texture": "#m4a4_asiimov"},
				"south": {"uv": [7.8125, 3.3125, 15.0625, 3.75], "texture": "#m4a4_asiimov"},
				"west": {"uv": [0, 1.75, 1, 2.5], "texture": "#m4a4_asiimov"},
				"up": {"uv": [1.5, 0.3125, 1.875, 1.1875], "texture": "#m4a4_asiimov"},
				"down": {"uv": [0, 1.75, 1.8125, 2.75], "texture": "#m4a4_asiimov"}
			}
		},
		{
			"from": [2.18, 6.06, 8.48],
			"to": [6.8, 6.42, 9.02],
			"rotation": {"angle": 45, "axis": "x", "origin": [2.18, 6.42, 8.48]},
			"faces": {
				"north": {"uv": [0, 0.6875, 5.5, 0.9375], "texture": "#m4a4_asiimov"},
				"east": {"uv": [0, 0, 0.4375, 0.625], "texture": "#m4a4_asiimov"},
				"south": {"uv": [0, 0.6875, 5.5, 0.9375], "texture": "#m4a4_asiimov"},
				"west": {"uv": [0, 0, 0.4375, 0.625], "texture": "#m4a4_asiimov"},
				"up": {"uv": [0, 0.9375, 5.5625, 1.625], "texture": "#m4a4_asiimov"},
				"down": {"uv": [0, 0.9375, 5.5625, 1.625], "texture": "#m4a4_asiimov"}
			}
		},
		{
			"from": [2.18, 5.64, 7.76],
			"to": [6.8, 6, 8.3],
			"rotation": {"angle": -45, "axis": "x", "origin": [2.18, 6, 7.76]},
			"faces": {
				"north": {"uv": [0, 0.6875, 5.5, 0.9375], "texture": "#m4a4_asiimov"},
				"east": {"uv": [0, 0, 0.4375, 0.625], "texture": "#m4a4_asiimov"},
				"south": {"uv": [0, 0.6875, 5.5, 0.9375], "texture": "#m4a4_asiimov"},
				"west": {"uv": [0, 0, 0.4375, 0.625], "texture": "#m4a4_asiimov"},
				"up": {"uv": [0, 1, 5.5625, 1.6875], "texture": "#m4a4_asiimov"},
				"down": {"uv": [0, 1, 5.5625, 1.6875], "texture": "#m4a4_asiimov"}
			}
		},
		{
			"from": [2.18, 5.16, 8.24],
			"to": [6.8, 5.52, 8.78],
			"rotation": {"angle": -45, "axis": "x", "origin": [2.18, 5.52, 8.24]},
			"faces": {
				"north": {"uv": [0, 0.6875, 5.5, 0.9375], "texture": "#m4a4_asiimov"},
				"east": {"uv": [0, 0, 0.4375, 0.625], "texture": "#m4a4_asiimov"},
				"south": {"uv": [0, 0.6875, 5.5, 0.9375], "texture": "#m4a4_asiimov"},
				"west": {"uv": [0, 0, 0.4375, 0.625], "texture": "#m4a4_asiimov"},
				"up": {"uv": [0, 1, 5.5625, 1.6875], "texture": "#m4a4_asiimov"},
				"down": {"uv": [0, 1, 5.5625, 1.6875], "texture": "#m4a4_asiimov"}
			}
		},
		{
			"from": [2.18, 5.58, 8.0144],
			"to": [6.8, 5.94, 8.5544],
			"rotation": {"angle": 45, "axis": "x", "origin": [2.18, 5.94, 8.0144]},
			"faces": {
				"north": {"uv": [0, 0.6875, 5.5, 0.9375], "texture": "#m4a4_asiimov"},
				"east": {"uv": [0, 0, 0.4375, 0.625], "texture": "#m4a4_asiimov"},
				"south": {"uv": [0, 0.6875, 5.5, 0.9375], "texture": "#m4a4_asiimov"},
				"west": {"uv": [0, 0, 0.4375, 0.625], "texture": "#m4a4_asiimov"},
				"up": {"uv": [0, 1, 5.5625, 1.6875], "texture": "#m4a4_asiimov"},
				"down": {"uv": [0, 1, 5.5625, 1.6875], "texture": "#m4a4_asiimov"}
			}
		},
		{
			"from": [-4.25, 5.63194, 7.9664],
			"to": [0.125, 6.10069, 8.12265],
			"rotation": {"angle": 0, "axis": "z", "origin": [8.25, 3.75, 6.75]},
			"faces": {
				"north": {"uv": [0, 0, 3, 16], "rotation": 90, "texture": "#0"},
				"east": {"uv": [0, 0, 3, 1], "rotation": 270, "texture": "#0"},
				"south": {"uv": [0, 0, 3, 16], "rotation": 270, "texture": "#0"},
				"west": {"uv": [0, 0, 3, 1], "rotation": 270, "texture": "#0"},
				"up": {"uv": [0, 0, 1, 16], "rotation": 270, "texture": "#0"},
				"down": {"uv": [0, 0, 1, 16], "rotation": 270, "texture": "#0"}
			}
		},
		{
			"from": [-4.25, 5.47569, 8.12265],
			"to": [0.125, 6.25694, 8.2789],
			"rotation": {"angle": 0, "axis": "z", "origin": [8.25, 3.75, 6.75]},
			"faces": {
				"north": {"uv": [0, 0, 5, 16], "rotation": 90, "texture": "#0"},
				"east": {"uv": [0, 0, 5, 1], "rotation": 270, "texture": "#0"},
				"south": {"uv": [0, 0, 5, 16], "rotation": 270, "texture": "#0"},
				"west": {"uv": [0, 0, 5, 1], "rotation": 270, "texture": "#0"},
				"up": {"uv": [0, 0, 1, 16], "rotation": 270, "texture": "#0"},
				"down": {"uv": [0, 0, 1, 16], "rotation": 270, "texture": "#0"}
			}
		},
		{
			"from": [-4.25, 5.94444, 8.2789],
			"to": [0.125, 6.25694, 8.43515],
			"rotation": {"angle": 0, "axis": "z", "origin": [8.25, 3.75, 6.75]},
			"faces": {
				"north": {"uv": [0, 0, 2, 16], "rotation": 90, "texture": "#0"},
				"east": {"uv": [0, 0, 2, 1], "rotation": 270, "texture": "#0"},
				"south": {"uv": [0, 0, 2, 16], "rotation": 270, "texture": "#0"},
				"west": {"uv": [0, 0, 2, 1], "rotation": 270, "texture": "#0"},
				"up": {"uv": [0, 0, 1, 16], "rotation": 270, "texture": "#0"},
				"down": {"uv": [0, 0, 1, 16], "rotation": 270, "texture": "#0"}
			}
		},
		{
			"from": [-4.25, 5.47569, 8.2789],
			"to": [0.125, 5.78819, 8.43515],
			"rotation": {"angle": 0, "axis": "z", "origin": [8.25, 3.75, 6.75]},
			"faces": {
				"north": {"uv": [0, 0, 2, 16], "rotation": 90, "texture": "#0"},
				"east": {"uv": [0, 0, 2, 1], "rotation": 270, "texture": "#0"},
				"south": {"uv": [0, 0, 2, 16], "rotation": 270, "texture": "#0"},
				"west": {"uv": [0, 0, 2, 1], "rotation": 270, "texture": "#0"},
				"up": {"uv": [0, 0, 1, 16], "rotation": 270, "texture": "#0"},
				"down": {"uv": [0, 0, 1, 16], "rotation": 270, "texture": "#0"}
			}
		},
		{
			"from": [-4.25, 5.63194, 8.5914],
			"to": [0.125, 6.10069, 8.74765],
			"rotation": {"angle": 0, "axis": "z", "origin": [8.25, 3.75, 6.75]},
			"faces": {
				"north": {"uv": [0, 0, 3, 16], "rotation": 90, "texture": "#0"},
				"east": {"uv": [0, 0, 3, 1], "rotation": 270, "texture": "#0"},
				"south": {"uv": [0, 0, 3, 16], "rotation": 270, "texture": "#0"},
				"west": {"uv": [0, 0, 3, 1], "rotation": 270, "texture": "#0"},
				"up": {"uv": [0, 0, 1, 16], "rotation": 270, "texture": "#0"},
				"down": {"uv": [0, 0, 1, 16], "rotation": 270, "texture": "#0"}
			}
		},
		{
			"from": [-4.25, 5.47569, 8.43515],
			"to": [0.125, 6.25694, 8.5914],
			"rotation": {"angle": 0, "axis": "z", "origin": [8.25, 3.75, 6.75]},
			"faces": {
				"north": {"uv": [0, 0, 5, 16], "rotation": 90, "texture": "#0"},
				"east": {"uv": [0, 0, 5, 1], "rotation": 270, "texture": "#0"},
				"south": {"uv": [0, 0, 5, 16], "rotation": 270, "texture": "#0"},
				"west": {"uv": [0, 0, 5, 1], "rotation": 270, "texture": "#0"},
				"up": {"uv": [0, 0, 1, 16], "rotation": 270, "texture": "#0"},
				"down": {"uv": [0, 0, 1, 16], "rotation": 270, "texture": "#0"}
			}
		}
	],
	"gui_light": "front",
	"display": {
		"thirdperson_righthand": {
			"rotation": [0, -90, 0],
			"translation": [0, 3, 0]
		},
		"thirdperson_lefthand": {
			"rotation": [0, 90, 0],
			"translation": [0, 4, 0]
		},
		"firstperson_righthand": {
			"rotation": [3, -90, 0],
			"translation": [-8.75, 8.75, 7.75]
		},
		"firstperson_lefthand": {
			"rotation": [7, 90, 0],
			"translation": [-9.5, 7, 0]
		},
		"ground": {
			"translation": [0, 2.5, 0]
		},
		"gui": {
			"rotation": [0, -180, -36],
			"translation": [-3, 1.75, 0]
		},
		"head": {
			"translation": [0, 7.5, 0]
		},
		"fixed": {
			"rotation": [0, 0, -36.75],
			"translation": [2, 1.25, -0.5]
		}
	},
	"groups": [
		0,
		1,
		2,
		3,
		4,
		5,
		6,
		7,
		8,
		9,
		10,
		11,
		12,
		13,
		14,
		15,
		16,
		17,
		18,
		19,
		20,
		21,
		22,
		23,
		24,
		25,
		26,
		27,
		28,
		29,
		30,
		31,
		32,
		33,
		34,
		35,
		36,
		37,
		38,
		39,
		40,
		41,
		42,
		43,
		44,
		45,
		46,
		47,
		48,
		49,
		50,
		51,
		52,
		53,
		54,
		55,
		56,
		57,
		58,
		59,
		60,
		61,
		62,
		63,
		64,
		65,
		66,
		67,
		68,
		69,
		70,
		71,
		72,
		73,
		74,
		75,
		76,
		77,
		{
			"name": "suppressor",
			"origin": [8, 8, 8],
			"color": 0,
			"children": [78, 79, 80, 81, 82, 83]
		}
	]
}