{
	"format_version": "1.21.11",
	"credit": "Made with Blockbench",
	"textures": {
		"12ga_pump_shotgun_1": "3d/12ga_pump_shotgun_1",
		"12ga_pump_shotgun_2": "3d/12ga_pump_shotgun_2",
		"12ga_pump_shotgun_3": "3d/12ga_pump_shotgun_3"
	},
	"elements": [
		{
			"name": "2",
			"from": [7.2, 8.8, 6],
			"to": [8.8, 10.8, 15.6],
			"faces": {
				"north": {"uv": [7, 7.5, 9, 10], "texture": "#12ga_pump_shotgun_2", "cullface": "south"},
				"east": {"uv": [0, 7.5, 8, 10], "texture": "#12ga_pump_shotgun_2", "cullface": "south"},
				"south": {"uv": [7, 7.5, 9, 10], "texture": "#12ga_pump_shotgun_2", "cullface": "south"},
				"west": {"uv": [8, 7.5, 16, 10], "texture": "#12ga_pump_shotgun_2", "cullface": "south"},
				"up": {"uv": [7, 8, 9, 16], "texture": "#12ga_pump_shotgun_2", "cullface": "south"},
				"down": {"uv": [9, 16, 7, 8], "texture": "#12ga_pump_shotgun_2", "cullface": "south"}
			}
		},
		{
			"name": "1",
			"from": [7.2, 10.4, 15.6],
			"to": [8.8, 11.6, 19.2],
			"rotation": {"angle": 22.5, "axis": "x", "origin": [7.2, 11.6, 15.6]},
			"faces": {
				"north": {"uv": [7, 6, 8.6, 7.2], "texture": "#12ga_pump_shotgun_1", "cullface": "south"},
				"east": {"uv": [0, 6, 3.6, 7.2], "texture": "#12ga_pump_shotgun_1", "cullface": "south"},
				"south": {"uv": [7, 6, 8.6, 7.2], "texture": "#12ga_pump_shotgun_1", "cullface": "south"},
				"west": {"uv": [15.6, 4.2, 12, 3], "texture": "#12ga_pump_shotgun_1", "cullface": "south"},
				"up": {"uv": [7, 12, 8.6, 15.6], "texture": "#12ga_pump_shotgun_1", "cullface": "south"},
				"down": {"uv": [8.6, 17.6, 7, 14], "texture": "#12ga_pump_shotgun_1", "cullface": "south"}
			}
		},
		{
			"name": "1",
			"from": [7.2, 9.2, 15.6],
			"to": [8.8, 10.4, 18.4],
			"faces": {
				"north": {"uv": [7, 6, 8.6, 7.2], "texture": "#12ga_pump_shotgun_1", "cullface": "south"},
				"east": {"uv": [0, 6, 2.8, 7.2], "texture": "#12ga_pump_shotgun_1", "cullface": "south"},
				"south": {"uv": [7, 6, 8.6, 7.2], "texture": "#12ga_pump_shotgun_1", "cullface": "south"},
				"west": {"uv": [16, 7, 10, 8.2], "texture": "#12ga_pump_shotgun_1", "cullface": "south"},
				"up": {"uv": [7, 16, 8.6, 18.8], "texture": "#12ga_pump_shotgun_1", "cullface": "south"},
				"down": {"uv": [8.6, 16, 7, 18.8], "texture": "#12ga_pump_shotgun_1", "cullface": "south"}
			}
		},
		{
			"name": "1",
			"from": [7.6, 9.05, 18.9],
			"to": [8.4, 10.65, 22.3],
			"rotation": {"angle": 45, "axis": "x", "origin": [7.6, 10.65, 18.9]},
			"faces": {
				"north": {"uv": [7, 6, 7.8, 7.6], "texture": "#12ga_pump_shotgun_1", "cullface": "south"},
				"east": {"uv": [0, 6, 3.4, 7.6], "texture": "#12ga_pump_shotgun_1", "cullface": "south"},
				"south": {"uv": [7, 6, 7.8, 7.6], "texture": "#12ga_pump_shotgun_1", "cullface": "south"},
				"west": {"uv": [16, 6, 12, 7.6], "texture": "#12ga_pump_shotgun_1", "cullface": "south"},
				"up": {"uv": [7, 16, 7.8, 19.4], "texture": "#12ga_pump_shotgun_1", "cullface": "south"},
				"down": {"uv": [7.8, 16, 7, 19.4], "texture": "#12ga_pump_shotgun_1", "cullface": "south"}
			}
		},
		{
			"name": "1",
			"from": [7.2, 9.2, 20.4],
			"to": [8.8, 10, 29.2],
			"faces": {
				"north": {"uv": [7, 6, 8.6, 6.8], "texture": "#12ga_pump_shotgun_1", "cullface": "south"},
				"east": {"uv": [0, 6, 8.8, 6.8], "texture": "#12ga_pump_shotgun_1", "cullface": "south"},
				"south": {"uv": [7, 6, 8.6, 6.8], "texture": "#12ga_pump_shotgun_1", "cullface": "south"},
				"west": {"uv": [10, 6, 13, 6.8], "texture": "#12ga_pump_shotgun_1", "cullface": "south"},
				"up": {"uv": [7, 16, 8.6, 24.8], "texture": "#12ga_pump_shotgun_1", "cullface": "south"},
				"down": {"uv": [8.6, 16, 7, 24.8], "texture": "#12ga_pump_shotgun_1", "cullface": "south"}
			}
		},
		{
			"name": "1",
			"from": [7.2, 7.15, 20.1],
			"to": [8.8, 8.4, 29.2],
			"faces": {
				"north": {"uv": [7, 6, 8.6, 7.25], "texture": "#12ga_pump_shotgun_1", "cullface": "south"},
				"east": {"uv": [0, 6, 9.1, 7.25], "texture": "#12ga_pump_shotgun_1", "cullface": "south"},
				"south": {"uv": [7, 6, 8.6, 7.25], "texture": "#12ga_pump_shotgun_1", "cullface": "south"},
				"west": {"uv": [16, 6, 11, 7.25], "texture": "#12ga_pump_shotgun_1", "cullface": "south"},
				"up": {"uv": [7, 16, 8.6, 25.1], "texture": "#12ga_pump_shotgun_1", "cullface": "south"},
				"down": {"uv": [8.6, 16, 7, 25.1], "texture": "#12ga_pump_shotgun_1", "cullface": "south"}
			}
		},
		{
			"name": "1",
			"from": [7.2, 6.8, 21.2],
			"to": [8.8, 7.2, 29.2],
			"faces": {
				"north": {"uv": [7, 6, 9, 10], "texture": "#12ga_pump_shotgun_1", "cullface": "south"},
				"east": {"uv": [0, 6, 0, 10], "texture": "#12ga_pump_shotgun_1", "cullface": "south"},
				"south": {"uv": [7, 6, 9, 10], "texture": "#12ga_pump_shotgun_1", "cullface": "south"},
				"west": {"uv": [16, 6, 16, 10], "texture": "#12ga_pump_shotgun_1", "cullface": "south"},
				"up": {"uv": [7, 16, 8.6, 24], "texture": "#12ga_pump_shotgun_1", "cullface": "south"},
				"down": {"uv": [9, 16, 7, 16], "texture": "#12ga_pump_shotgun_1", "cullface": "south"}
			}
		},
		{
			"name": "1",
			"from": [7.2, 6.4, 23.6],
			"to": [8.8, 6.8, 29.2],
			"faces": {
				"north": {"uv": [7, 6, 8.6, 6.4], "texture": "#12ga_pump_shotgun_1", "cullface": "south"},
				"east": {"uv": [0, 6, 5.6, 6.4], "texture": "#12ga_pump_shotgun_1", "cullface": "south"},
				"south": {"uv": [7, 6, 8.6, 6.4], "texture": "#12ga_pump_shotgun_1", "cullface": "south"},
				"west": {"uv": [16, 6, 12, 6.4], "texture": "#12ga_pump_shotgun_1", "cullface": "south"},
				"up": {"uv": [7, 16, 8.6, 21.6], "texture": "#12ga_pump_shotgun_1", "cullface": "south"},
				"down": {"uv": [8.6, 16, 7, 21.6], "texture": "#12ga_pump_shotgun_1", "cullface": "south"}
			}
		},
		{
			"name": "1",
			"from": [7.2, 6.8, 19.6],
			"to": [8.8, 9.6, 29.2],
			"faces": {
				"north": {"uv": [7, 6, 8.6, 8.8], "texture": "#12ga_pump_shotgun_1", "cullface": "south"},
				"east": {"uv": [0, 6, 9.6, 8.8], "texture": "#12ga_pump_shotgun_1", "cullface": "south"},
				"south": {"uv": [7, 6, 8.6, 8.8], "texture": "#12ga_pump_shotgun_1", "cullface": "south"},
				"west": {"uv": [16, 6, 12, 9], "texture": "#12ga_pump_shotgun_1", "cullface": "south"},
				"up": {"uv": [7, 16, 8.6, 25.6], "texture": "#12ga_pump_shotgun_1", "cullface": "south"},
				"down": {"uv": [8.6, 16, 7, 25.6], "texture": "#12ga_pump_shotgun_1", "cullface": "south"}
			}
		},
		{
			"name": "1",
			"from": [7.2, 6, 24.4],
			"to": [8.8, 6.4, 29.2],
			"faces": {
				"north": {"uv": [7, 6, 8.6, 6.4], "texture": "#12ga_pump_shotgun_1", "cullface": "south"},
				"east": {"uv": [0, 6, 4.8, 6.4], "texture": "#12ga_pump_shotgun_1", "cullface": "south"},
				"south": {"uv": [7, 6, 8.6, 6.4], "texture": "#12ga_pump_shotgun_1", "cullface": "south"},
				"west": {"uv": [16, 6, 12, 6.4], "texture": "#12ga_pump_shotgun_1", "cullface": "south"},
				"up": {"uv": [7, 16, 8.6, 20.8], "texture": "#12ga_pump_shotgun_1", "cullface": "south"},
				"down": {"uv": [8.6, 16, 7, 20.8], "texture": "#12ga_pump_shotgun_1", "cullface": "south"}
			}
		},
		{
			"name": "1",
			"from": [7.2, 5.6, 26],
			"to": [8.8, 6, 29.2],
			"faces": {
				"north": {"uv": [7, 6, 8.6, 6.4], "texture": "#12ga_pump_shotgun_1", "cullface": "south"},
				"east": {"uv": [0, 6, 3.2, 6.4], "texture": "#12ga_pump_shotgun_1", "cullface": "south"},
				"south": {"uv": [7, 6, 8.6, 6.4], "texture": "#12ga_pump_shotgun_1", "cullface": "south"},
				"west": {"uv": [16, 6, 11, 6.4], "texture": "#12ga_pump_shotgun_1", "cullface": "south"},
				"up": {"uv": [7, 16, 8.6, 19.2], "texture": "#12ga_pump_shotgun_1", "cullface": "south"},
				"down": {"uv": [8.6, 16, 7, 19.2], "texture": "#12ga_pump_shotgun_1", "cullface": "south"}
			}
		},
		{
			"name": "1",
			"from": [7.2, 5.2, 26.8],
			"to": [8.8, 5.6, 29.2],
			"faces": {
				"north": {"uv": [7, 6, 8.6, 6.4], "texture": "#12ga_pump_shotgun_1", "cullface": "south"},
				"east": {"uv": [0, 6, 2.4, 6.4], "texture": "#12ga_pump_shotgun_1", "cullface": "south"},
				"south": {"uv": [7, 6, 8.6, 6.4], "texture": "#12ga_pump_shotgun_1", "cullface": "south"},
				"west": {"uv": [16, 6, 13, 6.4], "texture": "#12ga_pump_shotgun_1", "cullface": "south"},
				"up": {"uv": [7, 16, 8.6, 18.4], "texture": "#12ga_pump_shotgun_1", "cullface": "south"},
				"down": {"uv": [8.6, 16, 7, 18.4], "texture": "#12ga_pump_shotgun_1", "cullface": "south"}
			}
		},
		{
			"name": "1",
			"from": [7.2, 6.65, 19.9],
			"to": [8.8, 7.45, 21.3],
			"rotation": {"angle": 22.5, "axis": "x", "origin": [7.2, 7.45, 19.9]},
			"faces": {
				"north": {"uv": [7, 6, 8.6, 6.8], "texture": "#12ga_pump_shotgun_1", "cullface": "south"},
				"east": {"uv": [0, 6, 1.4, 6.8], "texture": "#12ga_pump_shotgun_1", "cullface": "south"},
				"south": {"uv": [7, 6, 8.6, 6.8], "texture": "#12ga_pump_shotgun_1", "cullface": "south"},
				"west": {"uv": [16, 6, 12, 6.8], "texture": "#12ga_pump_shotgun_1", "cullface": "south"},
				"up": {"uv": [7, 16, 8.6, 17.4], "texture": "#12ga_pump_shotgun_1", "cullface": "south"},
				"down": {"uv": [8.6, 16, 7, 17.4], "texture": "#12ga_pump_shotgun_1", "cullface": "south"}
			}
		},
		{
			"name": "1",
			"from": [7.6, 9, 19],
			"to": [8.4, 9.8, 20.6],
			"rotation": {"angle": -22.5, "axis": "x", "origin": [7.6, 9.8, 19]},
			"faces": {
				"north": {"uv": [7, 6, 7.8, 6.8], "texture": "#12ga_pump_shotgun_1", "cullface": "south"},
				"east": {"uv": [0, 6, 1.6, 6.8], "texture": "#12ga_pump_shotgun_1", "cullface": "south"},
				"south": {"uv": [7, 6, 7.8, 6.8], "texture": "#12ga_pump_shotgun_1", "cullface": "south"},
				"west": {"uv": [16, 6, 10, 6.8], "texture": "#12ga_pump_shotgun_1", "cullface": "south"},
				"up": {"uv": [7, 16, 7.8, 17.6], "texture": "#12ga_pump_shotgun_1", "cullface": "south"},
				"down": {"uv": [7.8, 16, 7, 17.6], "texture": "#12ga_pump_shotgun_1", "cullface": "south"}
			}
		},
		{
			"name": "1",
			"from": [7.2, 7.2, 21.2],
			"to": [8.8, 8, 29.2],
			"rotation": {"angle": 22.5, "axis": "x", "origin": [7.2, 8, 21.2]},
			"faces": {
				"north": {"uv": [7, 6, 8.6, 6.8], "texture": "#12ga_pump_shotgun_1", "cullface": "south"},
				"east": {"uv": [0, 6, 8, 6.8], "texture": "#12ga_pump_shotgun_1", "cullface": "south"},
				"south": {"uv": [7, 6, 8.6, 6.8], "texture": "#12ga_pump_shotgun_1", "cullface": "south"},
				"west": {"uv": [16, 6, 13, 6.8], "texture": "#12ga_pump_shotgun_1", "cullface": "south"},
				"up": {"uv": [7, 16, 8.6, 24], "texture": "#12ga_pump_shotgun_1", "cullface": "south"},
				"down": {"uv": [8.6, 16, 7, 24], "texture": "#12ga_pump_shotgun_1", "cullface": "south"}
			}
		},
		{
			"name": "1",
			"from": [7.2, 4.8, 26.8],
			"to": [8.8, 5.6, 29.2],
			"faces": {
				"north": {"uv": [7, 6, 8.6, 6.8], "texture": "#12ga_pump_shotgun_1", "cullface": "south"},
				"east": {"uv": [0, 6, 2.4, 6.8], "texture": "#12ga_pump_shotgun_1", "cullface": "south"},
				"south": {"uv": [7, 6, 8.6, 6.8], "texture": "#12ga_pump_shotgun_1", "cullface": "south"},
				"west": {"uv": [16, 6, 11, 6.8], "texture": "#12ga_pump_shotgun_1", "cullface": "south"},
				"up": {"uv": [7, 16, 8.6, 18.4], "texture": "#12ga_pump_shotgun_1", "cullface": "south"},
				"down": {"uv": [8.6, 16, 7, 18.4], "texture": "#12ga_pump_shotgun_1", "cullface": "south"}
			}
		},
		{
			"name": "1",
			"from": [7.2, 4.2, 28.2],
			"to": [8.8, 5.2, 29.2],
			"faces": {
				"north": {"uv": [7, 6, 8.6, 7], "texture": "#12ga_pump_shotgun_1", "cullface": "south"},
				"east": {"uv": [0, 6, 1, 7], "texture": "#12ga_pump_shotgun_1", "cullface": "south"},
				"south": {"uv": [7, 6, 8.6, 7], "texture": "#12ga_pump_shotgun_1", "cullface": "south"},
				"west": {"uv": [16, 6, 12, 7], "texture": "#12ga_pump_shotgun_1", "cullface": "south"},
				"up": {"uv": [7, 16, 8.6, 17], "texture": "#12ga_pump_shotgun_1", "cullface": "south"},
				"down": {"uv": [8.6, 16, 7, 17], "texture": "#12ga_pump_shotgun_1", "cullface": "south"}
			}
		},
		{
			"name": "2",
			"from": [7.6, 11.6, -13.2],
			"to": [8.4, 11.8, 6],
			"faces": {
				"north": {"uv": [7.5, 6.25, 8.5, 6.5], "texture": "#12ga_pump_shotgun_2", "cullface": "north"},
				"east": {"uv": [8, 6.25, 16, 6.5], "texture": "#12ga_pump_shotgun_2", "cullface": "north"},
				"south": {"uv": [7.5, 6.25, 8.5, 6.5], "texture": "#12ga_pump_shotgun_2", "cullface": "north"},
				"west": {"uv": [0, 6.25, 8, 6.5], "texture": "#12ga_pump_shotgun_2", "cullface": "north"},
				"up": {"uv": [7.5, 0, 8.5, 8], "texture": "#12ga_pump_shotgun_2", "cullface": "north"},
				"down": {"uv": [8.5, 8, 7.5, 0], "texture": "#12ga_pump_shotgun_2", "cullface": "north"}
			}
		},
		{
			"name": "2",
			"from": [8.4, 10.8, -13.2],
			"to": [8.6, 11.6, 6],
			"faces": {
				"north": {"uv": [7.25, 6.5, 7.5, 7.5], "texture": "#12ga_pump_shotgun_2", "cullface": "north"},
				"east": {"uv": [8, 6.5, 16, 7.5], "texture": "#12ga_pump_shotgun_2", "cullface": "north"},
				"south": {"uv": [8.5, 6.5, 8.75, 7.5], "texture": "#12ga_pump_shotgun_2", "cullface": "north"},
				"west": {"uv": [0, 6.5, 8, 7.5], "texture": "#12ga_pump_shotgun_2", "cullface": "north"},
				"up": {"uv": [8.5, 0, 8.75, 8], "texture": "#12ga_pump_shotgun_2", "cullface": "north"},
				"down": {"uv": [7.5, 8, 7.25, 0], "texture": "#12ga_pump_shotgun_2", "cullface": "north"}
			}
		},
		{
			"name": "2",
			"from": [7.4, 10.8, -13.2],
			"to": [7.6, 11.6, 6],
			"faces": {
				"north": {"uv": [8.25, 5, 8.5, 6], "texture": "#12ga_pump_shotgun_2", "cullface": "north"},
				"east": {"uv": [8, 5, 16, 6], "texture": "#12ga_pump_shotgun_2", "cullface": "north"},
				"south": {"uv": [7.5, 5, 7.75, 6], "texture": "#12ga_pump_shotgun_2", "cullface": "north"},
				"west": {"uv": [0, 5, 8, 6], "texture": "#12ga_pump_shotgun_2", "cullface": "north"},
				"up": {"uv": [7.5, 0, 7.75, 8], "texture": "#12ga_pump_shotgun_2", "cullface": "north"},
				"down": {"uv": [8.5, 8, 8.25, 0], "texture": "#12ga_pump_shotgun_2", "cullface": "north"}
			}
		},
		{
			"name": "2",
			"from": [7.4, 9.2, -6.8],
			"to": [7.6, 10, 6],
			"faces": {
				"north": {"uv": [8.25, 5, 8.5, 6], "texture": "#12ga_pump_shotgun_2", "cullface": "north"},
				"east": {"uv": [8, 5, 16, 6], "texture": "#12ga_pump_shotgun_2", "cullface": "north"},
				"south": {"uv": [7.5, 5, 7.75, 6], "texture": "#12ga_pump_shotgun_2", "cullface": "north"},
				"west": {"uv": [0, 5, 8, 6], "texture": "#12ga_pump_shotgun_2", "cullface": "north"},
				"up": {"uv": [7.5, 0, 7.75, 8], "texture": "#12ga_pump_shotgun_2", "cullface": "north"},
				"down": {"uv": [8.5, 8, 8.25, 0], "texture": "#12ga_pump_shotgun_2", "cullface": "north"}
			}
		},
		{
			"name": "2",
			"from": [7.6, 10, -6.8],
			"to": [8.4, 10.2, 6],
			"faces": {
				"north": {"uv": [7.5, 8.25, 8.5, 8.5], "texture": "#12ga_pump_shotgun_2", "cullface": "north"},
				"east": {"uv": [8, 8.25, 16, 8.5], "texture": "#12ga_pump_shotgun_2", "cullface": "north"},
				"south": {"uv": [7.5, 8.25, 8.5, 8.5], "texture": "#12ga_pump_shotgun_2", "cullface": "north"},
				"west": {"uv": [0, 8.25, 8, 8.5], "texture": "#12ga_pump_shotgun_2", "cullface": "north"},
				"up": {"uv": [7.5, 0, 8.5, 8], "texture": "#12ga_pump_shotgun_2", "cullface": "north"},
				"down": {"uv": [8.5, 8, 7.5, 0], "texture": "#12ga_pump_shotgun_2", "cullface": "north"}
			}
		},
		{
			"name": "2",
			"from": [8.4, 9.2, -6.8],
			"to": [8.6, 10, 6],
			"faces": {
				"north": {"uv": [7.25, 8.5, 7.5, 9.5], "texture": "#12ga_pump_shotgun_2", "cullface": "north"},
				"east": {"uv": [8, 8.5, 16, 9.5], "texture": "#12ga_pump_shotgun_2", "cullface": "north"},
				"south": {"uv": [8.5, 8.5, 8.75, 9.5], "texture": "#12ga_pump_shotgun_2", "cullface": "north"},
				"west": {"uv": [0, 8.5, 8, 9.5], "texture": "#12ga_pump_shotgun_2", "cullface": "north"},
				"up": {"uv": [8.5, 0, 8.75, 8], "texture": "#12ga_pump_shotgun_2", "cullface": "north"},
				"down": {"uv": [7.5, 8, 7.25, 0], "texture": "#12ga_pump_shotgun_2", "cullface": "north"}
			}
		},
		{
			"name": "2",
			"from": [7.6, 10.6, -13.2],
			"to": [8.4, 10.8, 6],
			"faces": {
				"north": {"uv": [7.5, 7.5, 8.5, 7.75], "texture": "#12ga_pump_shotgun_2", "cullface": "north"},
				"east": {"uv": [8, 7.5, 16, 7.75], "texture": "#12ga_pump_shotgun_2", "cullface": "north"},
				"south": {"uv": [7.5, 7.5, 8.5, 7.75], "texture": "#12ga_pump_shotgun_2", "cullface": "north"},
				"west": {"uv": [0, 7.5, 8, 7.75], "texture": "#12ga_pump_shotgun_2", "cullface": "north"},
				"up": {"uv": [7.5, 0, 8.5, 8], "texture": "#12ga_pump_shotgun_2", "cullface": "north"},
				"down": {"uv": [8.5, 8, 7.5, 0], "texture": "#12ga_pump_shotgun_2", "cullface": "north"}
			}
		},
		{
			"name": "2",
			"from": [7.7, 11.6, 2.8],
			"to": [8.3, 12, 5.2],
			"faces": {
				"north": {"uv": [7.625, 6, 8.375, 6.5], "texture": "#12ga_pump_shotgun_2"},
				"east": {"uv": [9, 6, 12, 6.5], "texture": "#12ga_pump_shotgun_2"},
				"south": {"uv": [7.625, 6, 8.375, 6.5], "texture": "#12ga_pump_shotgun_2"},
				"west": {"uv": [4, 6, 7, 6.5], "texture": "#12ga_pump_shotgun_2"},
				"up": {"uv": [7.625, 4, 8.375, 7], "texture": "#12ga_pump_shotgun_2"},
				"down": {"uv": [8.375, 7, 7.625, 4], "texture": "#12ga_pump_shotgun_2"}
			}
		},
		{
			"name": "2",
			"from": [7.7, 11.2, 4.4],
			"to": [8.3, 12, 5.2],
			"rotation": {"angle": -22.5, "axis": "x", "origin": [7.7, 12, 4.4]},
			"faces": {
				"north": {"uv": [7.5, 4.5, 8.5, 5], "texture": "#12ga_pump_shotgun_2"},
				"east": {"uv": [9.5, 4.5, 10.5, 5], "texture": "#12ga_pump_shotgun_2"},
				"south": {"uv": [7.5, 4.5, 8.5, 5], "texture": "#12ga_pump_shotgun_2"},
				"west": {"uv": [5.5, 4.5, 6.5, 5], "texture": "#12ga_pump_shotgun_2"},
				"up": {"uv": [7.5, 5.5, 8.5, 6.5], "texture": "#12ga_pump_shotgun_2"},
				"down": {"uv": [8.5, 6.5, 7.5, 5.5], "texture": "#12ga_pump_shotgun_2"}
			}
		},
		{
			"name": "2",
			"from": [7.6, 8.4, 6.8],
			"to": [8.4, 8.8, 7.6],
			"rotation": {"angle": -22.5, "axis": "x", "origin": [7.6, 8.8, 6.8]},
			"faces": {
				"north": {"uv": [7, 11, 9, 11.5], "texture": "#12ga_pump_shotgun_2"},
				"east": {"uv": [4, 11, 5, 11.5], "texture": "#12ga_pump_shotgun_2"},
				"south": {"uv": [7, 11, 9, 11.5], "texture": "#12ga_pump_shotgun_2"},
				"west": {"uv": [11, 11, 12, 11.5], "texture": "#12ga_pump_shotgun_2"},
				"up": {"uv": [7, 11, 9, 12], "texture": "#12ga_pump_shotgun_2"},
				"down": {"uv": [9, 12, 7, 11], "texture": "#12ga_pump_shotgun_2"}
			}
		},
		{
			"name": "2",
			"from": [7.4, 8.8, 10.8],
			"to": [8.6, 9.2, 12.8],
			"rotation": {"angle": 45, "axis": "x", "origin": [7.4, 9.2, 10.8]},
			"faces": {
				"north": {"uv": [7, 11, 9, 11.5], "texture": "#12ga_pump_shotgun_2", "cullface": "south"},
				"east": {"uv": [4, 11, 5, 11.5], "texture": "#12ga_pump_shotgun_2", "cullface": "south"},
				"south": {"uv": [7, 11, 9, 11.5], "texture": "#12ga_pump_shotgun_2", "cullface": "south"},
				"west": {"uv": [11, 11, 12, 11.5], "texture": "#12ga_pump_shotgun_2", "cullface": "south"},
				"up": {"uv": [7, 11, 9, 12], "texture": "#12ga_pump_shotgun_2", "cullface": "south"},
				"down": {"uv": [9, 12, 7, 11], "texture": "#12ga_pump_shotgun_2", "cullface": "south"}
			}
		},
		{
			"name": "2",
			"from": [7.4, 7.5, 11.9],
			"to": [8.6, 7.9, 14.15],
			"faces": {
				"north": {"uv": [7, 11, 9, 11.5], "texture": "#12ga_pump_shotgun_2", "cullface": "south"},
				"east": {"uv": [4, 11, 5, 11.5], "texture": "#12ga_pump_shotgun_2", "cullface": "south"},
				"south": {"uv": [7, 11, 9, 11.5], "texture": "#12ga_pump_shotgun_2", "cullface": "south"},
				"west": {"uv": [11, 11, 12, 11.5], "texture": "#12ga_pump_shotgun_2", "cullface": "south"},
				"up": {"uv": [7, 11, 9, 12], "texture": "#12ga_pump_shotgun_2", "cullface": "south"},
				"down": {"uv": [9, 12, 7, 11], "texture": "#12ga_pump_shotgun_2", "cullface": "south"}
			}
		},
		{
			"name": "2",
			"from": [7.4, 7.4, 13.85],
			"to": [8.6, 7.8, 15.85],
			"rotation": {"angle": -45, "axis": "x", "origin": [7.4, 7.8, 13.85]},
			"faces": {
				"north": {"uv": [7, 11, 9, 11.5], "texture": "#12ga_pump_shotgun_2", "cullface": "south"},
				"east": {"uv": [4, 11, 5, 11.5], "texture": "#12ga_pump_shotgun_2", "cullface": "south"},
				"south": {"uv": [7, 11, 9, 11.5], "texture": "#12ga_pump_shotgun_2", "cullface": "south"},
				"west": {"uv": [11, 11, 12, 11.5], "texture": "#12ga_pump_shotgun_2", "cullface": "south"},
				"up": {"uv": [7, 11, 9, 12], "texture": "#12ga_pump_shotgun_2", "cullface": "south"},
				"down": {"uv": [9, 12, 7, 11], "texture": "#12ga_pump_shotgun_2", "cullface": "south"}
			}
		},
		{
			"name": "2",
			"from": [7.4, 8, 14],
			"to": [8.6, 8.8, 14.4],
			"faces": {
				"north": {"uv": [7, 11, 9, 11.5], "texture": "#12ga_pump_shotgun_2", "cullface": "south"},
				"east": {"uv": [4, 11, 5, 11.5], "texture": "#12ga_pump_shotgun_2", "cullface": "south"},
				"south": {"uv": [7, 11, 9, 11.5], "texture": "#12ga_pump_shotgun_2", "cullface": "south"},
				"west": {"uv": [11, 11, 12, 11.5], "texture": "#12ga_pump_shotgun_2", "cullface": "south"},
				"up": {"uv": [7, 11, 9, 12], "texture": "#12ga_pump_shotgun_2", "cullface": "south"},
				"down": {"uv": [9, 12, 7, 11], "texture": "#12ga_pump_shotgun_2", "cullface": "south"}
			}
		},
		{
			"name": "2",
			"from": [7.4, 8.4, 11.2],
			"to": [8.6, 8.8, 11.6],
			"faces": {
				"north": {"uv": [7, 11, 9, 11.5], "texture": "#12ga_pump_shotgun_2"},
				"east": {"uv": [4, 11, 5, 11.5], "texture": "#12ga_pump_shotgun_2"},
				"south": {"uv": [7, 11, 9, 11.5], "texture": "#12ga_pump_shotgun_2"},
				"west": {"uv": [11, 11, 12, 11.5], "texture": "#12ga_pump_shotgun_2"},
				"up": {"uv": [7, 11, 9, 12], "texture": "#12ga_pump_shotgun_2"},
				"down": {"uv": [9, 12, 7, 11], "texture": "#12ga_pump_shotgun_2"}
			}
		},
		{
			"name": "2",
			"from": [7.4, 8, 11.6],
			"to": [8.6, 8.8, 12],
			"faces": {
				"north": {"uv": [7, 11, 9, 11.5], "texture": "#12ga_pump_shotgun_2"},
				"east": {"uv": [4, 11, 5, 11.5], "texture": "#12ga_pump_shotgun_2"},
				"south": {"uv": [7, 11, 9, 11.5], "texture": "#12ga_pump_shotgun_2"},
				"west": {"uv": [11, 11, 12, 11.5], "texture": "#12ga_pump_shotgun_2"},
				"up": {"uv": [7, 11, 9, 12], "texture": "#12ga_pump_shotgun_2"},
				"down": {"uv": [9, 12, 7, 11], "texture": "#12ga_pump_shotgun_2"}
			}
		},
		{
			"name": "2",
			"from": [7.4, 8.4, 14.4],
			"to": [8.6, 8.8, 14.8],
			"faces": {
				"north": {"uv": [7, 11, 9, 11.5], "texture": "#12ga_pump_shotgun_2", "cullface": "south"},
				"east": {"uv": [4, 11, 5, 11.5], "texture": "#12ga_pump_shotgun_2", "cullface": "south"},
				"south": {"uv": [7, 11, 9, 11.5], "texture": "#12ga_pump_shotgun_2", "cullface": "south"},
				"west": {"uv": [11, 11, 12, 11.5], "texture": "#12ga_pump_shotgun_2", "cullface": "south"},
				"up": {"uv": [7, 11, 9, 12], "texture": "#12ga_pump_shotgun_2", "cullface": "south"},
				"down": {"uv": [9, 12, 7, 11], "texture": "#12ga_pump_shotgun_2", "cullface": "south"}
			}
		},
		{
			"name": "2",
			"from": [7.4, 7.9, 13.25],
			"to": [8.6, 8.7, 13.65],
			"rotation": {"angle": 22.5, "axis": "x", "origin": [7.4, 8.7, 13.25]},
			"faces": {
				"north": {"uv": [7, 11, 9, 11.5], "texture": "#12ga_pump_shotgun_2", "cullface": "south"},
				"east": {"uv": [4, 11, 5, 11.5], "texture": "#12ga_pump_shotgun_2", "cullface": "south"},
				"south": {"uv": [7, 11, 9, 11.5], "texture": "#12ga_pump_shotgun_2", "cullface": "south"},
				"west": {"uv": [11, 11, 12, 11.5], "texture": "#12ga_pump_shotgun_2", "cullface": "south"},
				"up": {"uv": [7, 11, 9, 12], "texture": "#12ga_pump_shotgun_2", "cullface": "south"},
				"down": {"uv": [9, 12, 7, 11], "texture": "#12ga_pump_shotgun_2", "cullface": "south"}
			}
		},
		{
			"name": "2",
			"from": [7.4, 8.4, 13.2],
			"to": [8.6, 8.8, 13.6],
			"faces": {
				"north": {"uv": [7, 11, 9, 11.5], "texture": "#12ga_pump_shotgun_2", "cullface": "south"},
				"east": {"uv": [4, 11, 5, 11.5], "texture": "#12ga_pump_shotgun_2", "cullface": "south"},
				"south": {"uv": [7, 11, 9, 11.5], "texture": "#12ga_pump_shotgun_2", "cullface": "south"},
				"west": {"uv": [11, 11, 12, 11.5], "texture": "#12ga_pump_shotgun_2", "cullface": "south"},
				"up": {"uv": [7, 11, 9, 12], "texture": "#12ga_pump_shotgun_2", "cullface": "south"},
				"down": {"uv": [9, 12, 7, 11], "texture": "#12ga_pump_shotgun_2", "cullface": "south"}
			}
		},
		{
			"name": "2",
			"from": [7.6, 11.6, 6],
			"to": [8.4, 12, 15.6],
			"faces": {
				"north": {"uv": [7.5, 6, 8.5, 6.5], "texture": "#12ga_pump_shotgun_2", "cullface": "south"},
				"east": {"uv": [0, 6, 8, 6.5], "texture": "#12ga_pump_shotgun_2", "cullface": "south"},
				"south": {"uv": [7.5, 6, 8.5, 6.5], "texture": "#12ga_pump_shotgun_2", "cullface": "south"},
				"west": {"uv": [8, 6, 16, 6.5], "texture": "#12ga_pump_shotgun_2", "cullface": "south"},
				"up": {"uv": [7.5, 8, 8.5, 16], "texture": "#12ga_pump_shotgun_2", "cullface": "south"},
				"down": {"uv": [8.5, 16, 7.5, 8], "texture": "#12ga_pump_shotgun_2", "cullface": "south"}
			}
		},
		{
			"name": "2",
			"from": [8.4, 11.6, 6],
			"to": [8.95, 12, 15.6],
			"rotation": {"angle": -45, "axis": "z", "origin": [8.4, 12, 6]},
			"faces": {
				"north": {"uv": [7.75, 5, 8.75, 5.5], "texture": "#12ga_pump_shotgun_2", "cullface": "south"},
				"east": {"uv": [0, 5, 8, 5.5], "texture": "#12ga_pump_shotgun_2", "cullface": "south"},
				"south": {"uv": [7.25, 5, 8.25, 5.5], "texture": "#12ga_pump_shotgun_2", "cullface": "south"},
				"west": {"uv": [8, 5, 16, 5.5], "texture": "#12ga_pump_shotgun_2", "cullface": "south"},
				"up": {"uv": [7.25, 8, 8.25, 16], "texture": "#12ga_pump_shotgun_2", "cullface": "south"},
				"down": {"uv": [8.75, 16, 7.75, 8], "texture": "#12ga_pump_shotgun_2", "cullface": "south"}
			}
		},
		{
			"name": "2",
			"from": [7.6, 11.45, 6],
			"to": [8, 12, 7.6],
			"rotation": {"angle": -45, "axis": "z", "origin": [7.6, 12, 6]},
			"faces": {
				"north": {"uv": [7.75, 5, 8.75, 5.5], "texture": "#12ga_pump_shotgun_2"},
				"east": {"uv": [0, 5, 8, 5.5], "texture": "#12ga_pump_shotgun_2"},
				"south": {"uv": [7.25, 5, 8.25, 5.5], "texture": "#12ga_pump_shotgun_2"},
				"west": {"uv": [8, 5, 16, 5.5], "texture": "#12ga_pump_shotgun_2"},
				"up": {"uv": [7.25, 8, 8.25, 16], "texture": "#12ga_pump_shotgun_2"},
				"down": {"uv": [8.75, 16, 7.75, 8], "texture": "#12ga_pump_shotgun_2"}
			}
		},
		{
			"name": "1",
			"from": [7.6, 11.6, 15.6],
			"to": [8.4, 12, 19.2],
			"rotation": {"angle": 22.5, "axis": "x", "origin": [7.6, 12, 15.6]},
			"faces": {
				"north": {"uv": [7, 6, 7.8, 6.4], "texture": "#12ga_pump_shotgun_1", "cullface": "south"},
				"east": {"uv": [0, 6, 3.6, 6.4], "texture": "#12ga_pump_shotgun_1", "cullface": "south"},
				"south": {"uv": [7, 6, 7.8, 6.4], "texture": "#12ga_pump_shotgun_1", "cullface": "south"},
				"west": {"uv": [16, 6, 12, 6.4], "texture": "#12ga_pump_shotgun_1", "cullface": "south"},
				"up": {"uv": [7, 16, 7.8, 19.6], "texture": "#12ga_pump_shotgun_1", "cullface": "south"},
				"down": {"uv": [7.8, 16, 7, 19.6], "texture": "#12ga_pump_shotgun_1", "cullface": "south"}
			}
		},
		{
			"name": "1",
			"from": [7.6, 10, 20.4],
			"to": [8.4, 10.4, 29.2],
			"faces": {
				"north": {"uv": [7, 6, 7.8, 6.4], "texture": "#12ga_pump_shotgun_1", "cullface": "south"},
				"east": {"uv": [0, 6, 8.8, 6.4], "texture": "#12ga_pump_shotgun_1", "cullface": "south"},
				"south": {"uv": [7, 6, 7.8, 6.4], "texture": "#12ga_pump_shotgun_1", "cullface": "south"},
				"west": {"uv": [16, 6, 24.8, 6.4], "texture": "#12ga_pump_shotgun_1", "cullface": "south"},
				"up": {"uv": [7, 16, 7.8, 24.8], "texture": "#12ga_pump_shotgun_1", "cullface": "south"},
				"down": {"uv": [7.8, 16, 7, 24.8], "texture": "#12ga_pump_shotgun_1", "cullface": "south"}
			}
		},
		{
			"name": "1",
			"from": [7.2, 9.6, 20.4],
			"to": [7.75, 10, 29.2],
			"rotation": {"angle": 45, "axis": "z", "origin": [7.2, 10, 20.4]},
			"faces": {
				"north": {"uv": [7, 6, 9, 10], "texture": "#12ga_pump_shotgun_1", "cullface": "south"},
				"east": {"uv": [0, 6, 0, 10], "texture": "#12ga_pump_shotgun_1", "cullface": "south"},
				"south": {"uv": [7, 6, 9, 10], "texture": "#12ga_pump_shotgun_1", "cullface": "south"},
				"west": {"uv": [16, 6, 16, 10], "texture": "#12ga_pump_shotgun_1", "cullface": "south"},
				"up": {"uv": [7, 16, 5.55, 12], "texture": "#12ga_pump_shotgun_1", "cullface": "south"},
				"down": {"uv": [9, 16, 7, 16], "texture": "#12ga_pump_shotgun_1", "cullface": "south"}
			}
		},
		{
			"name": "1",
			"from": [8.4, 10, 20.4],
			"to": [8.95, 10.4, 29.2],
			"rotation": {"angle": -45, "axis": "z", "origin": [8.4, 10.4, 20.4]},
			"faces": {
				"north": {"uv": [7, 6, 7.55, 6.4], "texture": "#12ga_pump_shotgun_1", "cullface": "south"},
				"east": {"uv": [0, 6, 8.8, 6.4], "texture": "#12ga_pump_shotgun_1", "cullface": "south"},
				"south": {"uv": [7, 6, 7.55, 6.4], "texture": "#12ga_pump_shotgun_1", "cullface": "south"},
				"west": {"uv": [16, 6, 24.8, 6.4], "texture": "#12ga_pump_shotgun_1", "cullface": "south"},
				"up": {"uv": [7, 16, 7.55, 24.8], "texture": "#12ga_pump_shotgun_1", "cullface": "south"},
				"down": {"uv": [7.55, 16, 7, 24.8], "texture": "#12ga_pump_shotgun_1", "cullface": "south"}
			}
		},
		{
			"name": "1",
			"from": [7.2, 8.8, 18.8],
			"to": [8.8, 10.4, 22.4],
			"rotation": {"angle": 45, "axis": "x", "origin": [7.2, 10.4, 18.8]},
			"faces": {
				"north": {"uv": [7, 6, 8.6, 7.6], "texture": "#12ga_pump_shotgun_1", "cullface": "south"},
				"east": {"uv": [0, 6, 3.6, 7.6], "texture": "#12ga_pump_shotgun_1", "cullface": "south"},
				"south": {"uv": [7, 6, 8.6, 7.6], "texture": "#12ga_pump_shotgun_1", "cullface": "south"},
				"west": {"uv": [16, 6, 12, 7.6], "texture": "#12ga_pump_shotgun_1", "cullface": "south"},
				"up": {"uv": [7, 16, 8.6, 19.6], "texture": "#12ga_pump_shotgun_1", "cullface": "south"},
				"down": {"uv": [8.6, 16, 7, 19.6], "texture": "#12ga_pump_shotgun_1", "cullface": "south"}
			}
		},
		{
			"name": "1",
			"from": [7.2, 8.75, 19.35],
			"to": [8.8, 9.55, 20.55],
			"rotation": {"angle": -22.5, "axis": "x", "origin": [7.2, 9.55, 19.35]},
			"faces": {
				"north": {"uv": [7, 6, 8.6, 6.8], "texture": "#12ga_pump_shotgun_1", "cullface": "south"},
				"east": {"uv": [0, 6, 1.2, 6.8], "texture": "#12ga_pump_shotgun_1", "cullface": "south"},
				"south": {"uv": [7, 6, 8.6, 6.8], "texture": "#12ga_pump_shotgun_1", "cullface": "south"},
				"west": {"uv": [16, 6, 17.2, 6.8], "texture": "#12ga_pump_shotgun_1", "cullface": "south"},
				"up": {"uv": [7, 16, 8.6, 17.2], "texture": "#12ga_pump_shotgun_1", "cullface": "south"},
				"down": {"uv": [8.6, 16, 7, 17.2], "texture": "#12ga_pump_shotgun_1", "cullface": "south"}
			}
		},
		{
			"name": "2",
			"from": [7.6, 9, -6.8],
			"to": [8.4, 9.2, 6],
			"faces": {
				"north": {"uv": [7.5, 9.5, 8.5, 9.75], "texture": "#12ga_pump_shotgun_2", "cullface": "north"},
				"east": {"uv": [8, 9.5, 16, 9.75], "texture": "#12ga_pump_shotgun_2", "cullface": "north"},
				"south": {"uv": [7.5, 9.5, 8.5, 9.75], "texture": "#12ga_pump_shotgun_2", "cullface": "north"},
				"west": {"uv": [0, 9.5, 8, 9.75], "texture": "#12ga_pump_shotgun_2", "cullface": "north"},
				"up": {"uv": [7.5, 0, 8.5, 8], "texture": "#12ga_pump_shotgun_2", "cullface": "north"},
				"down": {"uv": [8.5, 8, 7.5, 0], "texture": "#12ga_pump_shotgun_2", "cullface": "north"}
			}
		},
		{
			"name": "2",
			"from": [7.6, 11.45, 10.8],
			"to": [8, 12, 15.6],
			"rotation": {"angle": -45, "axis": "z", "origin": [7.6, 12, 10.8]},
			"faces": {
				"north": {"uv": [7.75, 5, 8.75, 5.5], "texture": "#12ga_pump_shotgun_2", "cullface": "south"},
				"east": {"uv": [0, 5, 8, 5.5], "texture": "#12ga_pump_shotgun_2", "cullface": "south"},
				"south": {"uv": [7.25, 5, 8.25, 5.5], "texture": "#12ga_pump_shotgun_2", "cullface": "south"},
				"west": {"uv": [8, 5, 16, 5.5], "texture": "#12ga_pump_shotgun_2", "cullface": "south"},
				"up": {"uv": [7.25, 8, 8.25, 16], "texture": "#12ga_pump_shotgun_2", "cullface": "south"},
				"down": {"uv": [8.75, 16, 7.75, 8], "texture": "#12ga_pump_shotgun_2", "cullface": "south"}
			}
		},
		{
			"name": "2",
			"from": [7.2, 10.8, 6],
			"to": [8.8, 11.6, 7.6],
			"faces": {
				"north": {"uv": [7, 6.5, 9, 7.5], "texture": "#12ga_pump_shotgun_2"},
				"east": {"uv": [6, 6.5, 8, 7.5], "texture": "#12ga_pump_shotgun_2"},
				"south": {"uv": [7, 6.5, 9, 7.5], "texture": "#12ga_pump_shotgun_2"},
				"west": {"uv": [8, 6.5, 10, 7.5], "texture": "#12ga_pump_shotgun_2"},
				"up": {"uv": [7, 8, 9, 10], "texture": "#12ga_pump_shotgun_2"},
				"down": {"uv": [9, 10, 7, 8], "texture": "#12ga_pump_shotgun_2"}
			}
		},
		{
			"name": "2",
			"from": [7.2, 10.8, 10.8],
			"to": [8.8, 11.6, 15.6],
			"faces": {
				"north": {"uv": [7, 6.5, 9, 7.5], "texture": "#12ga_pump_shotgun_2", "cullface": "south"},
				"east": {"uv": [0, 6.5, 2, 7.5], "texture": "#12ga_pump_shotgun_2", "cullface": "south"},
				"south": {"uv": [7, 6.5, 9, 7.5], "texture": "#12ga_pump_shotgun_2", "cullface": "south"},
				"west": {"uv": [14, 6.5, 16, 7.5], "texture": "#12ga_pump_shotgun_2", "cullface": "south"},
				"up": {"uv": [7, 14, 9, 16], "texture": "#12ga_pump_shotgun_2", "cullface": "south"},
				"down": {"uv": [9, 16, 7, 14], "texture": "#12ga_pump_shotgun_2", "cullface": "south"}
			}
		},
		{
			"name": "2",
			"from": [7.6, 10.8, 7.6],
			"to": [8.8, 11.6, 10.8],
			"faces": {
				"north": {"uv": [7, 6.5, 8.5, 7.5], "texture": "#12ga_pump_shotgun_2"},
				"east": {"uv": [2, 6.5, 6, 7.5], "texture": "#12ga_pump_shotgun_2"},
				"south": {"uv": [7.5, 6.5, 9, 7.5], "texture": "#12ga_pump_shotgun_2"},
				"west": {"uv": [10, 6.5, 14, 7.5], "texture": "#12ga_pump_shotgun_2"},
				"up": {"uv": [7.5, 10, 9, 14], "texture": "#12ga_pump_shotgun_2"},
				"down": {"uv": [8.5, 14, 7, 10], "texture": "#12ga_pump_shotgun_2"}
			}
		},
		{
			"name": "3",
			"from": [7.25, 10.8, 7.6],
			"to": [7.65, 11.6, 10.8],
			"faces": {
				"north": {"uv": [8.4375, 6.5, 8.9375, 7.5], "texture": "#12ga_pump_shotgun_3"},
				"east": {"uv": [2, 6.5, 6, 7.5], "texture": "#12ga_pump_shotgun_3"},
				"south": {"uv": [7.0625, 6.5, 7.5625, 7.5], "texture": "#12ga_pump_shotgun_3"},
				"west": {"uv": [10, 6.5, 14, 7.5], "texture": "#12ga_pump_shotgun_3"},
				"up": {"uv": [7.0625, 10, 7.5625, 14], "texture": "#12ga_pump_shotgun_3"},
				"down": {"uv": [8.9375, 14, 8.4375, 10], "texture": "#12ga_pump_shotgun_3"}
			}
		},
		{
			"name": "3",
			"from": [7.65, 11.45, 7.6],
			"to": [8.05, 12, 10.8],
			"rotation": {"angle": -45, "axis": "z", "origin": [7.65, 12, 7.6]},
			"faces": {
				"north": {"uv": [7.75, 5, 8.75, 5.5], "texture": "#12ga_pump_shotgun_3"},
				"east": {"uv": [0, 5, 8, 5.5], "texture": "#12ga_pump_shotgun_3"},
				"south": {"uv": [7.25, 5, 8.25, 5.5], "texture": "#12ga_pump_shotgun_3"},
				"west": {"uv": [8, 5, 16, 5.5], "texture": "#12ga_pump_shotgun_3"},
				"up": {"uv": [7.25, 8, 8.25, 16], "texture": "#12ga_pump_shotgun_3"},
				"down": {"uv": [8.75, 16, 7.75, 8], "texture": "#12ga_pump_shotgun_3"}
			}
		},
		{
			"name": "2",
			"from": [7.8, 11.6, -12.4],
			"to": [8.2, 12, -12],
			"faces": {
				"north": {"uv": [7, 8, 9, 10], "texture": "#12ga_pump_shotgun_2", "cullface": "north"},
				"east": {"uv": [16, 8, 16, 10], "texture": "#12ga_pump_shotgun_2", "cullface": "north"},
				"south": {"uv": [7, 8, 9, 10], "texture": "#12ga_pump_shotgun_2", "cullface": "north"},
				"west": {"uv": [0, 8, 0, 10], "texture": "#12ga_pump_shotgun_2", "cullface": "north"},
				"up": {"uv": [7, 0, 9, 0], "texture": "#12ga_pump_shotgun_2", "cullface": "north"},
				"down": {"uv": [9, 0, 7, 0], "texture": "#12ga_pump_shotgun_2", "cullface": "north"}
			}
		},
		{
			"name": "1",
			"from": [7.2, 9, -6.8],
			"to": [8.8, 10.2, -6],
			"faces": {
				"north": {"uv": [7.2, 5.8, 8.8, 7], "texture": "#12ga_pump_shotgun_1", "cullface": "north"},
				"east": {"uv": [10, 6, 16, 7], "texture": "#12ga_pump_shotgun_1", "cullface": "north"},
				"south": {"uv": [7.2, 5.8, 8.8, 7], "texture": "#12ga_pump_shotgun_1", "cullface": "north"},
				"west": {"uv": [0, 6, 8, 7], "texture": "#12ga_pump_shotgun_1", "cullface": "north"},
				"up": {"uv": [7, 0, 9, 7], "texture": "#12ga_pump_shotgun_1", "cullface": "north"},
				"down": {"uv": [9, 0, 7, 3], "texture": "#12ga_pump_shotgun_1", "cullface": "north"}
			}
		},
		{
			"name": "1",
			"from": [7, 8.8, -5.2],
			"to": [9, 10.4, 2],
			"faces": {
				"north": {"uv": [7, 5.6, 9, 7.2], "texture": "#12ga_pump_shotgun_1", "cullface": "north"},
				"east": {"uv": [14, 5.6, 16, 7.2], "texture": "#12ga_pump_shotgun_1", "cullface": "north"},
				"south": {"uv": [7, 5.6, 9, 7.2], "texture": "#12ga_pump_shotgun_1", "cullface": "north"},
				"west": {"uv": [0, 5.6, 2, 7.2], "texture": "#12ga_pump_shotgun_1", "cullface": "north"},
				"up": {"uv": [7, 0, 9, 2], "texture": "#12ga_pump_shotgun_1", "cullface": "north"},
				"down": {"uv": [9, 2, 7, 0], "texture": "#12ga_pump_shotgun_1", "cullface": "north"}
			}
		},
		{
			"name": "2",
			"from": [7.6, 10, 2.8],
			"to": [8.4, 10.8, 6],
			"faces": {
				"north": {"uv": [7.5, 8.25, 8.5, 8.5], "texture": "#12ga_pump_shotgun_2"},
				"east": {"uv": [8, 8.25, 16, 8.5], "texture": "#12ga_pump_shotgun_2"},
				"south": {"uv": [7.5, 8.25, 8.5, 8.5], "texture": "#12ga_pump_shotgun_2"},
				"west": {"uv": [0, 8.25, 8, 8.5], "texture": "#12ga_pump_shotgun_2"},
				"up": {"uv": [7.5, 0, 8.5, 8], "texture": "#12ga_pump_shotgun_2"},
				"down": {"uv": [8.5, 8, 7.5, 0], "texture": "#12ga_pump_shotgun_2"}
			}
		},
		{
			"name": "1",
			"from": [7.2, 8.6, -5.2],
			"to": [8.8, 10.6, 2],
			"faces": {
				"north": {"uv": [7.2, 5.4, 8.8, 7.4], "texture": "#12ga_pump_shotgun_1", "cullface": "north"},
				"east": {"uv": [14, 5.4, 16, 7.4], "texture": "#12ga_pump_shotgun_1", "cullface": "north"},
				"south": {"uv": [7.2, 5.4, 8.8, 7.4], "texture": "#12ga_pump_shotgun_1", "cullface": "north"},
				"west": {"uv": [0, 5.4, 2, 7.4], "texture": "#12ga_pump_shotgun_1", "cullface": "north"},
				"up": {"uv": [7.2, 0, 8.8, 2], "texture": "#12ga_pump_shotgun_1", "cullface": "north"},
				"down": {"uv": [8.8, 2, 7.2, 0], "texture": "#12ga_pump_shotgun_1", "cullface": "north"}
			}
		},
		{
			"name": "1",
			"from": [7.45, 8.8, -6.8],
			"to": [8.65, 10.4, -6],
			"faces": {
				"north": {"uv": [7.35, 5.6, 8.55, 7.2], "texture": "#12ga_pump_shotgun_1", "cullface": "north"},
				"east": {"uv": [7, 6, 16, 7], "texture": "#12ga_pump_shotgun_1", "cullface": "north"},
				"south": {"uv": [7.45, 5.6, 8.65, 7.2], "texture": "#12ga_pump_shotgun_1", "cullface": "north"},
				"west": {"uv": [6, 5, 10, 7], "texture": "#12ga_pump_shotgun_1", "cullface": "north"},
				"up": {"uv": [7, 0, 9, 5], "texture": "#12ga_pump_shotgun_1", "cullface": "north"},
				"down": {"uv": [9, 0, 7, 8], "texture": "#12ga_pump_shotgun_1", "cullface": "north"}
			}
		},
		{
			"name": "2",
			"from": [7.6, 9.2, -7.2],
			"to": [8.4, 10.8, -6.8],
			"faces": {
				"north": {"uv": [7.5, 8.25, 8.5, 8.5], "texture": "#12ga_pump_shotgun_2", "cullface": "north"},
				"east": {"uv": [8, 8.25, 16, 8.5], "texture": "#12ga_pump_shotgun_2", "cullface": "north"},
				"south": {"uv": [7.5, 8.25, 8.5, 8.5], "texture": "#12ga_pump_shotgun_2", "cullface": "north"},
				"west": {"uv": [0, 8.25, 8, 8.5], "texture": "#12ga_pump_shotgun_2", "cullface": "north"},
				"up": {"uv": [7.5, 0, 8.5, 8], "texture": "#12ga_pump_shotgun_2", "cullface": "north"},
				"down": {"uv": [8.5, 8, 7.5, 0], "texture": "#12ga_pump_shotgun_2", "cullface": "north"}
			}
		},
		{
			"name": "2",
			"from": [7.6, 10.2, -8],
			"to": [8.4, 10.6, -6.8],
			"faces": {
				"north": {"uv": [7.5, 8.25, 8.5, 8.5], "texture": "#12ga_pump_shotgun_2", "cullface": "north"},
				"east": {"uv": [8, 8.25, 16, 8.5], "texture": "#12ga_pump_shotgun_2", "cullface": "north"},
				"south": {"uv": [7.5, 8.25, 8.5, 8.5], "texture": "#12ga_pump_shotgun_2", "cullface": "north"},
				"west": {"uv": [0, 8.25, 8, 8.5], "texture": "#12ga_pump_shotgun_2", "cullface": "north"},
				"up": {"uv": [7.5, 0, 8.5, 8], "texture": "#12ga_pump_shotgun_2", "cullface": "north"},
				"down": {"uv": [8.5, 8, 7.5, 0], "texture": "#12ga_pump_shotgun_2", "cullface": "north"}
			}
		},
		{
			"name": "2",
			"from": [7.6, 10.2, -7.4],
			"to": [8.4, 10.6, -6.6],
			"rotation": {"angle": 45, "axis": "x", "origin": [7.6, 10.6, -7.4]},
			"faces": {
				"north": {"uv": [7.5, 8.25, 8.5, 8.5], "texture": "#12ga_pump_shotgun_2", "cullface": "north"},
				"east": {"uv": [8, 8.25, 16, 8.5], "texture": "#12ga_pump_shotgun_2", "cullface": "north"},
				"south": {"uv": [7.5, 8.25, 8.5, 8.5], "texture": "#12ga_pump_shotgun_2", "cullface": "north"},
				"west": {"uv": [0, 8.25, 8, 8.5], "texture": "#12ga_pump_shotgun_2", "cullface": "north"},
				"up": {"uv": [7.5, 0, 8.5, 8], "texture": "#12ga_pump_shotgun_2", "cullface": "north"},
				"down": {"uv": [8.5, 8, 7.5, 0], "texture": "#12ga_pump_shotgun_2", "cullface": "north"}
			}
		}
	],
	"gui_light": "front",
	"display": {
		"thirdperson_righthand": {
			"translation": [0, -0.2, -1.5],
			"scale": [0.6, 0.6, 0.6]
		},
		"thirdperson_lefthand": {
			"translation": [0, -0.2, -1.5],
			"scale": [0.6, 0.6, 0.6]
		},
		"firstperson_righthand": {
			"rotation": [4, 0, 0],
			"translation": [-9, 2.25, 0]
		},
		"firstperson_lefthand": {
			"rotation": [3.5, 1.5, 0],
			"translation": [-8.5, 2.5, -1.25]
		},
		"ground": {
			"scale": [0.6, 0.6, 0.6]
		},
		"gui": {
			"rotation": [43, -44, 18],
			"translation": [0.25, 0, 0],
			"scale": [0.5, 0.5, 0.5]
		},
		"head": {
			"rotation": [45, 90, 0],
			"translation": [-1, -2, 2.5]
		},
		"fixed": {
			"rotation": [0, 90, 0],
			"scale": [0.5, 0.5, 0.5]
		}
	},
	"groups": [
		{
			"name": "12ga_pump_shotgun",
			"origin": [8, 8, 8],
			"color": 0,
			"children": [
				0,
				1,
				2,
				3,
				4,
				5,
				6,
				7,
				8,
				9,
				10,
				11,
				12,
				13,
				14,
				15,
				16,
				17,
				18,
				19,
				20,
				21,
				22,
				23,
				24,
				25,
				26,
				27,
				28,
				29,
				30,
				31,
				32,
				33,
				34,
				35,
				36,
				37,
				38,
				39,
				40,
				41,
				42,
				43,
				44,
				45,
				46,
				47,
				48,
				49,
				50,
				51,
				52,
				53,
				54,
				55,
				56,
				57,
				58,
				59,
				60
			]
		}
	]
}