{
	"format_version": "1.21.11",
	"credit": "Made with Blockbench",
	"parent": "item/models/handheld",
	"textures": {
		"1": "ggunz/item/gun_0",
		"particle": "ggunz/item/gun_0"
	},
	"elements": [
		{
			"name": "gun_0_0",
			"from": [2, 13, 0],
			"to": [3, 16, 1],
			"faces": {
				"north": {"uv": [3, 0, 2, 3], "texture": "#1"},
				"east": {"uv": [2, 0, 3, 3], "texture": "#1"},
				"south": {"uv": [2, 0, 3, 3], "texture": "#1"},
				"west": {"uv": [2, 0, 3, 3], "texture": "#1"},
				"up": {"uv": [2, 0, 3, 1], "texture": "#1"},
				"down": {"uv": [2, 2, 3, 3], "texture": "#1"}
			}
		},
		{
			"name": "gun_0_1",
			"from": [1, 14, 0],
			"to": [2, 15, 1],
			"faces": {
				"north": {"uv": [2, 1, 1, 2], "texture": "#1"},
				"east": {"uv": [1, 1, 2, 2], "texture": "#1"},
				"south": {"uv": [1, 1, 2, 2], "texture": "#1"},
				"west": {"uv": [1, 1, 2, 2], "texture": "#1"},
				"up": {"uv": [1, 1, 2, 2], "texture": "#1"},
				"down": {"uv": [1, 1, 2, 2], "texture": "#1"}
			}
		},
		{
			"name": "gun_0_2",
			"from": [3, 12, 0],
			"to": [4, 15, 1],
			"faces": {
				"north": {"uv": [4, 1, 3, 4], "texture": "#1"},
				"east": {"uv": [3, 1, 4, 4], "texture": "#1"},
				"south": {"uv": [3, 1, 4, 4], "texture": "#1"},
				"west": {"uv": [3, 1, 4, 4], "texture": "#1"},
				"up": {"uv": [3, 1, 4, 2], "texture": "#1"},
				"down": {"uv": [3, 3, 4, 4], "texture": "#1"}
			}
		},
		{
			"name": "gun_0_3",
			"from": [4, 11, 0],
			"to": [5, 14, 1],
			"faces": {
				"north": {"uv": [5, 2, 4, 5], "texture": "#1"},
				"east": {"uv": [4, 2, 5, 5], "texture": "#1"},
				"south": {"uv": [4, 2, 5, 5], "texture": "#1"},
				"west": {"uv": [4, 2, 5, 5], "texture": "#1"},
				"up": {"uv": [4, 2, 5, 3], "texture": "#1"},
				"down": {"uv": [4, 4, 5, 5], "texture": "#1"}
			}
		},
		{
			"name": "gun_0_4",
			"from": [5, 5, 0],
			"to": [6, 13, 1],
			"faces": {
				"north": {"uv": [6, 3, 5, 11], "texture": "#1"},
				"east": {"uv": [5, 3, 6, 11], "texture": "#1"},
				"south": {"uv": [5, 3, 6, 11], "texture": "#1"},
				"west": {"uv": [5, 3, 6, 11], "texture": "#1"},
				"up": {"uv": [5, 3, 6, 4], "texture": "#1"},
				"down": {"uv": [5, 10, 6, 11], "texture": "#1"}
			}
		},
		{
			"name": "gun_0_5",
			"from": [6, 6, 0],
			"to": [7, 12, 1],
			"faces": {
				"north": {"uv": [7, 4, 6, 10], "texture": "#1"},
				"east": {"uv": [6, 4, 7, 10], "texture": "#1"},
				"south": {"uv": [6, 4, 7, 10], "texture": "#1"},
				"west": {"uv": [6, 4, 7, 10], "texture": "#1"},
				"up": {"uv": [6, 4, 7, 5], "texture": "#1"},
				"down": {"uv": [6, 9, 7, 10], "texture": "#1"}
			}
		},
		{
			"name": "gun_0_6",
			"from": [7, 0, 0],
			"to": [8, 11, 1],
			"faces": {
				"north": {"uv": [8, 5, 7, 16], "texture": "#1"},
				"east": {"uv": [7, 5, 8, 16], "texture": "#1"},
				"south": {"uv": [7, 5, 8, 16], "texture": "#1"},
				"west": {"uv": [7, 5, 8, 16], "texture": "#1"},
				"up": {"uv": [7, 5, 8, 6], "texture": "#1"},
				"down": {"uv": [7, 15, 8, 16], "texture": "#1"}
			}
		},
		{
			"name": "gun_0_7",
			"from": [4, 8, 0],
			"to": [5, 10, 1],
			"faces": {
				"north": {"uv": [5, 6, 4, 8], "texture": "#1"},
				"east": {"uv": [4, 6, 5, 8], "texture": "#1"},
				"south": {"uv": [4, 6, 5, 8], "texture": "#1"},
				"west": {"uv": [4, 6, 5, 8], "texture": "#1"},
				"up": {"uv": [4, 6, 5, 7], "texture": "#1"},
				"down": {"uv": [4, 7, 5, 8], "texture": "#1"}
			}
		},
		{
			"name": "gun_0_8",
			"from": [8, 1, 0],
			"to": [9, 10, 1],
			"faces": {
				"north": {"uv": [9, 6, 8, 15], "texture": "#1"},
				"east": {"uv": [8, 6, 9, 15], "texture": "#1"},
				"south": {"uv": [8, 6, 9, 15], "texture": "#1"},
				"west": {"uv": [8, 6, 9, 15], "texture": "#1"},
				"up": {"uv": [8, 6, 9, 7], "texture": "#1"},
				"down": {"uv": [8, 14, 9, 15], "texture": "#1"}
			}
		},
		{
			"name": "gun_0_9",
			"from": [9, 2, 0],
			"to": [10, 9, 1],
			"faces": {
				"north": {"uv": [10, 7, 9, 14], "texture": "#1"},
				"east": {"uv": [9, 7, 10, 14], "texture": "#1"},
				"south": {"uv": [9, 7, 10, 14], "texture": "#1"},
				"west": {"uv": [9, 7, 10, 14], "texture": "#1"},
				"up": {"uv": [9, 7, 10, 8], "texture": "#1"},
				"down": {"uv": [9, 13, 10, 14], "texture": "#1"}
			}
		},
		{
			"name": "gun_0_10",
			"from": [10, 7, 0],
			"to": [12, 8, 1],
			"faces": {
				"north": {"uv": [12, 8, 10, 9], "texture": "#1"},
				"east": {"uv": [11, 8, 12, 9], "texture": "#1"},
				"south": {"uv": [10, 8, 12, 9], "texture": "#1"},
				"west": {"uv": [10, 8, 11, 9], "texture": "#1"},
				"up": {"uv": [10, 8, 12, 9], "texture": "#1"},
				"down": {"uv": [10, 8, 12, 9], "texture": "#1"}
			}
		},
		{
			"name": "gun_0_11",
			"from": [10, 5, 0],
			"to": [11, 7, 1],
			"faces": {
				"north": {"uv": [11, 9, 10, 11], "texture": "#1"},
				"east": {"uv": [10, 9, 11, 11], "texture": "#1"},
				"south": {"uv": [10, 9, 11, 11], "texture": "#1"},
				"west": {"uv": [10, 9, 11, 11], "texture": "#1"},
				"up": {"uv": [10, 9, 11, 10], "texture": "#1"},
				"down": {"uv": [10, 10, 11, 11], "texture": "#1"}
			}
		},
		{
			"name": "gun_0_12",
			"from": [11, 5, 0],
			"to": [12, 6, 1],
			"faces": {
				"north": {"uv": [12, 10, 11, 11], "texture": "#1"},
				"east": {"uv": [11, 10, 12, 11], "texture": "#1"},
				"south": {"uv": [11, 10, 12, 11], "texture": "#1"},
				"west": {"uv": [11, 10, 12, 11], "texture": "#1"},
				"up": {"uv": [11, 10, 12, 11], "texture": "#1"},
				"down": {"uv": [11, 10, 12, 11], "texture": "#1"}
			}
		},
		{
			"name": "gun_0_13",
			"from": [6, 0, 0],
			"to": [7, 5, 1],
			"faces": {
				"north": {"uv": [7, 11, 6, 16], "texture": "#1"},
				"east": {"uv": [6, 11, 7, 16], "texture": "#1"},
				"south": {"uv": [6, 11, 7, 16], "texture": "#1"},
				"west": {"uv": [6, 11, 7, 16], "texture": "#1"},
				"up": {"uv": [6, 11, 7, 12], "texture": "#1"},
				"down": {"uv": [6, 15, 7, 16], "texture": "#1"}
			}
		},
		{
			"name": "gun_0_14",
			"from": [5, 0, 0],
			"to": [6, 4, 1],
			"faces": {
				"north": {"uv": [6, 12, 5, 16], "texture": "#1"},
				"east": {"uv": [5, 12, 6, 16], "texture": "#1"},
				"south": {"uv": [5, 12, 6, 16], "texture": "#1"},
				"west": {"uv": [5, 12, 6, 16], "texture": "#1"},
				"up": {"uv": [5, 12, 6, 13], "texture": "#1"},
				"down": {"uv": [5, 15, 6, 16], "texture": "#1"}
			}
		},
		{
			"name": "gun_0_15",
			"from": [4, 1, 0],
			"to": [5, 3, 1],
			"faces": {
				"north": {"uv": [5, 13, 4, 15], "texture": "#1"},
				"east": {"uv": [4, 13, 5, 15], "texture": "#1"},
				"south": {"uv": [4, 13, 5, 15], "texture": "#1"},
				"west": {"uv": [4, 13, 5, 15], "texture": "#1"},
				"up": {"uv": [4, 13, 5, 14], "texture": "#1"},
				"down": {"uv": [4, 14, 5, 15], "texture": "#1"}
			}
		}
	],
	"gui_light": "front",
	"display": {
		"thirdperson_righthand": {
			"rotation": [-35, -90, 0],
			"translation": [-4, 1.5, 0.25],
			"scale": [0.5, 0.5, 0.5]
		},
		"thirdperson_lefthand": {
			"rotation": [-41, 90, 0],
			"translation": [3.5, 1.5, 0.25],
			"scale": [0.5, 0.5, 0.5]
		},
		"firstperson_righthand": {
			"rotation": [-30, -86, 1.5],
			"translation": [-15.25, 1.75, -3.5]
		},
		"firstperson_lefthand": {
			"rotation": [-21, 90, 0],
			"translation": [14, 0, -5.5]
		},
		"ground": {
			"translation": [0, 2.75, 4],
			"scale": [0.5, 0.5, 0.5]
		},
		"gui": {
			"rotation": [0, -180, 21.5],
			"translation": [-2.25, 1.5, 0]
		},
		"head": {
			"translation": [0, 0, 4]
		},
		"fixed": {
			"translation": [0, 0, 7.5]
		},
		"on_shelf": {
			"translation": [0, 0, 3.25]
		}
	},
	"groups": [
		{
			"name": "gun_0",
			"origin": [8, 8, 8],
			"color": 0,
			"children": [0, 1, 2, 3, 4, 5, 6, 7, 8, 9, 10, 11, 12, 13, 14, 15]
		}
	]
}