{
	"credit": "Designed by ThePatriotsFan",
	"textures": {
		"0": "guns/rpg_atlas",
		"particle": "guns/rpg_atlas"
	},
	"elements": [
		{
			"name": "Voxels",
			"from": [7.0857, 7.7714, 12.1143],
			"to": [8.91427, 8.22854, 12.57144],
			"faces": {
				"north": {"uv": [4.25, 12.25, 2.25, 12.75], "texture": "#0"},
				"east": {"uv": [4.75, 1.5, 4.25, 2], "texture": "#0"},
				"south": {"uv": [4.25, 12.25, 6.25, 12.75], "texture": "#0"},
				"west": {"uv": [4.25, 1, 4.75, 1.5], "texture": "#0"},
				"up": {"uv": [9.25, 14, 11.25, 13.5], "texture": "#0"},
				"down": {"uv": [6.25, 12.25, 8.25, 12.75], "texture": "#0"}
			}
		},
		{
			"name": "Voxels",
			"from": [7.0857, 8.2286, 12.1143],
			"to": [7.77141, 8.91431, 12.34287],
			"faces": {
				"north": {"uv": [4.25, 11.5, 3.5, 12.25], "texture": "#0"},
				"east": {"uv": [4.25, 1.75, 4, 2.5], "texture": "#0"},
				"south": {"uv": [2.25, 0, 3, 0.75], "texture": "#0"},
				"west": {"uv": [4, 0.25, 4.25, 1], "texture": "#0"},
				"up": {"uv": [4.75, 1.25, 5.5, 1], "texture": "#0"},
				"down": {"uv": [4.75, 0.75, 5.5, 1], "texture": "#0"}
			}
		},
		{
			"name": "Voxels",
			"from": [7.0857, 8.2286, 12.3429],
			"to": [7.54284, 8.91431, 12.57147],
			"faces": {
				"north": {"uv": [4.75, 7.75, 4.25, 8.5], "texture": "#0"},
				"east": {"uv": [4.25, 3.25, 4, 4], "texture": "#0"},
				"south": {"uv": [4.25, 7, 4.75, 7.75], "texture": "#0"},
				"west": {"uv": [4, 2.5, 4.25, 3.25], "texture": "#0"},
				"up": {"uv": [9, 10.25, 9.5, 10], "texture": "#0"},
				"down": {"uv": [7.5, 10, 8, 10.25], "texture": "#0"}
			}
		},
		{
			"name": "Voxels",
			"from": [7.3143, 7.7714, 11.8857],
			"to": [8.68573, 8.22854, 12.11427],
			"faces": {
				"north": {"uv": [11.25, 12.25, 9.75, 12.75], "texture": "#0"},
				"east": {"uv": [6, 7, 5.75, 7.5], "texture": "#0"},
				"south": {"uv": [11.25, 12.25, 12.75, 12.75], "texture": "#0"},
				"west": {"uv": [5.75, 7.5, 6, 8], "texture": "#0"},
				"up": {"uv": [14, 11.25, 15.5, 11], "texture": "#0"},
				"down": {"uv": [10.25, 10.75, 11.75, 11], "texture": "#0"}
			}
		},
		{
			"name": "Voxels",
			"from": [7.3143, 8, 3.6571],
			"to": [8.68573, 8.91429, 3.88567],
			"faces": {
				"north": {"uv": [7.5, 14, 6, 15], "texture": "#0"},
				"east": {"uv": [4.25, 7.5, 4, 8.5], "texture": "#0"},
				"south": {"uv": [4.5, 14, 6, 15], "texture": "#0"},
				"west": {"uv": [4, 6.5, 4.25, 7.5], "texture": "#0"},
				"up": {"uv": [4.75, 10.75, 6.25, 10.5], "texture": "#0"},
				"down": {"uv": [14, 10.75, 15.5, 11], "texture": "#0"}
			}
		},
		{
			"name": "Voxels",
			"from": [7.3143, 8, 3.8857],
			"to": [8.68573, 8.68572, 4.11427],
			"faces": {
				"north": {"uv": [14.75, 14.25, 13.25, 15], "texture": "#0"},
				"east": {"uv": [4.25, 4.75, 4, 5.5], "texture": "#0"},
				"south": {"uv": [13.25, 13.5, 14.75, 14.25], "texture": "#0"},
				"west": {"uv": [4, 4, 4.25, 4.75], "texture": "#0"},
				"up": {"uv": [7.25, 11.25, 8.75, 11], "texture": "#0"},
				"down": {"uv": [6.25, 10.5, 7.75, 10.75], "texture": "#0"}
			}
		},
		{
			"name": "Voxels",
			"from": [7.3143, 8, 5.4857],
			"to": [8.45716, 8.22857, 6.85713],
			"faces": {
				"north": {"uv": [13.25, 10.5, 12, 10.75], "texture": "#0"},
				"east": {"uv": [10.75, 10.5, 9.25, 10.75], "texture": "#0"},
				"south": {"uv": [10.75, 10.5, 12, 10.75], "texture": "#0"},
				"west": {"uv": [7.75, 10.5, 9.25, 10.75], "texture": "#0"},
				"up": {"uv": [3.25, 15, 4.5, 13.5], "texture": "#0"},
				"down": {"uv": [2, 13.5, 3.25, 15], "texture": "#0"}
			}
		},
		{
			"name": "Voxels",
			"from": [7.3143, 8, 11.4286],
			"to": [8.68573, 8.68572, 11.88574],
			"faces": {
				"north": {"uv": [13.25, 14.25, 11.75, 15], "texture": "#0"},
				"east": {"uv": [4, 4, 3.5, 4.75], "texture": "#0"},
				"south": {"uv": [11.75, 13.5, 13.25, 14.25], "texture": "#0"},
				"west": {"uv": [3.5, 4.75, 4, 5.5], "texture": "#0"},
				"up": {"uv": [8.25, 12.75, 9.75, 12.25], "texture": "#0"},
				"down": {"uv": [12.75, 12.25, 14.25, 12.75], "texture": "#0"}
			}
		},
		{
			"name": "Voxels",
			"from": [7.3143, 8.2286, 3.4286],
			"to": [7.77144, 8.68574, 3.65717],
			"faces": {
				"north": {"uv": [4.75, 6.5, 4.25, 7], "texture": "#0"},
				"east": {"uv": [6, 6, 5.75, 6.5], "texture": "#0"},
				"south": {"uv": [15.5, 10.75, 16, 11.25], "texture": "#0"},
				"west": {"uv": [5.75, 6.5, 6, 7], "texture": "#0"},
				"up": {"uv": [6, 7, 6.5, 6.75], "texture": "#0"},
				"down": {"uv": [9.5, 10, 10, 10.25], "texture": "#0"}
			}
		},
		{
			"name": "Voxels",
			"from": [7.3143, 8.2286, 5.4857],
			"to": [7.77144, 8.45717, 6.85713],
			"faces": {
				"north": {"uv": [10.5, 10, 10, 10.25], "texture": "#0"},
				"east": {"uv": [15, 13.25, 13.5, 13.5], "texture": "#0"},
				"south": {"uv": [10.5, 10, 11, 10.25], "texture": "#0"},
				"west": {"uv": [12, 13.25, 13.5, 13.5], "texture": "#0"},
				"up": {"uv": [2.25, 6.25, 2.75, 4.75], "texture": "#0"},
				"down": {"uv": [2.75, 7.25, 3.25, 8.75], "texture": "#0"}
			}
		},
		{
			"name": "Voxels",
			"from": [7.3143, 8.2286, 11.8857],
			"to": [7.77144, 8.91431, 12.11427],
			"faces": {
				"north": {"uv": [4, 3.25, 3.5, 4], "texture": "#0"},
				"east": {"uv": [3.25, 1.5, 3, 2.25], "texture": "#0"},
				"south": {"uv": [3.5, 2.5, 4, 3.25], "texture": "#0"},
				"west": {"uv": [3, 0.75, 3.25, 1.5], "texture": "#0"},
				"up": {"uv": [11.5, 10.25, 12, 10], "texture": "#0"},
				"down": {"uv": [11, 10, 11.5, 10.25], "texture": "#0"}
			}
		},
		{
			"name": "Voxels",
			"from": [7.3143, 8.6857, 11.6571],
			"to": [8.68573, 8.91427, 11.88567],
			"faces": {
				"north": {"uv": [11, 12.75, 9.5, 13], "texture": "#0"},
				"east": {"uv": [4.25, 5.5, 4, 5.75], "texture": "#0"},
				"south": {"uv": [11, 12.75, 12.5, 13], "texture": "#0"},
				"west": {"uv": [5.5, 1.25, 5.75, 1.5], "texture": "#0"},
				"up": {"uv": [8, 13, 9.5, 12.75], "texture": "#0"},
				"down": {"uv": [6.5, 12.75, 8, 13], "texture": "#0"}
			}
		},
		{
			"name": "Voxels",
			"from": [7.3143, 8.9143, 12.1143],
			"to": [8.68573, 9.14287, 12.57144],
			"faces": {
				"north": {"uv": [14, 12.75, 12.5, 13], "texture": "#0"},
				"east": {"uv": [7.5, 9.75, 7, 10], "texture": "#0"},
				"south": {"uv": [14, 12.75, 15.5, 13], "texture": "#0"},
				"west": {"uv": [6.5, 9.75, 7, 10], "texture": "#0"},
				"up": {"uv": [6, 14, 7.5, 13.5], "texture": "#0"},
				"down": {"uv": [4.5, 13.5, 6, 14], "texture": "#0"}
			}
		},
		{
			"name": "Voxels",
			"from": [7.5429, 7.5429, 12.1143],
			"to": [8.45719, 7.77147, 12.57144],
			"faces": {
				"north": {"uv": [1, 0, 0, 0.25], "texture": "#0"},
				"east": {"uv": [6.5, 9, 6, 9.25], "texture": "#0"},
				"south": {"uv": [14.25, 10.5, 15.25, 10.75], "texture": "#0"},
				"west": {"uv": [6, 9.25, 6.5, 9.5], "texture": "#0"},
				"up": {"uv": [4.25, 12.25, 5.25, 11.75], "texture": "#0"},
				"down": {"uv": [14.25, 12.25, 15.25, 12.75], "texture": "#0"}
			}
		},
		{
			"name": "Voxels",
			"from": [7.5429, 7.7714, 3.4286],
			"to": [8.45719, 8.22854, 3.65717],
			"faces": {
				"north": {"uv": [11.25, 11.75, 10.25, 12.25], "texture": "#0"},
				"east": {"uv": [6, 2, 5.75, 2.5], "texture": "#0"},
				"south": {"uv": [11.25, 11.75, 12.25, 12.25], "texture": "#0"},
				"west": {"uv": [5.75, 2.5, 6, 3], "texture": "#0"},
				"up": {"uv": [4.75, 6.75, 5.75, 6.5], "texture": "#0"},
				"down": {"uv": [4.75, 1.75, 5.75, 2], "texture": "#0"}
			}
		},
		{
			"name": "Voxels",
			"from": [7.5429, 7.7714, 3.6571],
			"to": [8.45719, 7.99997, 4.11424],
			"faces": {
				"north": {"uv": [5.75, 7, 4.75, 7.25], "texture": "#0"},
				"east": {"uv": [6.5, 8.5, 6, 8.75], "texture": "#0"},
				"south": {"uv": [4.75, 10.25, 5.75, 10.5], "texture": "#0"},
				"west": {"uv": [6, 8.75, 6.5, 9], "texture": "#0"},
				"up": {"uv": [11.25, 11.75, 12.25, 11.25], "texture": "#0"},
				"down": {"uv": [13.25, 11.75, 14.25, 12.25], "texture": "#0"}
			}
		},
		{
			"name": "Voxels",
			"from": [7.5429, 7.7714, 5.4857],
			"to": [8.45719, 7.99997, 9.37141],
			"faces": {
				"north": {"uv": [11.75, 10.25, 10.75, 10.5], "texture": "#0"},
				"east": {"uv": [6.5, 12.75, 2.25, 13], "texture": "#0"},
				"south": {"uv": [4.75, 7.5, 5.75, 7.75], "texture": "#0"},
				"west": {"uv": [11.5, 13, 15.75, 13.25], "texture": "#0"},
				"up": {"uv": [1, 16, 2, 11.75], "texture": "#0"},
				"down": {"uv": [0, 1.75, 1, 6], "texture": "#0"}
			}
		},
		{
			"name": "Voxels",
			"from": [7.5429, 7.7714, 11.4286],
			"to": [8.45719, 7.99997, 11.88574],
			"faces": {
				"north": {"uv": [5.75, 10, 4.75, 10.25], "texture": "#0"},
				"east": {"uv": [6.5, 6.25, 6, 6.5], "texture": "#0"},
				"south": {"uv": [14.75, 10.25, 15.75, 10.5], "texture": "#0"},
				"west": {"uv": [6, 6.5, 6.5, 6.75], "texture": "#0"},
				"up": {"uv": [5.25, 11.75, 6.25, 11.25], "texture": "#0"},
				"down": {"uv": [14.25, 11.75, 15.25, 12.25], "texture": "#0"}
			}
		},
		{
			"name": "Voxels",
			"from": [7.5429, 8, 4.1143],
			"to": [8.45719, 8.91429, 5.48573],
			"faces": {
				"north": {"uv": [3.25, 11.25, 2.25, 12.25], "texture": "#0"},
				"east": {"uv": [13.5, 15, 12, 16], "texture": "#0"},
				"south": {"uv": [15, 15, 16, 16], "texture": "#0"},
				"west": {"uv": [13.5, 15, 15, 16], "texture": "#0"},
				"up": {"uv": [1, 6.75, 2, 5.25], "texture": "#0"},
				"down": {"uv": [0, 0.25, 1, 1.75], "texture": "#0"}
			}
		},
		{
			"name": "Voxels",
			"from": [7.5429, 8, 6.8571],
			"to": [8.45719, 8.22857, 11.42853],
			"faces": {
				"north": {"uv": [14.75, 10.25, 13.75, 10.5], "texture": "#0"},
				"east": {"uv": [7, 13.25, 2, 13.5], "texture": "#0"},
				"south": {"uv": [9.75, 10.25, 10.75, 10.5], "texture": "#0"},
				"west": {"uv": [7, 13.25, 12, 13.5], "texture": "#0"},
				"up": {"uv": [0, 11, 1, 6], "texture": "#0"},
				"down": {"uv": [0, 11, 1, 16], "texture": "#0"}
			}
		},
		{
			"name": "Voxels",
			"from": [7.5429, 8.2286, 6.8571],
			"to": [7.77147, 9.14289, 9.14282],
			"faces": {
				"north": {"uv": [3.25, 10.25, 3, 11.25], "texture": "#0"},
				"east": {"uv": [7, 15, 4.5, 16], "texture": "#0"},
				"south": {"uv": [2, 0, 2.25, 1], "texture": "#0"},
				"west": {"uv": [2, 15, 4.5, 16], "texture": "#0"},
				"up": {"uv": [3.25, 12.25, 3.5, 9.75], "texture": "#0"},
				"down": {"uv": [2, 1, 2.25, 3.5], "texture": "#0"}
			}
		},
		{
			"name": "Voxels",
			"from": [7.5429, 8.2286, 9.1429],
			"to": [7.77147, 8.91431, 11.42861],
			"faces": {
				"north": {"uv": [3.25, 0, 3, 0.75], "texture": "#0"},
				"east": {"uv": [12, 15.25, 9.5, 16], "texture": "#0"},
				"south": {"uv": [4, 5.75, 4.25, 6.5], "texture": "#0"},
				"west": {"uv": [7, 15.25, 9.5, 16], "texture": "#0"},
				"up": {"uv": [1.75, 9.25, 2, 6.75], "texture": "#0"},
				"down": {"uv": [1.75, 9.25, 2, 11.75], "texture": "#0"}
			}
		},
		{
			"name": "Voxels",
			"from": [7.5429, 8.4571, 5.4857],
			"to": [8.45719, 8.91424, 5.94284],
			"faces": {
				"north": {"uv": [7.25, 10.75, 6.25, 11.25], "texture": "#0"},
				"east": {"uv": [4.75, 2, 4.25, 2.5], "texture": "#0"},
				"south": {"uv": [4.25, 11.25, 5.25, 11.75], "texture": "#0"},
				"west": {"uv": [4.25, 4.5, 4.75, 5], "texture": "#0"},
				"up": {"uv": [6.25, 12.25, 7.25, 11.75], "texture": "#0"},
				"down": {"uv": [14.25, 11.25, 15.25, 11.75], "texture": "#0"}
			}
		},
		{
			"name": "Voxels",
			"from": [7.5429, 8.4571, 5.9429],
			"to": [8.00004, 8.91424, 6.85719],
			"faces": {
				"north": {"uv": [5.25, 2, 4.75, 2.5], "texture": "#0"},
				"east": {"uv": [7.25, 11.25, 6.25, 11.75], "texture": "#0"},
				"south": {"uv": [5.25, 2, 5.75, 2.5], "texture": "#0"},
				"west": {"uv": [9.25, 11.75, 10.25, 12.25], "texture": "#0"},
				"up": {"uv": [2.75, 3.5, 3.25, 2.5], "texture": "#0"},
				"down": {"uv": [3.5, 7.5, 4, 8.5], "texture": "#0"}
			}
		},
		{
			"name": "Voxels",
			"from": [7.5429, 8.6857, 3.4286],
			"to": [8.45719, 8.91427, 3.65717],
			"faces": {
				"north": {"uv": [5.75, 9.5, 4.75, 9.75], "texture": "#0"},
				"east": {"uv": [6.5, 0.5, 6.25, 0.75], "texture": "#0"},
				"south": {"uv": [4.75, 7.75, 5.75, 8], "texture": "#0"},
				"west": {"uv": [15.75, 13, 16, 13.25], "texture": "#0"},
				"up": {"uv": [4.75, 10, 5.75, 9.75], "texture": "#0"},
				"down": {"uv": [12.75, 10.25, 13.75, 10.5], "texture": "#0"}
			}
		},
		{
			"name": "Voxels",
			"from": [7.5429, 8.6857, 3.8857],
			"to": [8.45719, 9.14284, 4.11427],
			"faces": {
				"north": {"uv": [5.25, 10.75, 4.25, 11.25], "texture": "#0"},
				"east": {"uv": [6.5, 5.75, 6.25, 6.25], "texture": "#0"},
				"south": {"uv": [12.25, 11.25, 13.25, 11.75], "texture": "#0"},
				"west": {"uv": [5.75, 0.5, 6, 1], "texture": "#0"},
				"up": {"uv": [13.25, 10.75, 14.25, 10.5], "texture": "#0"},
				"down": {"uv": [15, 13.25, 16, 13.5], "texture": "#0"}
			}
		},
		{
			"name": "Voxels",
			"from": [7.5429, 8.6857, 11.4286],
			"to": [8.45719, 9.14284, 11.65717],
			"faces": {
				"north": {"uv": [10.25, 11.25, 9.25, 11.75], "texture": "#0"},
				"east": {"uv": [6.5, 3.75, 6.25, 4.25], "texture": "#0"},
				"south": {"uv": [10.25, 11.25, 11.25, 11.75], "texture": "#0"},
				"west": {"uv": [6, 4.25, 6.25, 4.75], "texture": "#0"},
				"up": {"uv": [6.75, 10.5, 7.75, 10.25], "texture": "#0"},
				"down": {"uv": [5.75, 10.25, 6.75, 10.5], "texture": "#0"}
			}
		},
		{
			"name": "Voxels",
			"from": [7.5429, 8.6857, 12.3429],
			"to": [8.91433, 8.91427, 12.57147],
			"faces": {
				"north": {"uv": [10.25, 10.75, 8.75, 11], "texture": "#0"},
				"east": {"uv": [5.75, 0.5, 5.5, 0.75], "texture": "#0"},
				"south": {"uv": [10.25, 11, 11.75, 11.25], "texture": "#0"},
				"west": {"uv": [6.25, 2.5, 6.5, 2.75], "texture": "#0"},
				"up": {"uv": [8.75, 11.25, 10.25, 11], "texture": "#0"},
				"down": {"uv": [7.25, 10.75, 8.75, 11], "texture": "#0"}
			}
		},
		{
			"name": "Voxels",
			"from": [7.5429, 8.9143, 3.6571],
			"to": [8.45719, 9.14287, 3.88567],
			"faces": {
				"north": {"uv": [12.75, 10.25, 11.75, 10.5], "texture": "#0"},
				"east": {"uv": [7.25, 9.25, 7, 9.5], "texture": "#0"},
				"south": {"uv": [8.75, 10.25, 9.75, 10.5], "texture": "#0"},
				"west": {"uv": [1.75, 3.5, 2, 3.75], "texture": "#0"},
				"up": {"uv": [4.75, 9.5, 5.75, 9.25], "texture": "#0"},
				"down": {"uv": [4.75, 8, 5.75, 8.25], "texture": "#0"}
			}
		},
		{
			"name": "Voxels",
			"from": [7.5429, 8.9143, 11.6571],
			"to": [8.45719, 9.14287, 12.11424],
			"faces": {
				"north": {"uv": [8.75, 10.25, 7.75, 10.5], "texture": "#0"},
				"east": {"uv": [6.5, 3.25, 6, 3.5], "texture": "#0"},
				"south": {"uv": [1, 0, 2, 0.25], "texture": "#0"},
				"west": {"uv": [6, 3.5, 6.5, 3.75], "texture": "#0"},
				"up": {"uv": [8.25, 11.75, 9.25, 11.25], "texture": "#0"},
				"down": {"uv": [7.25, 11.25, 8.25, 11.75], "texture": "#0"}
			}
		},
		{
			"name": "Voxels",
			"from": [7.5429, 9.1429, 12.1143],
			"to": [8.45719, 9.37147, 12.57144],
			"faces": {
				"north": {"uv": [5.75, 6.75, 4.75, 7], "texture": "#0"},
				"east": {"uv": [3.25, 4.75, 2.75, 5], "texture": "#0"},
				"south": {"uv": [4.75, 7.25, 5.75, 7.5], "texture": "#0"},
				"west": {"uv": [15.5, 12.75, 16, 13], "texture": "#0"},
				"up": {"uv": [12.25, 12.25, 13.25, 11.75], "texture": "#0"},
				"down": {"uv": [8.25, 11.75, 9.25, 12.25], "texture": "#0"}
			}
		},
		{
			"name": "Voxels",
			"from": [7.7714, 6.4, 7.5429],
			"to": [8.22854, 7.77143, 8.22861],
			"faces": {
				"north": {"uv": [3.25, 8.75, 2.75, 10.25], "texture": "#0"},
				"east": {"uv": [1.75, 0.25, 1, 1.75], "texture": "#0"},
				"south": {"uv": [15.5, 13.5, 16, 15], "texture": "#0"},
				"west": {"uv": [14.75, 13.5, 15.5, 15], "texture": "#0"},
				"up": {"uv": [3.5, 1.75, 4, 1], "texture": "#0"},
				"down": {"uv": [3.5, 1.75, 4, 2.5], "texture": "#0"}
			}
		},
		{
			"name": "Voxels",
			"from": [7.7714, 6.6286, 5.2571],
			"to": [8.22854, 8.00003, 5.48567],
			"faces": {
				"north": {"uv": [2.75, 7.25, 2.25, 8.75], "texture": "#0"},
				"east": {"uv": [2, 2, 1.75, 3.5], "texture": "#0"},
				"south": {"uv": [2.25, 8.75, 2.75, 10.25], "texture": "#0"},
				"west": {"uv": [1.75, 3.75, 2, 5.25], "texture": "#0"},
				"up": {"uv": [4.75, 0.25, 5.25, 0], "texture": "#0"},
				"down": {"uv": [2.75, 2.25, 3.25, 2.5], "texture": "#0"}
			}
		},
		{
			"name": "Voxels",
			"from": [7.7714, 6.6286, 5.4857],
			"to": [8.22854, 7.77146, 5.71427],
			"faces": {
				"north": {"uv": [3.25, 5, 2.75, 6.25], "texture": "#0"},
				"east": {"uv": [3.5, 3.5, 3.25, 4.75], "texture": "#0"},
				"south": {"uv": [2.75, 3.5, 3.25, 4.75], "texture": "#0"},
				"west": {"uv": [1.75, 0.5, 2, 1.75], "texture": "#0"},
				"up": {"uv": [6, 10.25, 6.5, 10], "texture": "#0"},
				"down": {"uv": [5.25, 0, 5.75, 0.25], "texture": "#0"}
			}
		},
		{
			"name": "Voxels",
			"from": [7.7714, 6.8571, 5.0286],
			"to": [8.22854, 7.99996, 5.25717],
			"faces": {
				"north": {"uv": [2.75, 2.25, 2.25, 3.5], "texture": "#0"},
				"east": {"uv": [3.5, 2.25, 3.25, 3.5], "texture": "#0"},
				"south": {"uv": [2.25, 3.5, 2.75, 4.75], "texture": "#0"},
				"west": {"uv": [3.25, 1, 3.5, 2.25], "texture": "#0"},
				"up": {"uv": [7, 10.25, 7.5, 10], "texture": "#0"},
				"down": {"uv": [6.5, 10, 7, 10.25], "texture": "#0"}
			}
		},
		{
			"name": "Voxels",
			"from": [7.7714, 6.8571, 5.7143],
			"to": [8.22854, 7.77139, 5.94287],
			"faces": {
				"north": {"uv": [4, 6.5, 3.5, 7.5], "texture": "#0"},
				"east": {"uv": [3.5, 0, 3.25, 1], "texture": "#0"},
				"south": {"uv": [3.5, 5.5, 4, 6.5], "texture": "#0"},
				"west": {"uv": [3, 6.25, 3.25, 7.25], "texture": "#0"},
				"up": {"uv": [8.5, 10.25, 9, 10], "texture": "#0"},
				"down": {"uv": [8, 10, 8.5, 10.25], "texture": "#0"}
			}
		},
		{
			"name": "Voxels",
			"from": [7.7714, 7.0857, 6.8571],
			"to": [8.22854, 7.77141, 7.54281],
			"faces": {
				"north": {"uv": [4.75, 9.25, 4.25, 10], "texture": "#0"},
				"east": {"uv": [3, 1.5, 2.25, 2.25], "texture": "#0"},
				"south": {"uv": [4.25, 8.5, 4.75, 9.25], "texture": "#0"},
				"west": {"uv": [3.5, 9.25, 4.25, 10], "texture": "#0"},
				"up": {"uv": [4.25, 10.75, 4.75, 10], "texture": "#0"},
				"down": {"uv": [3.5, 0.25, 4, 1], "texture": "#0"}
			}
		},
		{
			"name": "Voxels",
			"from": [7.7714, 7.3143, 6.6286],
			"to": [8.22854, 7.77144, 6.85717],
			"faces": {
				"north": {"uv": [4.75, 5.5, 4.25, 6], "texture": "#0"},
				"east": {"uv": [6, 5, 5.75, 5.5], "texture": "#0"},
				"south": {"uv": [4.25, 5, 4.75, 5.5], "texture": "#0"},
				"west": {"uv": [5.75, 5.5, 6, 6], "texture": "#0"},
				"up": {"uv": [6, 10, 6.5, 9.75], "texture": "#0"},
				"down": {"uv": [12, 10, 12.5, 10.25], "texture": "#0"}
			}
		},
		{
			"name": "Voxels",
			"from": [7.7714, 7.7714, 4.1143],
			"to": [8.22854, 7.99997, 4.34287],
			"faces": {
				"north": {"uv": [9, 9.75, 8.5, 10], "texture": "#0"},
				"east": {"uv": [6.5, 0.75, 6.25, 1], "texture": "#0"},
				"south": {"uv": [9, 9.75, 9.5, 10], "texture": "#0"},
				"west": {"uv": [6, 1.5, 6.25, 1.75], "texture": "#0"},
				"up": {"uv": [8, 10, 8.5, 9.75], "texture": "#0"},
				"down": {"uv": [7.5, 9.75, 8, 10], "texture": "#0"}
			}
		},
		{
			"name": "Voxels",
			"from": [7.7714, 7.7714, 9.3714],
			"to": [8.22854, 7.99997, 9.59997],
			"faces": {
				"north": {"uv": [14, 9.75, 13.5, 10], "texture": "#0"},
				"east": {"uv": [5.75, 1.5, 5.5, 1.75], "texture": "#0"},
				"south": {"uv": [14, 9.75, 14.5, 10], "texture": "#0"},
				"west": {"uv": [15.75, 10.25, 16, 10.5], "texture": "#0"},
				"up": {"uv": [13, 10, 13.5, 9.75], "texture": "#0"},
				"down": {"uv": [12.5, 9.75, 13, 10], "texture": "#0"}
			}
		},
		{
			"name": "Voxels",
			"from": [7.7714, 7.7714, 11.2],
			"to": [8.22854, 7.99997, 11.42857],
			"faces": {
				"north": {"uv": [11, 9.5, 10.5, 9.75], "texture": "#0"},
				"east": {"uv": [6.25, 1, 6, 1.25], "texture": "#0"},
				"south": {"uv": [11, 9.5, 11.5, 9.75], "texture": "#0"},
				"west": {"uv": [6.25, 1.5, 6.5, 1.75], "texture": "#0"},
				"up": {"uv": [10, 9.75, 10.5, 9.5], "texture": "#0"},
				"down": {"uv": [9.5, 9.5, 10, 9.75], "texture": "#0"}
			}
		},
		{
			"name": "Voxels",
			"from": [7.7714, 8.2286, 9.8286],
			"to": [8.45711, 8.91431, 11.4286],
			"faces": {
				"north": {"uv": [3, 0.75, 2.25, 1.5], "texture": "#0"},
				"east": {"uv": [9.25, 14.25, 7.5, 15], "texture": "#0"},
				"south": {"uv": [3.5, 10.75, 4.25, 11.5], "texture": "#0"},
				"west": {"uv": [7.5, 13.5, 9.25, 14.25], "texture": "#0"},
				"up": {"uv": [1, 5.25, 1.75, 3.5], "texture": "#0"},
				"down": {"uv": [1, 1.75, 1.75, 3.5], "texture": "#0"}
			}
		},
		{
			"name": "Voxels",
			"from": [7.7714, 8.4571, 3.4286],
			"to": [8.68569, 8.68567, 3.65717],
			"faces": {
				"north": {"uv": [5.75, 8.5, 4.75, 8.75], "texture": "#0"},
				"east": {"uv": [6.25, 3, 6, 3.25], "texture": "#0"},
				"south": {"uv": [4.75, 8.25, 5.75, 8.5], "texture": "#0"},
				"west": {"uv": [5.5, 0.25, 5.75, 0.5], "texture": "#0"},
				"up": {"uv": [4.75, 9, 5.75, 8.75], "texture": "#0"},
				"down": {"uv": [4.75, 9, 5.75, 9.25], "texture": "#0"}
			}
		},
		{
			"name": "Voxels",
			"from": [7.7714, 8.4571, 9.1429],
			"to": [8.45711, 8.91424, 9.82861],
			"faces": {
				"north": {"uv": [16, 12.25, 15.25, 12.75], "texture": "#0"},
				"east": {"uv": [12.5, 10.75, 11.75, 11.25], "texture": "#0"},
				"south": {"uv": [15.25, 11.75, 16, 12.25], "texture": "#0"},
				"west": {"uv": [15.25, 11.25, 16, 11.75], "texture": "#0"},
				"up": {"uv": [3.5, 9.25, 4.25, 8.5], "texture": "#0"},
				"down": {"uv": [3.5, 10, 4.25, 10.75], "texture": "#0"}
			}
		},
		{
			"name": "Voxels",
			"from": [7.7714, 8.4571, 11.8857],
			"to": [8.68569, 8.91424, 12.34284],
			"faces": {
				"north": {"uv": [6.25, 11.75, 5.25, 12.25], "texture": "#0"},
				"east": {"uv": [4.75, 2.5, 4.25, 3], "texture": "#0"},
				"south": {"uv": [5.25, 10.75, 6.25, 11.25], "texture": "#0"},
				"west": {"uv": [4.25, 3, 4.75, 3.5], "texture": "#0"},
				"up": {"uv": [13.25, 11.75, 14.25, 11.25], "texture": "#0"},
				"down": {"uv": [7.25, 11.75, 8.25, 12.25], "texture": "#0"}
			}
		},
		{
			"name": "Voxels",
			"from": [7.7714, 8.6857, 6.8571],
			"to": [8.45711, 9.14284, 9.14282],
			"faces": {
				"north": {"uv": [13.25, 10.75, 12.5, 11.25], "texture": "#0"},
				"east": {"uv": [11.75, 14.5, 9.25, 15], "texture": "#0"},
				"south": {"uv": [13.25, 10.75, 14, 11.25], "texture": "#0"},
				"west": {"uv": [9.25, 14, 11.75, 14.5], "texture": "#0"},
				"up": {"uv": [1, 9.25, 1.75, 6.75], "texture": "#0"},
				"down": {"uv": [1, 9.25, 1.75, 11.75], "texture": "#0"}
			}
		},
		{
			"name": "Voxels",
			"from": [7.7714, 8.9143, 4.1143],
			"to": [8.45711, 9.14287, 4.34287],
			"faces": {
				"north": {"uv": [5.5, 1.5, 4.75, 1.75], "texture": "#0"},
				"east": {"uv": [7, 9.25, 6.75, 9.5], "texture": "#0"},
				"south": {"uv": [4.75, 1.25, 5.5, 1.5], "texture": "#0"},
				"west": {"uv": [6, 0.25, 6.25, 0.5], "texture": "#0"},
				"up": {"uv": [15.25, 10.75, 16, 10.5], "texture": "#0"},
				"down": {"uv": [3.5, 0, 4.25, 0.25], "texture": "#0"}
			}
		},
		{
			"name": "Voxels",
			"from": [7.7714, 8.9143, 5.9429],
			"to": [8.45711, 9.14287, 6.85719],
			"faces": {
				"north": {"uv": [5.5, 0.5, 4.75, 0.75], "texture": "#0"},
				"east": {"uv": [5.75, 6, 4.75, 6.25], "texture": "#0"},
				"south": {"uv": [4.75, 0.25, 5.5, 0.5], "texture": "#0"},
				"west": {"uv": [4.75, 6.25, 5.75, 6.5], "texture": "#0"},
				"up": {"uv": [2.25, 7.25, 3, 6.25], "texture": "#0"},
				"down": {"uv": [2.25, 10.25, 3, 11.25], "texture": "#0"}
			}
		},
		{
			"name": "Voxels",
			"from": [7.7714, 8.9143, 9.1429],
			"to": [8.22854, 9.14287, 9.37147],
			"faces": {
				"north": {"uv": [14, 10, 13.5, 10.25], "texture": "#0"},
				"east": {"uv": [6.25, 2.5, 6, 2.75], "texture": "#0"},
				"south": {"uv": [14, 10, 14.5, 10.25], "texture": "#0"},
				"west": {"uv": [6.25, 3, 6.5, 3.25], "texture": "#0"},
				"up": {"uv": [13, 10.25, 13.5, 10], "texture": "#0"},
				"down": {"uv": [12.5, 10, 13, 10.25], "texture": "#0"}
			}
		},
		{
			"name": "Voxels",
			"from": [7.7714, 8.9143, 11.2],
			"to": [8.22854, 9.14287, 11.42857],
			"faces": {
				"north": {"uv": [16, 10, 15.5, 10.25], "texture": "#0"},
				"east": {"uv": [6.25, 0.75, 6, 1], "texture": "#0"},
				"south": {"uv": [15.5, 9.5, 16, 9.75], "texture": "#0"},
				"west": {"uv": [6.25, 1, 6.5, 1.25], "texture": "#0"},
				"up": {"uv": [15, 10.25, 15.5, 10], "texture": "#0"},
				"down": {"uv": [14.5, 10, 15, 10.25], "texture": "#0"}
			}
		},
		{
			"name": "Voxels",
			"from": [8, 8.4571, 6.4],
			"to": [8.45714, 8.91424, 6.85714],
			"faces": {
				"north": {"uv": [5.25, 5.5, 4.75, 6], "texture": "#0"},
				"east": {"uv": [5.75, 5, 5.25, 5.5], "texture": "#0"},
				"south": {"uv": [5.25, 5.5, 5.75, 6], "texture": "#0"},
				"west": {"uv": [4.75, 5, 5.25, 5.5], "texture": "#0"},
				"up": {"uv": [4.25, 0.5, 4.75, 0], "texture": "#0"},
				"down": {"uv": [4.25, 0.5, 4.75, 1], "texture": "#0"}
			}
		},
		{
			"name": "Voxels",
			"from": [8, 8.6857, 5.9429],
			"to": [8.45714, 8.91427, 6.40004],
			"faces": {
				"north": {"uv": [10, 9.75, 9.5, 10], "texture": "#0"},
				"east": {"uv": [11.5, 9.75, 11, 10], "texture": "#0"},
				"south": {"uv": [10, 9.75, 10.5, 10], "texture": "#0"},
				"west": {"uv": [10.5, 9.75, 11, 10], "texture": "#0"},
				"up": {"uv": [5.25, 5, 5.75, 4.5], "texture": "#0"},
				"down": {"uv": [4.75, 4.5, 5.25, 5], "texture": "#0"}
			}
		},
		{
			"name": "Voxels",
			"from": [8, 8.9143, 4.3429],
			"to": [8.45714, 9.37144, 4.57147],
			"faces": {
				"north": {"uv": [5.25, 4, 4.75, 4.5], "texture": "#0"},
				"east": {"uv": [6, 4, 5.75, 4.5], "texture": "#0"},
				"south": {"uv": [5.25, 4, 5.75, 4.5], "texture": "#0"},
				"west": {"uv": [5.75, 4.5, 6, 5], "texture": "#0"},
				"up": {"uv": [12, 10, 12.5, 9.75], "texture": "#0"},
				"down": {"uv": [11.5, 9.75, 12, 10], "texture": "#0"}
			}
		},
		{
			"name": "Voxels",
			"from": [8, 8.9143, 4.5714],
			"to": [8.45714, 9.14287, 5.02854],
			"faces": {
				"north": {"uv": [15, 9.75, 14.5, 10], "texture": "#0"},
				"east": {"uv": [6.5, 9.5, 6, 9.75], "texture": "#0"},
				"south": {"uv": [15, 9.75, 15.5, 10], "texture": "#0"},
				"west": {"uv": [15.5, 9.75, 16, 10], "texture": "#0"},
				"up": {"uv": [5.25, 4, 5.75, 3.5], "texture": "#0"},
				"down": {"uv": [4.75, 3.5, 5.25, 4], "texture": "#0"}
			}
		},
		{
			"name": "Voxels",
			"from": [8, 8.9143, 5.7143],
			"to": [8.45714, 9.14287, 5.94287],
			"faces": {
				"north": {"uv": [8, 9.5, 7.5, 9.75], "texture": "#0"},
				"east": {"uv": [2, 0.25, 1.75, 0.5], "texture": "#0"},
				"south": {"uv": [8, 9.5, 8.5, 9.75], "texture": "#0"},
				"west": {"uv": [1.75, 1.75, 2, 2], "texture": "#0"},
				"up": {"uv": [7, 9.75, 7.5, 9.5], "texture": "#0"},
				"down": {"uv": [6.5, 9.5, 7, 9.75], "texture": "#0"}
			}
		},
		{
			"name": "Voxels",
			"from": [8, 9.1429, 4.1143],
			"to": [8.45714, 9.60004, 4.34287],
			"faces": {
				"north": {"uv": [5.25, 3, 4.75, 3.5], "texture": "#0"},
				"east": {"uv": [6, 3, 5.75, 3.5], "texture": "#0"},
				"south": {"uv": [5.25, 3, 5.75, 3.5], "texture": "#0"},
				"west": {"uv": [5.75, 3.5, 6, 4], "texture": "#0"},
				"up": {"uv": [9, 9.75, 9.5, 9.5], "texture": "#0"},
				"down": {"uv": [8.5, 9.5, 9, 9.75], "texture": "#0"}
			}
		},
		{
			"name": "Voxels",
			"from": [8, 9.1429, 6.4],
			"to": [8.45714, 9.37147, 6.85714],
			"faces": {
				"north": {"uv": [12, 9.5, 11.5, 9.75], "texture": "#0"},
				"east": {"uv": [13.5, 9.5, 13, 9.75], "texture": "#0"},
				"south": {"uv": [12, 9.5, 12.5, 9.75], "texture": "#0"},
				"west": {"uv": [12.5, 9.5, 13, 9.75], "texture": "#0"},
				"up": {"uv": [5.25, 3, 5.75, 2.5], "texture": "#0"},
				"down": {"uv": [4.75, 2.5, 5.25, 3], "texture": "#0"}
			}
		},
		{
			"name": "Voxels",
			"from": [8.2286, 8.2286, 3.4286],
			"to": [8.68574, 8.45717, 3.65717],
			"faces": {
				"north": {"uv": [15, 9.5, 14.5, 9.75], "texture": "#0"},
				"east": {"uv": [6.25, 0.5, 6, 0.75], "texture": "#0"},
				"south": {"uv": [15, 9.5, 15.5, 9.75], "texture": "#0"},
				"west": {"uv": [7.25, 9.25, 7.5, 9.5], "texture": "#0"},
				"up": {"uv": [14, 9.75, 14.5, 9.5], "texture": "#0"},
				"down": {"uv": [13.5, 9.5, 14, 9.75], "texture": "#0"}
			}
		},
		{
			"name": "Voxels",
			"from": [8.2286, 8.2286, 5.4857],
			"to": [8.45717, 8.45717, 9.82856],
			"faces": {
				"north": {"uv": [6.5, 0.25, 6.25, 0.5], "texture": "#0"},
				"east": {"uv": [6.75, 13, 2, 13.25], "texture": "#0"},
				"south": {"uv": [6.5, 9.25, 6.75, 9.5], "texture": "#0"},
				"west": {"uv": [6.75, 13, 11.5, 13.25], "texture": "#0"},
				"up": {"uv": [2, 13, 2.25, 8.25], "texture": "#0"},
				"down": {"uv": [2, 3.5, 2.25, 8.25], "texture": "#0"}
			}
		},
		{
			"name": "Voxels",
			"from": [8.2286, 8.2286, 11.8857],
			"to": [8.68574, 8.45717, 12.34284],
			"faces": {
				"north": {"uv": [6.5, 8.25, 6, 8.5], "texture": "#0"},
				"east": {"uv": [6.5, 7.5, 6, 7.75], "texture": "#0"},
				"south": {"uv": [6, 8, 6.5, 8.25], "texture": "#0"},
				"west": {"uv": [6, 7.75, 6.5, 8], "texture": "#0"},
				"up": {"uv": [4.25, 6.5, 4.75, 6], "texture": "#0"},
				"down": {"uv": [11.25, 13.5, 11.75, 14], "texture": "#0"}
			}
		},
		{
			"name": "Voxels",
			"from": [8.2286, 8.4571, 5.9429],
			"to": [8.45717, 8.68567, 6.40004],
			"faces": {
				"north": {"uv": [5.75, 1, 5.5, 1.25], "texture": "#0"},
				"east": {"uv": [6.5, 7, 6, 7.25], "texture": "#0"},
				"south": {"uv": [5.5, 0.75, 5.75, 1], "texture": "#0"},
				"west": {"uv": [6, 7.25, 6.5, 7.5], "texture": "#0"},
				"up": {"uv": [5.75, 1.5, 6, 1], "texture": "#0"},
				"down": {"uv": [5.75, 1.5, 6, 2], "texture": "#0"}
			}
		},
		{
			"name": "Voxels",
			"from": [8.2286, 8.4571, 6.8571],
			"to": [8.45717, 8.68567, 9.14282],
			"faces": {
				"north": {"uv": [6.25, 2.75, 6, 3], "texture": "#0"},
				"east": {"uv": [9.5, 15, 7, 15.25], "texture": "#0"},
				"south": {"uv": [6.25, 2.75, 6.5, 3], "texture": "#0"},
				"west": {"uv": [9.5, 15, 12, 15.25], "texture": "#0"},
				"up": {"uv": [3.25, 7.25, 3.5, 4.75], "texture": "#0"},
				"down": {"uv": [3.25, 7.25, 3.5, 9.75], "texture": "#0"}
			}
		},
		{
			"name": "Voxels",
			"from": [8.2286, 9.3714, 4.3429],
			"to": [8.45717, 9.59997, 4.57147],
			"faces": {
				"north": {"uv": [6.25, 2, 6, 2.25], "texture": "#0"},
				"east": {"uv": [6.5, 1.75, 6.25, 2], "texture": "#0"},
				"south": {"uv": [6.25, 2, 6.5, 2.25], "texture": "#0"},
				"west": {"uv": [6, 1.75, 6.25, 2], "texture": "#0"},
				"up": {"uv": [6.25, 2.5, 6.5, 2.25], "texture": "#0"},
				"down": {"uv": [6, 2.25, 6.25, 2.5], "texture": "#0"}
			}
		},
		{
			"name": "Voxels",
			"from": [8.2286, 9.3714, 6.4],
			"to": [8.45717, 9.59997, 6.85714],
			"faces": {
				"north": {"uv": [6.25, 1.25, 6, 1.5], "texture": "#0"},
				"east": {"uv": [6.5, 5.25, 6, 5.5], "texture": "#0"},
				"south": {"uv": [6.25, 1.25, 6.5, 1.5], "texture": "#0"},
				"west": {"uv": [6, 5.5, 6.5, 5.75], "texture": "#0"},
				"up": {"uv": [6, 6.25, 6.25, 5.75], "texture": "#0"},
				"down": {"uv": [5.75, 0, 6, 0.5], "texture": "#0"}
			}
		},
		{
			"name": "Voxels",
			"from": [8.4571, 8.2286, 12.3429],
			"to": [8.91424, 8.68574, 12.57147],
			"faces": {
				"north": {"uv": [4.75, 4, 4.25, 4.5], "texture": "#0"},
				"east": {"uv": [6.25, 3.75, 6, 4.25], "texture": "#0"},
				"south": {"uv": [4.25, 3.5, 4.75, 4], "texture": "#0"},
				"west": {"uv": [6.25, 4.25, 6.5, 4.75], "texture": "#0"},
				"up": {"uv": [6, 5, 6.5, 4.75], "texture": "#0"},
				"down": {"uv": [6, 5, 6.5, 5.25], "texture": "#0"}
			}
		},
		{
			"name": "Voxels",
			"from": [8.6857, 8.2286, 12.1143],
			"to": [8.91427, 8.91431, 12.34287],
			"faces": {
				"north": {"uv": [6, 9.5, 5.75, 10.25], "texture": "#0"},
				"east": {"uv": [4.25, 1, 4, 1.75], "texture": "#0"},
				"south": {"uv": [5.75, 8.75, 6, 9.5], "texture": "#0"},
				"west": {"uv": [5.75, 8, 6, 8.75], "texture": "#0"},
				"up": {"uv": [6.25, 0.25, 6.5, 0], "texture": "#0"},
				"down": {"uv": [6, 0, 6.25, 0.25], "texture": "#0"}
			}
		}
	],
	"gui_light": "front",
	"display": {
		"thirdperson_righthand": {
			"translation": [0, 0, 1],
			"scale": [1.5, 1.5, 1.5]
		},
		"thirdperson_lefthand": {
			"translation": [0, 0, 0.75],
			"scale": [1.5, 1.5, 1.5]
		},
		"firstperson_righthand": {
			"translation": [-4.5, 3, 4.75],
			"scale": [1.5, 1.5, 1.5]
		},
		"firstperson_lefthand": {
			"rotation": [7, 0, 0],
			"translation": [-8.75, 4.25, 9.75],
			"scale": [1.5, 1.5, 1.5]
		},
		"ground": {
			"translation": [0, -2.75, 0],
			"scale": [1.5, 1.5, 1.5]
		},
		"gui": {
			"rotation": [45, -45, 45],
			"translation": [0.5, -0.75, 0],
			"scale": [1.5, 1.5, 1.5]
		},
		"fixed": {
			"rotation": [0, 90, 0],
			"translation": [-0.5, -1.25, 0],
			"scale": [1.5, 1.5, 1.5]
		}
	}
}