{
	"format_version": "1.21.6",
	"credit": "Made with Blockbench",
	"textures": {
		"0": "modern_guns:item/ak47",
		"particle": "modern_guns:item/ak47"
	},
	"elements": [
		{
			"from": [7.35, 7, 12.25],
			"to": [8.65, 9, 21.25],
			"rotation": {"angle": 0, "axis": "y", "origin": [7, 7, 6.75]},
			"faces": {
				"north": {"uv": [14.7, 14, 16, 16], "texture": "#0"},
				"east": {"uv": [7, 14, 16, 16], "texture": "#0"},
				"south": {"uv": [14.7, 14, 16, 16], "texture": "#0"},
				"west": {"uv": [7, 14, 16, 16], "texture": "#0"},
				"up": {"uv": [14.7, 7, 16, 16], "texture": "#0"},
				"down": {"uv": [14.7, 7, 16, 16], "texture": "#0"}
			}
		},
		{
			"from": [7.35, 6.2, 19.25],
			"to": [8.65, 7, 21.25],
			"rotation": {"angle": 0, "axis": "y", "origin": [7, 7, 6.75]},
			"faces": {
				"north": {"uv": [14.7, 15.2, 16, 16], "texture": "#0"},
				"east": {"uv": [14, 15.2, 16, 16], "texture": "#0"},
				"south": {"uv": [14.7, 15.2, 16, 16], "texture": "#0"},
				"west": {"uv": [14, 15.2, 16, 16], "texture": "#0"},
				"up": {"uv": [14.7, 14, 16, 16], "texture": "#0"},
				"down": {"uv": [14.7, 14, 16, 16], "texture": "#0"}
			}
		},
		{
			"from": [7.351, 6, 14.21],
			"to": [8.649, 8, 21.21],
			"rotation": {"angle": 22.5, "axis": "x", "origin": [8, 7, 16.75]},
			"faces": {
				"north": {"uv": [14.702, 14, 16, 16], "texture": "#0"},
				"east": {"uv": [9, 14, 16, 16], "texture": "#0"},
				"south": {"uv": [14.702, 14, 16, 16], "texture": "#0"},
				"west": {"uv": [9, 14, 16, 16], "texture": "#0"},
				"up": {"uv": [14.702, 9, 16, 16], "texture": "#0"},
				"down": {"uv": [14.702, 9, 16, 16], "texture": "#0"}
			}
		},
		{
			"from": [7.35, 8.5, 1],
			"to": [8.65, 10.5, 3],
			"rotation": {"angle": 0, "axis": "y", "origin": [7, 7, 10]},
			"faces": {
				"north": {"uv": [0, 0, 1.3, 2], "texture": "#0"},
				"east": {"uv": [0, 0, 2, 2], "texture": "#0"},
				"south": {"uv": [0, 0, 1.3, 2], "texture": "#0"},
				"west": {"uv": [0, 0, 2, 2], "texture": "#0"},
				"up": {"uv": [0, 0, 1.3, 2], "texture": "#0"},
				"down": {"uv": [0, 0, 1.3, 2], "texture": "#0"}
			}
		},
		{
			"from": [7.35, 10, 3],
			"to": [8.65, 10.5, 5.75],
			"rotation": {"angle": 0, "axis": "y", "origin": [7, 7, 10]},
			"faces": {
				"north": {"uv": [0, 0, 1.3, 0.5], "texture": "#0"},
				"east": {"uv": [0, 0, 2.75, 0.5], "texture": "#0"},
				"south": {"uv": [0, 0, 1.3, 0.5], "texture": "#0"},
				"west": {"uv": [0, 0, 2.75, 0.5], "texture": "#0"},
				"up": {"uv": [0, 0, 1.3, 2.75], "texture": "#0"},
				"down": {"uv": [0, 0, 1.3, 2.75], "texture": "#0"}
			}
		},
		{
			"from": [7.35, 9, 3],
			"to": [8.65, 10, 11.25],
			"rotation": {"angle": 0, "axis": "y", "origin": [7, 7, 10]},
			"faces": {
				"north": {"uv": [2, 2, 3.3, 3], "texture": "#0"},
				"east": {"uv": [10.25, 2, 2, 3], "texture": "#0"},
				"south": {"uv": [2, 2, 3.3, 3], "texture": "#0"},
				"west": {"uv": [2, 2, 10.25, 3], "texture": "#0"},
				"up": {"uv": [2, 3, 3.3, 11.25], "texture": "#0"},
				"down": {"uv": [2, 3, 3.3, 11.25], "texture": "#0"}
			}
		},
		{
			"from": [7.35, 7, 3],
			"to": [8.65, 9, 12.25],
			"rotation": {"angle": 0, "axis": "y", "origin": [7, 7, 10]},
			"faces": {
				"north": {"uv": [0, 0, 1.3, 2], "texture": "#0"},
				"east": {"uv": [9.25, 0, 0, 2], "texture": "#0"},
				"south": {"uv": [0, 0, 1.3, 2], "texture": "#0"},
				"west": {"uv": [0, 0, 9.25, 2], "texture": "#0"},
				"up": {"uv": [0, 2, 1.3, 11.25], "texture": "#0"},
				"down": {"uv": [0, 2, 1.3, 11.25], "texture": "#0"}
			}
		},
		{
			"from": [7.351, 8.2, 10.51],
			"to": [8.649, 9.2, 11.92],
			"rotation": {"angle": 45, "axis": "x", "origin": [8, 8.7, 11.85]},
			"faces": {
				"north": {"uv": [0, 0, 1.3, 1], "texture": "#0"},
				"east": {"uv": [0, 0, 1.41, 1], "texture": "#0"},
				"south": {"uv": [0, 0, 1.3, 1], "texture": "#0"},
				"west": {"uv": [0, 0, 1.41, 1], "texture": "#0"},
				"up": {"uv": [0, 0, 1.3, 1.41], "texture": "#0"},
				"down": {"uv": [0, 0, 1.3, 1.41], "texture": "#0"}
			}
		},
		{
			"from": [7.351, 2.5, 8.75],
			"to": [8.649, 7.5, 10.75],
			"rotation": {"angle": -22.5, "axis": "x", "origin": [8, 7, 9.75]},
			"faces": {
				"north": {"uv": [14.702, 11, 16, 16], "texture": "#0"},
				"east": {"uv": [14, 11, 16, 16], "texture": "#0"},
				"south": {"uv": [14.702, 11, 16, 16], "texture": "#0"},
				"west": {"uv": [14, 11, 16, 16], "texture": "#0"},
				"up": {"uv": [14.702, 14, 16, 16], "texture": "#0"},
				"down": {"uv": [14.702, 14, 16, 16], "texture": "#0"}
			}
		},
		{
			"from": [7.8, 5.5, 8.1],
			"to": [8.2, 7, 9.35],
			"rotation": {"angle": 0, "axis": "y", "origin": [7, 5, 6.85]},
			"faces": {
				"north": {"uv": [10, 0, 10.4, 1.5], "texture": "#0"},
				"east": {"uv": [10, 0, 11.25, 1.5], "texture": "#0"},
				"south": {"uv": [10, 0, 10.4, 1.5], "texture": "#0"},
				"west": {"uv": [10, 0, 11.25, 1.5], "texture": "#0"},
				"up": {"uv": [10, 0, 10.4, 1.25], "texture": "#0"},
				"down": {"uv": [10, 0, 10.4, 1.25], "texture": "#0"}
			}
		},
		{
			"from": [7.45, 4.85, 6.5],
			"to": [8.55, 7.1, 7.1],
			"rotation": {"angle": 0, "axis": "y", "origin": [7, 7, 7.9]},
			"faces": {
				"north": {"uv": [0, 0, 1.1, 2.25], "texture": "#0"},
				"east": {"uv": [0, 0, 0.6, 2.25], "texture": "#0"},
				"south": {"uv": [0, 0, 1.1, 2.25], "texture": "#0"},
				"west": {"uv": [0, 0, 0.6, 2.25], "texture": "#0"},
				"up": {"uv": [0, 0, 1.1, 0.6], "texture": "#0"},
				"down": {"uv": [0, 0, 1.1, 0.6], "texture": "#0"}
			}
		},
		{
			"from": [7.7, 4.5, 6.85],
			"to": [8.3, 5.25, 9.75],
			"rotation": {"angle": 0, "axis": "y", "origin": [7, 7, 7.75]},
			"faces": {
				"north": {"uv": [0, 0, 0.6, 0.75], "texture": "#0"},
				"east": {"uv": [0, 0, 2.9, 0.75], "texture": "#0"},
				"south": {"uv": [0, 0, 0.6, 0.75], "texture": "#0"},
				"west": {"uv": [0, 0, 2.9, 0.75], "texture": "#0"},
				"up": {"uv": [0, 0, 0.6, 2.9], "texture": "#0"},
				"down": {"uv": [0, 0, 0.6, 2.9], "texture": "#0"}
			}
		},
		{
			"from": [7.5, 4.5, 3.75],
			"to": [8.5, 7, 6.25],
			"rotation": {"angle": 0, "axis": "y", "origin": [7, 8, 7.75]},
			"faces": {
				"north": {"uv": [4, 7, 5, 9.5], "texture": "#0"},
				"east": {"uv": [4, 7, 6.5, 9.5], "texture": "#0"},
				"south": {"uv": [5, 7, 6, 9.5], "texture": "#0"},
				"west": {"uv": [4, 7, 6.5, 9.5], "texture": "#0"},
				"up": {"uv": [5, 7, 6, 9.5], "texture": "#0"},
				"down": {"uv": [4, 7, 5, 9.5], "texture": "#0"}
			}
		},
		{
			"from": [7.501, 1.19, 2.895],
			"to": [8.501, 5.19, 5.395],
			"rotation": {"angle": 22.5, "axis": "x", "origin": [8, 2.7, 4.1]},
			"faces": {
				"north": {"uv": [5, 7, 6, 11], "texture": "#0"},
				"east": {"uv": [4, 7, 6.5, 11], "texture": "#0"},
				"south": {"uv": [4, 7, 5, 11], "texture": "#0"},
				"west": {"uv": [4, 7, 6.5, 11], "texture": "#0"},
				"up": {"uv": [5, 7, 6, 9.5], "texture": "#0"},
				"down": {"uv": [4, 7, 5, 9.5], "texture": "#0"}
			}
		},
		{
			"from": [7.55, 8.95, 0.75],
			"to": [8.45, 10.3, 1],
			"rotation": {"angle": 0, "axis": "y", "origin": [7, 7, 9.75]},
			"faces": {
				"north": {"uv": [0, 0, 0.9, 1.35], "texture": "#0"},
				"east": {"uv": [0, 0, 0.25, 1.35], "texture": "#0"},
				"south": {"uv": [0, 0, 0.9, 1.35], "texture": "#0"},
				"west": {"uv": [0, 0, 0.25, 1.35], "texture": "#0"},
				"up": {"uv": [0, 0, 0.9, 0.25], "texture": "#0"},
				"down": {"uv": [0, 0, 0.9, 0.25], "texture": "#0"}
			}
		},
		{
			"name": "octagon",
			"from": [7.73076, 10.2, -4.25],
			"to": [8.26924, 10.5, -4],
			"rotation": {"angle": 45, "axis": "z", "origin": [8, 9.85, -2.25]},
			"faces": {
				"north": {"uv": [4, 3, 4.53848, 3.3], "texture": "#0"},
				"east": {"uv": [4, 3, 4.25, 3.3], "texture": "#0"},
				"south": {"uv": [4, 3, 4.53848, 3.3], "texture": "#0"},
				"west": {"uv": [4, 3, 4.25, 3.3], "texture": "#0"},
				"up": {"uv": [4, 3, 4.53848, 3.25], "texture": "#0"},
				"down": {"uv": [4, 3, 4.53848, 3.25], "texture": "#0"}
			}
		},
		{
			"name": "octagon",
			"from": [7.73076, 7, -4.25],
			"to": [8.26924, 7.3, -4],
			"rotation": {"angle": 45, "axis": "z", "origin": [8, 7.65, -2.25]},
			"faces": {
				"north": {"uv": [4, 3, 4.53848, 3.3], "texture": "#0"},
				"east": {"uv": [4, 3, 4.25, 3.3], "texture": "#0"},
				"south": {"uv": [4, 3, 4.53848, 3.3], "texture": "#0"},
				"west": {"uv": [4, 3, 4.25, 3.3], "texture": "#0"},
				"up": {"uv": [4, 3, 4.53848, 3.25], "texture": "#0"},
				"down": {"uv": [4, 3, 4.53848, 3.25], "texture": "#0"}
			}
		},
		{
			"name": "octagon",
			"from": [7.73076, 7, -4.25],
			"to": [8.26924, 10.5, -4],
			"rotation": {"angle": 0, "axis": "y", "origin": [8, 7.65, -2.25]},
			"faces": {
				"north": {"uv": [4, 3, 4.53848, 6.5], "texture": "#0"},
				"east": {"uv": [4, 3, 4.25, 6.5], "texture": "#0"},
				"south": {"uv": [4, 3, 4.53848, 6.5], "texture": "#0"},
				"west": {"uv": [4, 3, 4.25, 6.5], "texture": "#0"},
				"up": {"uv": [4, 3, 4.53848, 3.25], "texture": "#0"},
				"down": {"uv": [4, 3, 4.53848, 3.25], "texture": "#0"}
			}
		},
		{
			"name": "octagon",
			"from": [7.35, 7.38076, -4.25],
			"to": [7.65, 7.91924, -4],
			"rotation": {"angle": 45, "axis": "z", "origin": [8, 7.65, -2.25]},
			"faces": {
				"north": {"uv": [4, 3, 4.3, 3.53848], "texture": "#0"},
				"east": {"uv": [4, 3, 4.25, 3.53848], "texture": "#0"},
				"south": {"uv": [4, 3, 4.3, 3.53848], "texture": "#0"},
				"west": {"uv": [4, 3, 4.25, 3.53848], "texture": "#0"},
				"up": {"uv": [4, 3, 4.3, 3.25], "texture": "#0"},
				"down": {"uv": [4, 3, 4.3, 3.25], "texture": "#0"}
			}
		},
		{
			"name": "octagon",
			"from": [8.35, 9.58076, -4.25],
			"to": [8.65, 10.11924, -4],
			"rotation": {"angle": 45, "axis": "z", "origin": [8, 9.85, -2.25]},
			"faces": {
				"north": {"uv": [4, 3, 4.3, 3.53848], "texture": "#0"},
				"east": {"uv": [4, 3, 4.25, 3.53848], "texture": "#0"},
				"south": {"uv": [4, 3, 4.3, 3.53848], "texture": "#0"},
				"west": {"uv": [4, 3, 4.25, 3.53848], "texture": "#0"},
				"up": {"uv": [4, 3, 4.3, 3.25], "texture": "#0"},
				"down": {"uv": [4, 3, 4.3, 3.25], "texture": "#0"}
			}
		},
		{
			"name": "octagon",
			"from": [7.35, 7.38076, -4.25],
			"to": [8.65, 10.11924, -4],
			"rotation": {"angle": 0, "axis": "y", "origin": [8, 7.65, -2.25]},
			"faces": {
				"north": {"uv": [4, 3, 5.3, 5.73848], "texture": "#0"},
				"east": {"uv": [4, 3, 4.25, 5.73848], "texture": "#0"},
				"south": {"uv": [4, 3, 5.3, 5.73848], "texture": "#0"},
				"west": {"uv": [4, 3, 4.25, 5.73848], "texture": "#0"},
				"up": {"uv": [4, 3, 5.3, 3.25], "texture": "#0"},
				"down": {"uv": [4, 3, 5.3, 3.25], "texture": "#0"}
			}
		},
		{
			"name": "octagon",
			"from": [7.35, 8.73076, 0.5],
			"to": [8.65, 10.11924, 0.75],
			"rotation": {"angle": 0, "axis": "y", "origin": [8, 7.65, -2]},
			"faces": {
				"north": {"uv": [0, 0, 1.3, 1.38848], "texture": "#0"},
				"east": {"uv": [0, 0, 0.25, 1.38848], "texture": "#0"},
				"south": {"uv": [0, 0, 1.3, 1.38848], "texture": "#0"},
				"west": {"uv": [0, 0, 0.25, 1.38848], "texture": "#0"},
				"up": {"uv": [0, 0, 1.3, 0.25], "texture": "#0"},
				"down": {"uv": [0, 0, 1.3, 0.25], "texture": "#0"}
			}
		},
		{
			"name": "octagon",
			"from": [8.35, 9.58076, 0.5],
			"to": [8.65, 10.11924, 0.75],
			"rotation": {"angle": 45, "axis": "z", "origin": [8, 9.85, -2]},
			"faces": {
				"north": {"uv": [0, 0, 0.3, 0.53848], "texture": "#0"},
				"east": {"uv": [0, 0, 0.25, 0.53848], "texture": "#0"},
				"south": {"uv": [0, 0, 0.3, 0.53848], "texture": "#0"},
				"west": {"uv": [0, 0, 0.25, 0.53848], "texture": "#0"},
				"up": {"uv": [0, 0, 0.3, 0.25], "texture": "#0"},
				"down": {"uv": [0, 0, 0.3, 0.25], "texture": "#0"}
			}
		},
		{
			"name": "octagon",
			"from": [7.73076, 10, 0.5],
			"to": [8.26924, 10.5, 0.75],
			"rotation": {"angle": 0, "axis": "y", "origin": [8, 7.65, -2]},
			"faces": {
				"north": {"uv": [0, 0, 0.53848, 0.5], "texture": "#0"},
				"east": {"uv": [0, 0, 0.25, 0.5], "texture": "#0"},
				"south": {"uv": [0, 0, 0.53848, 0.5], "texture": "#0"},
				"west": {"uv": [0, 0, 0.25, 0.5], "texture": "#0"},
				"up": {"uv": [0, 0, 0.53848, 0.25], "texture": "#0"},
				"down": {"uv": [0, 0, 0.53848, 0.25], "texture": "#0"}
			}
		},
		{
			"name": "octagon",
			"from": [7.73076, 10.2, 0.5],
			"to": [8.26924, 10.5, 0.75],
			"rotation": {"angle": 45, "axis": "z", "origin": [8, 9.85, -2]},
			"faces": {
				"north": {"uv": [0, 0, 0.53848, 0.3], "texture": "#0"},
				"east": {"uv": [0, 0, 0.25, 0.3], "texture": "#0"},
				"south": {"uv": [0, 0, 0.53848, 0.3], "texture": "#0"},
				"west": {"uv": [0, 0, 0.25, 0.3], "texture": "#0"},
				"up": {"uv": [0, 0, 0.53848, 0.25], "texture": "#0"},
				"down": {"uv": [0, 0, 0.53848, 0.25], "texture": "#0"}
			}
		},
		{
			"name": "octagon",
			"from": [7.35, 7.38076, 2.75],
			"to": [8.65, 8.51924, 3],
			"rotation": {"angle": 0, "axis": "y", "origin": [8, 9.85, 0.25]},
			"faces": {
				"north": {"uv": [0, 1.13848, 1.3, 0], "texture": "#0"},
				"east": {"uv": [0, 1.13848, 0.25, 0], "texture": "#0"},
				"south": {"uv": [0, 1.13848, 1.3, 0], "texture": "#0"},
				"west": {"uv": [0, 1.13848, 0.25, 0], "texture": "#0"},
				"up": {"uv": [0, 0.25, 1.3, 0], "texture": "#0"},
				"down": {"uv": [0, 0.25, 1.3, 0], "texture": "#0"}
			}
		},
		{
			"name": "octagon",
			"from": [8.35, 7.38076, 2.75],
			"to": [8.65, 7.91924, 3],
			"rotation": {"angle": -45, "axis": "z", "origin": [8, 7.65, 0.25]},
			"faces": {
				"north": {"uv": [0, 0.53848, 0.3, 0], "texture": "#0"},
				"east": {"uv": [0, 0.53848, 0.25, 0], "texture": "#0"},
				"south": {"uv": [0, 0.53848, 0.3, 0], "texture": "#0"},
				"west": {"uv": [0, 0.53848, 0.25, 0], "texture": "#0"},
				"up": {"uv": [0, 0.25, 0.3, 0], "texture": "#0"},
				"down": {"uv": [0, 0.25, 0.3, 0], "texture": "#0"}
			}
		},
		{
			"name": "octagon",
			"from": [7.73076, 7, 2.75],
			"to": [8.26924, 7.5, 3],
			"rotation": {"angle": 0, "axis": "y", "origin": [8, 9.85, 0.25]},
			"faces": {
				"north": {"uv": [0, 0.5, 0.53848, 0], "texture": "#0"},
				"east": {"uv": [0, 0.5, 0.25, 0], "texture": "#0"},
				"south": {"uv": [0, 0.5, 0.53848, 0], "texture": "#0"},
				"west": {"uv": [0, 0.5, 0.25, 0], "texture": "#0"},
				"up": {"uv": [0, 0.25, 0.53848, 0], "texture": "#0"},
				"down": {"uv": [0, 0.25, 0.53848, 0], "texture": "#0"}
			}
		},
		{
			"name": "octagon",
			"from": [7.73076, 7, 2.75],
			"to": [8.26924, 7.3, 3],
			"rotation": {"angle": -45, "axis": "z", "origin": [8, 7.65, 0.25]},
			"faces": {
				"north": {"uv": [0, 0.3, 0.53848, 0], "texture": "#0"},
				"east": {"uv": [0, 0.3, 0.25, 0], "texture": "#0"},
				"south": {"uv": [0, 0.3, 0.53848, 0], "texture": "#0"},
				"west": {"uv": [0, 0.3, 0.25, 0], "texture": "#0"},
				"up": {"uv": [0, 0.25, 0.53848, 0], "texture": "#0"},
				"down": {"uv": [0, 0.25, 0.53848, 0], "texture": "#0"}
			}
		},
		{
			"name": "octagon",
			"from": [7.73076, 10.2, -4],
			"to": [8.26924, 10.5, 0.5],
			"rotation": {"angle": 45, "axis": "z", "origin": [8, 9.85, -2]},
			"faces": {
				"north": {"uv": [14.7, 14.61152, 15.23848, 14.91152], "texture": "#0"},
				"east": {"uv": [9.25, 14.61152, 13.75, 14.91152], "texture": "#0"},
				"south": {"uv": [14.7, 14.61152, 15.23848, 14.91152], "texture": "#0"},
				"west": {"uv": [9.25, 14.61152, 13.75, 14.91152], "texture": "#0"},
				"up": {"uv": [14.7, 9.25, 15.23848, 13.75], "texture": "#0"},
				"down": {"uv": [14.7, 9.25, 15.23848, 13.75], "texture": "#0"}
			}
		},
		{
			"name": "octagon",
			"from": [7.73076, 10, -4],
			"to": [8.26924, 10.5, 0.5],
			"rotation": {"angle": 0, "axis": "y", "origin": [8, 7.65, -2]},
			"faces": {
				"north": {"uv": [14.7, 14.61152, 15.23848, 15.11152], "texture": "#0"},
				"east": {"uv": [9.25, 14.61152, 13.75, 15.11152], "texture": "#0"},
				"south": {"uv": [14.7, 14.61152, 15.23848, 15.11152], "texture": "#0"},
				"west": {"uv": [9.25, 14.61152, 13.75, 15.11152], "texture": "#0"},
				"up": {"uv": [14.7, 9.25, 15.23848, 13.75], "texture": "#0"},
				"down": {"uv": [14.7, 9.25, 15.23848, 13.75], "texture": "#0"}
			}
		},
		{
			"name": "octagon",
			"from": [8.35, 9.58076, -4],
			"to": [8.65, 10.11924, 0.5],
			"rotation": {"angle": 45, "axis": "z", "origin": [8, 9.85, -2]},
			"faces": {
				"north": {"uv": [14.7, 14.61152, 15, 15.15], "texture": "#0"},
				"east": {"uv": [9.25, 14.61152, 13.75, 15.15], "texture": "#0"},
				"south": {"uv": [14.7, 14.61152, 15, 15.15], "texture": "#0"},
				"west": {"uv": [9.25, 14.61152, 13.75, 15.15], "texture": "#0"},
				"up": {"uv": [14.7, 9.25, 15, 13.75], "texture": "#0"},
				"down": {"uv": [14.7, 9.25, 15, 13.75], "texture": "#0"}
			}
		},
		{
			"name": "octagon",
			"from": [7.35, 8.73076, -4],
			"to": [8.65, 10.11924, 0.5],
			"rotation": {"angle": 0, "axis": "y", "origin": [8, 7.65, -2]},
			"faces": {
				"north": {"uv": [14.7, 14.61152, 16, 16], "texture": "#0"},
				"east": {"uv": [9.25, 14.61152, 13.75, 16], "texture": "#0"},
				"south": {"uv": [14.7, 14.61152, 16, 16], "texture": "#0"},
				"west": {"uv": [9.25, 14.61152, 13.75, 16], "texture": "#0"},
				"up": {"uv": [14.7, 9.25, 16, 13.75], "texture": "#0"},
				"down": {"uv": [14.7, 9.25, 16, 13.75], "texture": "#0"}
			}
		},
		{
			"name": "octagon",
			"from": [7.73076, 7, -4],
			"to": [8.26924, 7.3, 2.75],
			"rotation": {"angle": -45, "axis": "z", "origin": [8, 7.65, -2]},
			"faces": {
				"north": {"uv": [14.7, 14.91152, 15.23848, 14.61152], "texture": "#0"},
				"east": {"uv": [9.25, 14.91152, 16, 14.61152], "texture": "#0"},
				"south": {"uv": [14.7, 14.91152, 15.23848, 14.61152], "texture": "#0"},
				"west": {"uv": [9.25, 14.91152, 16, 14.61152], "texture": "#0"},
				"up": {"uv": [14.7, 16, 15.23848, 9.25], "texture": "#0"},
				"down": {"uv": [14.7, 16, 15.23848, 9.25], "texture": "#0"}
			}
		},
		{
			"name": "octagon",
			"from": [7.73076, 7, -4],
			"to": [8.26924, 7.5, 2.75],
			"rotation": {"angle": 0, "axis": "z", "origin": [8, 9.85, -2]},
			"faces": {
				"north": {"uv": [14.7, 15.11152, 15.23848, 14.61152], "texture": "#0"},
				"east": {"uv": [9.25, 15.11152, 16, 14.61152], "texture": "#0"},
				"south": {"uv": [14.7, 15.11152, 15.23848, 14.61152], "texture": "#0"},
				"west": {"uv": [9.25, 15.11152, 16, 14.61152], "texture": "#0"},
				"up": {"uv": [14.7, 16, 15.23848, 9.25], "texture": "#0"},
				"down": {"uv": [14.7, 16, 15.23848, 9.25], "texture": "#0"}
			}
		},
		{
			"name": "octagon",
			"from": [8.35, 7.38076, -4],
			"to": [8.65, 7.91924, 2.75],
			"rotation": {"angle": -45, "axis": "z", "origin": [8, 7.65, -2]},
			"faces": {
				"north": {"uv": [14.7, 15.15, 15, 14.61152], "texture": "#0"},
				"east": {"uv": [9.25, 15.15, 16, 14.61152], "texture": "#0"},
				"south": {"uv": [14.7, 15.15, 15, 14.61152], "texture": "#0"},
				"west": {"uv": [9.25, 15.15, 16, 14.61152], "texture": "#0"},
				"up": {"uv": [14.7, 16, 15, 9.25], "texture": "#0"},
				"down": {"uv": [14.7, 16, 15, 9.25], "texture": "#0"}
			}
		},
		{
			"name": "octagon",
			"from": [7.35, 7.38076, -4],
			"to": [8.65, 8.51924, 2.75],
			"rotation": {"angle": 0, "axis": "y", "origin": [8, 9.85, -2]},
			"faces": {
				"north": {"uv": [14.7, 15.75, 16, 14.61152], "texture": "#0"},
				"east": {"uv": [9.25, 15.75, 16, 14.61152], "texture": "#0"},
				"south": {"uv": [14.7, 15.75, 16, 14.61152], "texture": "#0"},
				"west": {"uv": [9.25, 15.75, 16, 14.61152], "texture": "#0"},
				"up": {"uv": [14.7, 16, 16, 9.25], "texture": "#0"},
				"down": {"uv": [14.7, 16, 16, 9.25], "texture": "#0"}
			}
		},
		{
			"name": "octagon",
			"from": [7.76183, 7.275, -12.75],
			"to": [8.23817, 7.525, -4.25],
			"rotation": {"angle": 45, "axis": "z", "origin": [8, 7.85, -4.25]},
			"faces": {
				"north": {"uv": [2, 2, 2.47634, 2.25], "texture": "#0"},
				"east": {"uv": [2, 2, 10.5, 2.25], "texture": "#0"},
				"south": {"uv": [2, 2, 2.47634, 2.25], "texture": "#0"},
				"west": {"uv": [2, 2, 10.5, 2.25], "texture": "#0"},
				"up": {"uv": [2, 2, 10.5, 2.47634], "rotation": 90, "texture": "#0"},
				"down": {"uv": [2, 2, 10.5, 2.47634], "rotation": 90, "texture": "#0"}
			}
		},
		{
			"name": "octagon",
			"from": [7.76183, 7.275, -12.75],
			"to": [8.23817, 7.525, -4.25],
			"rotation": {"angle": 0, "axis": "z", "origin": [8, 7.85, -4.25]},
			"faces": {
				"north": {"uv": [2, 2, 2.47634, 2.25], "texture": "#0"},
				"east": {"uv": [2, 2, 10.5, 2.25], "texture": "#0"},
				"south": {"uv": [2, 2, 2.47634, 2.25], "texture": "#0"},
				"west": {"uv": [2, 2, 10.5, 2.25], "texture": "#0"},
				"up": {"uv": [2, 2, 10.5, 2.47634], "rotation": 90, "texture": "#0"},
				"down": {"uv": [2, 2, 10.5, 2.47634], "rotation": 90, "texture": "#0"}
			}
		},
		{
			"name": "octagon",
			"from": [7.76183, 8.175, -12.75],
			"to": [8.23817, 8.425, -4.25],
			"rotation": {"angle": 45, "axis": "z", "origin": [8, 7.85, -4.25]},
			"faces": {
				"north": {"uv": [2, 2, 2.47634, 2.25], "texture": "#0"},
				"east": {"uv": [2, 2, 10.5, 2.25], "texture": "#0"},
				"south": {"uv": [2, 2, 2.47634, 2.25], "texture": "#0"},
				"west": {"uv": [2, 2, 10.5, 2.25], "texture": "#0"},
				"up": {"uv": [2, 2, 10.5, 2.47634], "rotation": 90, "texture": "#0"},
				"down": {"uv": [2, 2, 10.5, 2.47634], "rotation": 90, "texture": "#0"}
			}
		},
		{
			"name": "octagon",
			"from": [7.76183, 8.175, -12.75],
			"to": [8.23817, 8.425, -4.25],
			"rotation": {"angle": 0, "axis": "z", "origin": [8, 7.85, -4.25]},
			"faces": {
				"north": {"uv": [2, 2, 2.47634, 2.25], "texture": "#0"},
				"east": {"uv": [2, 2, 10.5, 2.25], "texture": "#0"},
				"south": {"uv": [2, 2, 2.47634, 2.25], "texture": "#0"},
				"west": {"uv": [2, 2, 10.5, 2.25], "texture": "#0"},
				"up": {"uv": [2, 2, 10.5, 2.47634], "rotation": 90, "texture": "#0"},
				"down": {"uv": [2, 2, 10.5, 2.47634], "rotation": 90, "texture": "#0"}
			}
		},
		{
			"name": "octagon",
			"from": [7.425, 7.61183, -12.75],
			"to": [7.675, 8.08817, -4.25],
			"rotation": {"angle": 45, "axis": "z", "origin": [8, 7.85, -4.25]},
			"faces": {
				"north": {"uv": [2, 2, 2.25, 2.47634], "texture": "#0"},
				"east": {"uv": [2, 2, 10.5, 2.47634], "texture": "#0"},
				"south": {"uv": [2, 2, 2.25, 2.47634], "texture": "#0"},
				"west": {"uv": [2, 2, 10.5, 2.47634], "texture": "#0"},
				"up": {"uv": [2, 2, 10.5, 2.25], "rotation": 90, "texture": "#0"},
				"down": {"uv": [2, 2, 10.5, 2.25], "rotation": 90, "texture": "#0"}
			}
		},
		{
			"name": "octagon",
			"from": [7.425, 7.61183, -12.75],
			"to": [7.675, 8.08817, -4.25],
			"rotation": {"angle": 0, "axis": "z", "origin": [8, 7.85, -4.25]},
			"faces": {
				"north": {"uv": [2, 2, 2.25, 2.47634], "texture": "#0"},
				"east": {"uv": [2, 2, 10.5, 2.47634], "texture": "#0"},
				"south": {"uv": [2, 2, 2.25, 2.47634], "texture": "#0"},
				"west": {"uv": [2, 2, 10.5, 2.47634], "texture": "#0"},
				"up": {"uv": [2, 2, 10.5, 2.25], "rotation": 90, "texture": "#0"},
				"down": {"uv": [2, 2, 10.5, 2.25], "rotation": 90, "texture": "#0"}
			}
		},
		{
			"name": "octagon",
			"from": [8.325, 7.61183, -12.75],
			"to": [8.575, 8.08817, -4.25],
			"rotation": {"angle": 45, "axis": "z", "origin": [8, 7.85, -4.25]},
			"faces": {
				"north": {"uv": [2, 2, 2.25, 2.47634], "texture": "#0"},
				"east": {"uv": [2, 2, 10.5, 2.47634], "texture": "#0"},
				"south": {"uv": [2, 2, 2.25, 2.47634], "texture": "#0"},
				"west": {"uv": [2, 2, 10.5, 2.47634], "texture": "#0"},
				"up": {"uv": [2, 2, 10.5, 2.25], "rotation": 90, "texture": "#0"},
				"down": {"uv": [2, 2, 10.5, 2.25], "rotation": 90, "texture": "#0"}
			}
		},
		{
			"name": "octagon",
			"from": [8.325, 7.61183, -12.75],
			"to": [8.575, 8.08817, -4.25],
			"rotation": {"angle": 0, "axis": "z", "origin": [8, 7.85, -4.25]},
			"faces": {
				"north": {"uv": [2, 2, 2.25, 2.47634], "texture": "#0"},
				"east": {"uv": [2, 2, 10.5, 2.47634], "texture": "#0"},
				"south": {"uv": [2, 2, 2.25, 2.47634], "texture": "#0"},
				"west": {"uv": [2, 2, 10.5, 2.47634], "texture": "#0"},
				"up": {"uv": [2, 2, 10.5, 2.25], "rotation": 90, "texture": "#0"},
				"down": {"uv": [2, 2, 10.5, 2.25], "rotation": 90, "texture": "#0"}
			}
		},
		{
			"name": "octagon",
			"from": [7.76183, 8.925, -7.25],
			"to": [8.23817, 10.075, -4.25],
			"rotation": {"angle": 45, "axis": "z", "origin": [8, 9.5, -4.25]},
			"faces": {
				"north": {"uv": [6, 3, 6.47634, 4.15], "texture": "#0"},
				"east": {"uv": [6, 3, 9, 4.15], "texture": "#0"},
				"south": {"uv": [6, 3, 6.47634, 4.15], "texture": "#0"},
				"west": {"uv": [6, 3, 9, 4.15], "texture": "#0"},
				"up": {"uv": [6, 4, 6.47634, 7], "texture": "#0"},
				"down": {"uv": [6, 4, 6.47634, 7], "texture": "#0"}
			}
		},
		{
			"name": "octagon",
			"from": [7.76183, 8.925, -7.25],
			"to": [8.23817, 10.075, -4.25],
			"rotation": {"angle": 0, "axis": "y", "origin": [8, 9.5, -4.25]},
			"faces": {
				"north": {"uv": [6, 3, 6.47634, 4.15], "texture": "#0"},
				"east": {"uv": [6, 3, 9, 4.15], "texture": "#0"},
				"south": {"uv": [6, 3, 6.47634, 4.15], "texture": "#0"},
				"west": {"uv": [6, 3, 9, 4.15], "texture": "#0"},
				"up": {"uv": [6, 4, 6.47634, 7], "texture": "#0"},
				"down": {"uv": [6, 4, 6.47634, 7], "texture": "#0"}
			}
		},
		{
			"name": "octagon",
			"from": [7.425, 9.26183, -7.25],
			"to": [8.575, 9.73817, -4.25],
			"rotation": {"angle": 45, "axis": "z", "origin": [8, 9.5, -4.25]},
			"faces": {
				"north": {"uv": [6, 3, 7.15, 3.47634], "texture": "#0"},
				"east": {"uv": [6, 3, 9, 3.47634], "texture": "#0"},
				"south": {"uv": [6, 3, 7.15, 3.47634], "texture": "#0"},
				"west": {"uv": [6, 3, 9, 3.47634], "texture": "#0"},
				"up": {"uv": [6, 4, 7.15, 7], "texture": "#0"},
				"down": {"uv": [6, 4, 7.15, 7], "texture": "#0"}
			}
		},
		{
			"name": "octagon",
			"from": [7.425, 9.26183, -7.25],
			"to": [8.575, 9.73817, -4.25],
			"rotation": {"angle": 0, "axis": "y", "origin": [8, 9.5, -4.25]},
			"faces": {
				"north": {"uv": [6, 3, 7.15, 3.47634], "texture": "#0"},
				"east": {"uv": [6, 3, 9, 3.47634], "texture": "#0"},
				"south": {"uv": [6, 3, 7.15, 3.47634], "texture": "#0"},
				"west": {"uv": [6, 3, 9, 3.47634], "texture": "#0"},
				"up": {"uv": [6, 4, 7.15, 7], "texture": "#0"},
				"down": {"uv": [6, 4, 7.15, 7], "texture": "#0"}
			}
		},
		{
			"name": "octagon",
			"from": [7.525, 8.01183, -12],
			"to": [8.475, 8.63817, -10.65],
			"rotation": {"angle": 0, "axis": "y", "origin": [8, 9.5, -8.5]},
			"faces": {
				"north": {"uv": [8, 1, 8.95, 1.62634], "texture": "#0"},
				"east": {"uv": [8, 1, 9.35, 1.62634], "texture": "#0"},
				"south": {"uv": [8, 1, 8.95, 1.62634], "texture": "#0"},
				"west": {"uv": [8, 1, 9.35, 1.62634], "texture": "#0"},
				"up": {"uv": [8, 1, 8.95, 2.35], "texture": "#0"},
				"down": {"uv": [8, 1, 8.95, 2.35], "texture": "#0"}
			}
		},
		{
			"name": "octagon",
			"from": [7.525, 8.63817, -12],
			"to": [8.475, 10.13817, -11.25],
			"rotation": {"angle": 0, "axis": "y", "origin": [8, 9.5, -8.5]},
			"faces": {
				"north": {"uv": [8, 1, 8.95, 2.5], "texture": "#0"},
				"east": {"uv": [8, 1, 8.75, 2.5], "texture": "#0"},
				"south": {"uv": [8, 1, 8.95, 2.5], "texture": "#0"},
				"west": {"uv": [8, 1, 8.75, 2.5], "texture": "#0"},
				"up": {"uv": [8, 1, 8.95, 1.75], "texture": "#0"},
				"down": {"uv": [8, 1, 8.95, 1.75], "texture": "#0"}
			}
		},
		{
			"name": "octagon",
			"from": [7.525, 8.515, -11.575],
			"to": [8.475, 10.115, -10.975],
			"rotation": {"angle": -22.5, "axis": "x", "origin": [8, 9.38817, -11.125]},
			"faces": {
				"north": {"uv": [8, 1, 8.95, 2.6], "texture": "#0"},
				"east": {"uv": [8, 1, 8.6, 2.6], "texture": "#0"},
				"south": {"uv": [8, 1, 8.95, 2.6], "texture": "#0"},
				"west": {"uv": [8, 1, 8.6, 2.6], "texture": "#0"},
				"up": {"uv": [8, 1, 8.95, 1.6], "texture": "#0"},
				"down": {"uv": [8, 1, 8.95, 1.6], "texture": "#0"}
			}
		},
		{
			"name": "octagon",
			"from": [7.76183, 9.675, -7.75],
			"to": [8.23817, 10.075, -7.25],
			"rotation": {"angle": 45, "axis": "z", "origin": [8, 9.5, -4.25]},
			"faces": {
				"north": {"uv": [0, 0, 0.47634, 0.4], "texture": "#0"},
				"east": {"uv": [0, 0, 0.5, 0.4], "texture": "#0"},
				"south": {"uv": [0, 0, 0.47634, 0.4], "texture": "#0"},
				"west": {"uv": [0, 0, 0.5, 0.4], "texture": "#0"},
				"up": {"uv": [0, 0, 0.47634, 0.5], "texture": "#0"},
				"down": {"uv": [0, 0, 0.47634, 0.5], "texture": "#0"}
			}
		},
		{
			"name": "octagon",
			"from": [7.76183, 9.675, -7.75],
			"to": [8.23817, 10.075, -7.25],
			"rotation": {"angle": 0, "axis": "z", "origin": [8, 9.5, -4.25]},
			"faces": {
				"north": {"uv": [0, 0, 0.47634, 0.4], "texture": "#0"},
				"east": {"uv": [0, 0, 0.5, 0.4], "texture": "#0"},
				"south": {"uv": [0, 0, 0.47634, 0.4], "texture": "#0"},
				"west": {"uv": [0, 0, 0.5, 0.4], "texture": "#0"},
				"up": {"uv": [0, 0, 0.47634, 0.5], "texture": "#0"},
				"down": {"uv": [0, 0, 0.47634, 0.5], "texture": "#0"}
			}
		},
		{
			"name": "octagon",
			"from": [8.175, 9.26183, -7.75],
			"to": [8.575, 9.73817, -7.25],
			"rotation": {"angle": 45, "axis": "z", "origin": [8, 9.5, -4.25]},
			"faces": {
				"north": {"uv": [0, 0, 0.4, 0.47634], "texture": "#0"},
				"east": {"uv": [0, 0, 0.5, 0.47634], "texture": "#0"},
				"south": {"uv": [0, 0, 0.4, 0.47634], "texture": "#0"},
				"west": {"uv": [0, 0, 0.5, 0.47634], "texture": "#0"},
				"up": {"uv": [0, 0, 0.4, 0.5], "texture": "#0"},
				"down": {"uv": [0, 0, 0.4, 0.5], "texture": "#0"}
			}
		},
		{
			"name": "octagon",
			"from": [7.425, 8.01183, -7.75],
			"to": [8.575, 9.73817, -7.25],
			"rotation": {"angle": 0, "axis": "z", "origin": [8, 9.5, -4.25]},
			"faces": {
				"north": {"uv": [4, 4, 5.15, 5.72634], "texture": "#0"},
				"east": {"uv": [4, 4, 4.5, 5.72634], "texture": "#0"},
				"south": {"uv": [4, 4, 5.15, 5.72634], "texture": "#0"},
				"west": {"uv": [4, 4, 4.5, 5.72634], "texture": "#0"},
				"up": {"uv": [4, 4, 5.15, 4.5], "texture": "#0"},
				"down": {"uv": [4, 4, 5.15, 4.5], "texture": "#0"}
			}
		},
		{
			"name": "octagon",
			"from": [7.74112, 9.875, -12],
			"to": [8.25888, 10.125, -11.2],
			"rotation": {"angle": 45, "axis": "z", "origin": [8, 10.5, -10.5]},
			"faces": {
				"north": {"uv": [8, 1, 8.51776, 1.25], "texture": "#0"},
				"east": {"uv": [8, 1, 8.8, 1.25], "texture": "#0"},
				"south": {"uv": [8, 1, 8.51776, 1.25], "texture": "#0"},
				"west": {"uv": [8, 1, 8.8, 1.25], "texture": "#0"},
				"up": {"uv": [8, 1, 8.51776, 1.8], "texture": "#0"},
				"down": {"uv": [8, 1, 8.51776, 1.8], "texture": "#0"}
			}
		},
		{
			"name": "octagon",
			"from": [7.74112, 9.875, -12],
			"to": [8.25888, 10.125, -11.2],
			"rotation": {"angle": 0, "axis": "z", "origin": [8, 10.5, -10.5]},
			"faces": {
				"north": {"uv": [8, 1, 8.51776, 1.25], "texture": "#0"},
				"east": {"uv": [8, 1, 8.8, 1.25], "texture": "#0"},
				"south": {"uv": [8, 1, 8.51776, 1.25], "texture": "#0"},
				"west": {"uv": [8, 1, 8.8, 1.25], "texture": "#0"},
				"up": {"uv": [8, 1, 8.51776, 1.8], "texture": "#0"},
				"down": {"uv": [8, 1, 8.51776, 1.8], "texture": "#0"}
			}
		},
		{
			"name": "octagon",
			"from": [7.375, 10.24112, -12],
			"to": [7.625, 10.75888, -11.2],
			"rotation": {"angle": 45, "axis": "z", "origin": [8, 10.5, -10.5]},
			"faces": {
				"north": {"uv": [8, 1, 8.25, 1.51776], "texture": "#0"},
				"east": {"uv": [8, 1, 8.8, 1.51776], "texture": "#0"},
				"south": {"uv": [8, 1, 8.25, 1.51776], "texture": "#0"},
				"west": {"uv": [8, 1, 8.8, 1.51776], "texture": "#0"},
				"up": {"uv": [8, 1, 8.25, 1.8], "texture": "#0"},
				"down": {"uv": [8, 1, 8.25, 1.8], "texture": "#0"}
			}
		},
		{
			"name": "octagon",
			"from": [7.375, 10.24112, -12],
			"to": [7.625, 10.85888, -11.2],
			"rotation": {"angle": 0, "axis": "z", "origin": [8, 10.5, -10.5]},
			"faces": {
				"north": {"uv": [8, 1, 8.25, 1.61776], "texture": "#0"},
				"east": {"uv": [8, 1, 8.8, 1.61776], "texture": "#0"},
				"south": {"uv": [8, 1, 8.25, 1.61776], "texture": "#0"},
				"west": {"uv": [8, 1, 8.8, 1.61776], "texture": "#0"},
				"up": {"uv": [8, 1, 8.25, 1.8], "texture": "#0"},
				"down": {"uv": [8, 1, 8.25, 1.8], "texture": "#0"}
			}
		},
		{
			"name": "octagon",
			"from": [8.375, 10.24112, -12],
			"to": [8.625, 10.85888, -11.2],
			"rotation": {"angle": 0, "axis": "z", "origin": [8, 10.5, -10.5]},
			"faces": {
				"north": {"uv": [8, 1, 8.25, 1.61776], "texture": "#0"},
				"east": {"uv": [8, 1, 8.8, 1.61776], "texture": "#0"},
				"south": {"uv": [8, 1, 8.25, 1.61776], "texture": "#0"},
				"west": {"uv": [8, 1, 8.8, 1.61776], "texture": "#0"},
				"up": {"uv": [8, 1, 8.25, 1.8], "texture": "#0"},
				"down": {"uv": [8, 1, 8.25, 1.8], "texture": "#0"}
			}
		},
		{
			"name": "octagon",
			"from": [7.79289, 7.4, -12.35],
			"to": [8.20711, 8.4, -12.35],
			"rotation": {"angle": 45, "axis": "z", "origin": [8, 7.9, -10.35]},
			"faces": {
				"north": {"uv": [0, 12, 1, 13], "texture": "#0"},
				"east": {"uv": [0, 12, 1, 13], "texture": "#0"},
				"south": {"uv": [0, 12, 1, 13], "texture": "#0"},
				"west": {"uv": [0, 12, 1, 13], "texture": "#0"},
				"up": {"uv": [0, 12, 1, 13], "texture": "#0"},
				"down": {"uv": [0, 12, 1, 13], "texture": "#0"}
			}
		},
		{
			"name": "octagon",
			"from": [7.79289, 7.4, -12.35],
			"to": [8.20711, 8.4, -12.35],
			"rotation": {"angle": 0, "axis": "z", "origin": [8, 7.9, -10.35]},
			"faces": {
				"north": {"uv": [0, 12, 1, 13], "texture": "#0"},
				"east": {"uv": [0, 12, 1, 13], "texture": "#0"},
				"south": {"uv": [0, 12, 1, 13], "texture": "#0"},
				"west": {"uv": [0, 12, 1, 13], "texture": "#0"},
				"up": {"uv": [0, 12, 1, 13], "texture": "#0"},
				"down": {"uv": [0, 12, 1, 13], "texture": "#0"}
			}
		},
		{
			"name": "octagon",
			"from": [7.5, 7.69289, -12.35],
			"to": [8.5, 8.10711, -12.35],
			"rotation": {"angle": 45, "axis": "z", "origin": [8, 7.9, -10.35]},
			"faces": {
				"north": {"uv": [0, 12, 1, 13], "texture": "#0"},
				"east": {"uv": [0, 12, 1, 13], "texture": "#0"},
				"south": {"uv": [0, 12, 1, 13], "texture": "#0"},
				"west": {"uv": [0, 12, 1, 13], "texture": "#0"},
				"up": {"uv": [0, 12, 1, 13], "texture": "#0"},
				"down": {"uv": [0, 12, 1, 13], "texture": "#0"}
			}
		},
		{
			"name": "octagon",
			"from": [7.5, 7.69289, -12.35],
			"to": [8.5, 8.10711, -12.35],
			"rotation": {"angle": 0, "axis": "z", "origin": [8, 7.9, -10.35]},
			"faces": {
				"north": {"uv": [0, 12, 1, 13], "texture": "#0"},
				"east": {"uv": [0, 12, 1, 13], "texture": "#0"},
				"south": {"uv": [0, 12, 1, 13], "texture": "#0"},
				"west": {"uv": [0, 12, 1, 13], "texture": "#0"},
				"up": {"uv": [0, 12, 1, 13], "texture": "#0"},
				"down": {"uv": [0, 12, 1, 13], "texture": "#0"}
			}
		}
	],
	"display": {
		"thirdperson_righthand": {
			"translation": [0, 0, 1],
			"scale": [0.9, 0.9, 0.9]
		},
		"thirdperson_lefthand": {
			"translation": [0, 0, 1],
			"scale": [0.9, 0.9, 0.9]
		},
		"firstperson_righthand": {
			"rotation": [0, -10, 0],
			"translation": [1.1, 5, 1.25]
		},
		"firstperson_lefthand": {
			"rotation": [0, -10, 0],
			"translation": [1.1, 5, 1.25]
		},
		"ground": {
			"rotation": [0, 0, -90],
			"translation": [0, -1, 1.75],
			"scale": [0.7, 0.7, 0.7]
		},
		"gui": {
			"rotation": [21, 128, 0],
			"translation": [0.75, 1.25, 0]
		},
		"head": {
			"scale": [0.26, 0.83, 4]
		},
		"fixed": {
			"rotation": [0, -90, 0],
			"translation": [-2, 0, 0],
			"scale": [0.85, 0.85, 0.85]
		}
	},
	"groups": [
		{
			"name": "Stock",
			"origin": [8, 7, 20],
			"color": 3,
			"children": [0, 1, 2]
		},
		{
			"name": "Base",
			"origin": [8, 8.7, 15.1],
			"color": 0,
			"children": [
				3,
				4,
				5,
				6,
				7,
				{
					"name": "Below",
					"origin": [8, 1.7, 6.1],
					"color": 0,
					"children": [8, 9, 10, 11, 12, 13]
				}
			]
		},
		{
			"name": "Barrel",
			"origin": [7, 7, 9.75],
			"color": 0,
			"children": [
				14,
				{
					"name": "octagon",
					"origin": [8, 8, 8],
					"color": 0,
					"children": [15, 16, 17, 18, 19, 20]
				},
				{
					"name": "group",
					"origin": [8, 9.85, -2],
					"color": 0,
					"children": [21, 22, 23, 24]
				},
				{
					"name": "group",
					"origin": [8, 9.85, -2],
					"color": 0,
					"children": [25, 26, 27, 28]
				},
				{
					"name": "octagon",
					"origin": [8, 8, 8],
					"color": 3,
					"children": [29, 30, 31, 32]
				},
				{
					"name": "octagon",
					"origin": [8, 8, 8],
					"color": 3,
					"children": [33, 34, 35, 36]
				},
				{
					"name": "octagon",
					"origin": [8, 8, 8],
					"color": 0,
					"children": [37, 38, 39, 40, 41, 42, 43, 44]
				},
				{
					"name": "octagon",
					"origin": [8, 8, 8],
					"color": 0,
					"children": [45, 46, 47, 48]
				},
				{
					"name": "octagon",
					"origin": [8, 8, 8],
					"color": 0,
					"children": [49, 50, 51]
				},
				{
					"name": "group",
					"origin": [8, 9.5, -4.25],
					"color": 0,
					"children": [52, 53, 54, 55]
				},
				{
					"name": "octagon",
					"origin": [8, 8, 8],
					"color": 0,
					"children": [56, 57, 58, 59, 60]
				}
			]
		},
		{
			"name": "Hole",
			"origin": [8, 8, 8],
			"color": 9,
			"children": [61, 62, 63, 64]
		}
	]
}