{
	"format_version": "1.21.6",
	"credit": "Made with Blockbench",
	"textures": {
		"0": "modern_guns:item/fn_scar",
		"particle": "modern_guns:item/fn_scar"
	},
	"elements": [
		{
			"from": [7.102, 7.5, 12.75],
			"to": [8.898, 8.5, 14.75],
			"rotation": {"angle": 0, "axis": "y", "origin": [7, 5, 10]},
			"faces": {
				"north": {"uv": [0, 0, 1.796, 1], "texture": "#0"},
				"east": {"uv": [0, 0, 2, 1], "texture": "#0"},
				"south": {"uv": [0, 0, 1.796, 1], "texture": "#0"},
				"west": {"uv": [0, 0, 2, 1], "texture": "#0"},
				"up": {"uv": [0, 0, 1.796, 2], "texture": "#0"},
				"down": {"uv": [0, 0, 1.796, 2], "texture": "#0"}
			}
		},
		{
			"from": [7.35, 5.25, 16.75],
			"to": [8.65, 7.5, 21.75],
			"rotation": {"angle": 0, "axis": "y", "origin": [7, 5, 12]},
			"faces": {
				"north": {"uv": [0, 0, 1.3, 2.25], "texture": "#0"},
				"east": {"uv": [0, 0, 5, 2.25], "texture": "#0"},
				"south": {"uv": [0, 0, 1.3, 2.25], "texture": "#0"},
				"west": {"uv": [0, 0, 5, 2.25], "texture": "#0"},
				"up": {"uv": [0, 0, 1.3, 5], "texture": "#0"},
				"down": {"uv": [0, 0, 1.3, 5], "texture": "#0"}
			}
		},
		{
			"from": [7.1, 5.1, 12.75],
			"to": [8.9, 7.75, 17],
			"rotation": {"angle": 0, "axis": "y", "origin": [7, 5, 13]},
			"faces": {
				"north": {"uv": [0, 0, 1.8, 2.65], "texture": "#0"},
				"east": {"uv": [0, 0, 4.25, 2.65], "texture": "#0"},
				"south": {"uv": [0, 0, 1.8, 2.65], "texture": "#0"},
				"west": {"uv": [0, 0, 4.25, 2.65], "texture": "#0"},
				"up": {"uv": [0, 0, 1.8, 4.25], "texture": "#0"},
				"down": {"uv": [0, 0, 1.8, 4.25], "texture": "#0"}
			}
		},
		{
			"from": [7.101, 6.21, 14.09],
			"to": [8.899, 7.85, 16.34],
			"rotation": {"angle": 22.5, "axis": "x", "origin": [8, 6.525, 16.05]},
			"faces": {
				"north": {"uv": [0, 0, 1.798, 1.64], "texture": "#0"},
				"east": {"uv": [0, 0, 2.25, 1.64], "texture": "#0"},
				"south": {"uv": [0, 0, 1.798, 1.64], "texture": "#0"},
				"west": {"uv": [0, 0, 2.25, 1.64], "texture": "#0"},
				"up": {"uv": [0, 0, 1.798, 2.25], "texture": "#0"},
				"down": {"uv": [0, 0, 1.798, 2.25], "texture": "#0"}
			}
		},
		{
			"from": [7.351, 2.8, 20.35],
			"to": [8.651, 6.05, 21.75],
			"rotation": {"angle": 0, "axis": "y", "origin": [7, 5, 12.1]},
			"faces": {
				"north": {"uv": [0, 0, 1.3, 3.25], "texture": "#0"},
				"east": {"uv": [0, 0, 1.4, 3.25], "texture": "#0"},
				"south": {"uv": [0, 0, 1.3, 3.25], "texture": "#0"},
				"west": {"uv": [0, 0, 1.4, 3.25], "texture": "#0"},
				"up": {"uv": [0, 0, 1.3, 1.4], "texture": "#0"},
				"down": {"uv": [0, 0, 1.3, 1.4], "texture": "#0"}
			}
		},
		{
			"from": [7.25, 2.7, 21.75],
			"to": [8.75, 7.55, 22],
			"rotation": {"angle": 0, "axis": "y", "origin": [7, 5, 12.1]},
			"faces": {
				"north": {"uv": [14.5, 11.15, 16, 16], "texture": "#0"},
				"east": {"uv": [15.75, 11.15, 16, 16], "texture": "#0"},
				"south": {"uv": [14.5, 11.15, 16, 16], "texture": "#0"},
				"west": {"uv": [15.75, 11.15, 16, 16], "texture": "#0"},
				"up": {"uv": [14.5, 15.75, 16, 16], "texture": "#0"},
				"down": {"uv": [14.5, 15.75, 16, 16], "texture": "#0"}
			}
		},
		{
			"from": [7.352, 3.05, 20.1],
			"to": [8.652, 6.55, 21.6],
			"rotation": {"angle": -22.5, "axis": "x", "origin": [8, 3.55, 20.85]},
			"faces": {
				"north": {"uv": [0, 0, 1.3, 3.5], "rotation": 180, "texture": "#0"},
				"east": {"uv": [0, 0, 3.5, 1.5], "rotation": 270, "texture": "#0"},
				"south": {"uv": [0, 0, 1.3, 3.5], "texture": "#0"},
				"west": {"uv": [0, 0, 3.5, 1.5], "rotation": 90, "texture": "#0"},
				"up": {"uv": [0, 0, 1.3, 1.5], "rotation": 180, "texture": "#0"},
				"down": {"uv": [0, 0, 1.3, 1.5], "texture": "#0"}
			}
		},
		{
			"from": [7.35, 5, 5.25],
			"to": [8.65, 6, 12.75],
			"rotation": {"angle": 0, "axis": "y", "origin": [7, 5, 10]},
			"faces": {
				"north": {"uv": [0, 0, 1.3, 1], "texture": "#0"},
				"east": {"uv": [0, 0, 7.5, 1], "texture": "#0"},
				"south": {"uv": [0, 0, 1.3, 1], "texture": "#0"},
				"west": {"uv": [0, 0, 7.5, 1], "texture": "#0"},
				"up": {"uv": [0, 0, 1.3, 7.5], "texture": "#0"},
				"down": {"uv": [0, 0, 1.3, 7.5], "texture": "#0"}
			}
		},
		{
			"from": [7.35, 3, 5.25],
			"to": [8.65, 5, 8],
			"rotation": {"angle": 0, "axis": "y", "origin": [7, 5, 10]},
			"faces": {
				"north": {"uv": [0, 0, 1.3, 2], "texture": "#0"},
				"east": {"uv": [0, 0, 2.75, 2], "texture": "#0"},
				"south": {"uv": [0, 0, 1.3, 2], "texture": "#0"},
				"west": {"uv": [0, 0, 2.75, 2], "texture": "#0"},
				"up": {"uv": [0, 0, 1.3, 2.75], "texture": "#0"},
				"down": {"uv": [0, 0, 1.3, 2.75], "texture": "#0"}
			}
		},
		{
			"from": [7.45, 0, 5.35],
			"to": [8.55, 3, 7.9],
			"rotation": {"angle": 0, "axis": "y", "origin": [7, 5, 10]},
			"faces": {
				"north": {"uv": [14, 0, 15.1, 3], "texture": "#0"},
				"east": {"uv": [13.25, 0, 15.8, 3], "texture": "#0"},
				"south": {"uv": [14, 0, 15.1, 3], "texture": "#0"},
				"west": {"uv": [13.2, 0, 15.75, 3], "texture": "#0"},
				"up": {"uv": [14, 0, 15.1, 2.55], "texture": "#0"},
				"down": {"uv": [14, 0, 15.1, 2.55], "texture": "#0"}
			}
		},
		{
			"from": [7.7, 2.75, 7.9],
			"to": [8.3, 3.25, 10.5],
			"rotation": {"angle": 0, "axis": "y", "origin": [7, 5, 10]},
			"faces": {
				"north": {"uv": [0, 0, 0.6, 0.5], "texture": "#0"},
				"east": {"uv": [0, 0, 2.6, 0.5], "texture": "#0"},
				"south": {"uv": [0, 0, 0.6, 0.5], "texture": "#0"},
				"west": {"uv": [0, 0, 2.6, 0.5], "texture": "#0"},
				"up": {"uv": [0, 0, 0.6, 2.6], "texture": "#0"},
				"down": {"uv": [0, 0, 0.6, 2.6], "texture": "#0"}
			}
		},
		{
			"from": [7.85, 3.5, 9.25],
			"to": [8.15, 5, 10.25],
			"rotation": {"angle": 0, "axis": "y", "origin": [7, 5, 10]},
			"faces": {
				"north": {"uv": [15.7, 14.5, 16, 16], "texture": "#0"},
				"east": {"uv": [15, 14.5, 16, 16], "texture": "#0"},
				"south": {"uv": [15.7, 14.5, 16, 16], "texture": "#0"},
				"west": {"uv": [15, 14.5, 16, 16], "texture": "#0"},
				"up": {"uv": [15.7, 15, 16, 16], "texture": "#0"},
				"down": {"uv": [15.7, 15, 16, 16], "texture": "#0"}
			}
		},
		{
			"from": [7.351, 0.75, 10],
			"to": [8.649, 5.75, 12],
			"rotation": {"angle": -22.5, "axis": "x", "origin": [8, 3.75, 11]},
			"faces": {
				"north": {"uv": [0, 0, 1.298, 5], "texture": "#0"},
				"east": {"uv": [0, 0, 2, 5], "texture": "#0"},
				"south": {"uv": [0, 0, 1.298, 5], "texture": "#0"},
				"west": {"uv": [0, 0, 2, 5], "texture": "#0"},
				"up": {"uv": [0, 0, 1.298, 2], "texture": "#0"},
				"down": {"uv": [0, 0, 1.298, 2], "texture": "#0"}
			}
		},
		{
			"from": [7.35, 7.5, 4.75],
			"to": [8.65, 8.5, 12.75],
			"rotation": {"angle": 0, "axis": "y", "origin": [7, 5, 10]},
			"faces": {
				"north": {"uv": [0, 0, 1.3, 1], "texture": "#0"},
				"east": {"uv": [0, 0, 8, 1], "texture": "#0"},
				"south": {"uv": [0, 0, 1.3, 1], "texture": "#0"},
				"west": {"uv": [0, 0, 8, 1], "texture": "#0"},
				"up": {"uv": [0, 0, 1.3, 8], "texture": "#0"},
				"down": {"uv": [0, 0, 1.3, 8], "texture": "#0"}
			}
		},
		{
			"from": [7.1, 6, -3.75],
			"to": [8.9, 7.5, 4.75],
			"rotation": {"angle": 0, "axis": "y", "origin": [7, 5, 10]},
			"faces": {
				"north": {"uv": [0, 0, 1.8, 1.5], "texture": "#0"},
				"east": {"uv": [0, 0, 8.5, 1.5], "texture": "#0"},
				"south": {"uv": [0, 0, 1.8, 1.5], "texture": "#0"},
				"west": {"uv": [0, 0, 8.5, 1.5], "texture": "#0"},
				"up": {"uv": [0, 0, 1.8, 8.5], "texture": "#0"},
				"down": {"uv": [0, 0, 1.8, 8.5], "texture": "#0"}
			}
		},
		{
			"from": [7.35, 7.5, -3.75],
			"to": [8.65, 8.5, 4.75],
			"rotation": {"angle": 0, "axis": "y", "origin": [7, 5, 10]},
			"faces": {
				"north": {"uv": [0, 0, 1.3, 1], "texture": "#0"},
				"east": {"uv": [0, 0, 8.5, 1], "texture": "#0"},
				"south": {"uv": [0, 0, 1.3, 1], "texture": "#0"},
				"west": {"uv": [0, 0, 8.5, 1], "texture": "#0"},
				"up": {"uv": [0, 0, 1.3, 8.5], "texture": "#0"},
				"down": {"uv": [0, 0, 1.3, 8.5], "texture": "#0"}
			}
		},
		{
			"name": "octagon",
			"from": [7.25, 8.49467, 10.275],
			"to": [8.75, 8.80533, 11.025],
			"rotation": {"angle": 45, "axis": "x", "origin": [8, 8.65, 10.65]},
			"faces": {
				"north": {"uv": [14.5, 15.25, 16, 15.56066], "texture": "#0"},
				"east": {"uv": [14, 15.25, 14.75, 15.56066], "texture": "#0"},
				"south": {"uv": [14.5, 15.25, 16, 15.56066], "texture": "#0"},
				"west": {"uv": [14, 15.25, 14.75, 15.56066], "texture": "#0"},
				"up": {"uv": [14.5, 15, 16, 15.75], "texture": "#0"},
				"down": {"uv": [14.5, 15, 16, 15.75], "texture": "#0"}
			}
		},
		{
			"name": "octagon",
			"from": [7.25, 8.49467, 10.275],
			"to": [8.75, 8.80533, 11.025],
			"rotation": {"angle": 0, "axis": "y", "origin": [8, 8.65, 10.65]},
			"faces": {
				"north": {"uv": [14.5, 15.25, 16, 15.56066], "texture": "#0"},
				"east": {"uv": [14, 15.25, 14.75, 15.56066], "texture": "#0"},
				"south": {"uv": [14.5, 15.25, 16, 15.56066], "texture": "#0"},
				"west": {"uv": [14, 15.25, 14.75, 15.56066], "texture": "#0"},
				"up": {"uv": [14.5, 15, 16, 15.75], "texture": "#0"},
				"down": {"uv": [14.5, 15, 16, 15.75], "texture": "#0"}
			}
		},
		{
			"name": "octagon",
			"from": [7.25, 8.275, 10.49467],
			"to": [8.75, 9.025, 10.80533],
			"rotation": {"angle": 45, "axis": "x", "origin": [8, 8.65, 10.65]},
			"faces": {
				"north": {"uv": [14.5, 15.25, 16, 16], "texture": "#0"},
				"east": {"uv": [14, 15.25, 14.31066, 16], "texture": "#0"},
				"south": {"uv": [14.5, 15.25, 16, 16], "texture": "#0"},
				"west": {"uv": [14, 15.25, 14.31066, 16], "texture": "#0"},
				"up": {"uv": [14.5, 15, 16, 15.31066], "texture": "#0"},
				"down": {"uv": [14.5, 15, 16, 15.31066], "texture": "#0"}
			}
		},
		{
			"name": "octagon",
			"from": [7.25, 8.275, 10.49467],
			"to": [8.75, 9.025, 10.80533],
			"rotation": {"angle": 0, "axis": "y", "origin": [8, 8.65, 10.65]},
			"faces": {
				"north": {"uv": [14.5, 15.25, 16, 16], "texture": "#0"},
				"east": {"uv": [14, 15.25, 14.31066, 16], "texture": "#0"},
				"south": {"uv": [14.5, 15.25, 16, 16], "texture": "#0"},
				"west": {"uv": [14, 15.25, 14.31066, 16], "texture": "#0"},
				"up": {"uv": [14.5, 15, 16, 15.31066], "texture": "#0"},
				"down": {"uv": [14.5, 15, 16, 15.31066], "texture": "#0"}
			}
		},
		{
			"from": [7.4, 8.25, 9.3],
			"to": [8.6, 8.75, 11.3],
			"rotation": {"angle": 0, "axis": "y", "origin": [7, 6.25, 10]},
			"faces": {
				"north": {"uv": [14.5, 14.25, 15.7, 14.75], "texture": "#0"},
				"east": {"uv": [14, 14.25, 16, 14.75], "texture": "#0"},
				"south": {"uv": [14.5, 14.25, 15.7, 14.75], "texture": "#0"},
				"west": {"uv": [14, 14.25, 16, 14.75], "texture": "#0"},
				"up": {"uv": [14.5, 14, 15.7, 16], "texture": "#0"},
				"down": {"uv": [14.5, 14, 15.7, 16], "texture": "#0"}
			}
		},
		{
			"from": [7.1, 6, 4.75],
			"to": [8.9, 7.5, 12.75],
			"rotation": {"angle": 0, "axis": "y", "origin": [7, 5, 10]},
			"faces": {
				"north": {"uv": [0, 0, 1.8, 1.5], "texture": "#0"},
				"east": {"uv": [0, 0, 8, 1.5], "texture": "#0"},
				"south": {"uv": [0, 0, 1.8, 1.5], "texture": "#0"},
				"west": {"uv": [0, 0, 8, 1.5], "texture": "#0"},
				"up": {"uv": [0, 0, 1.8, 8], "texture": "#0"},
				"down": {"uv": [0, 0, 1.8, 8], "texture": "#0"}
			}
		},
		{
			"from": [7.09, 6.45, 5],
			"to": [7.09, 7.05, 9],
			"rotation": {"angle": 0, "axis": "y", "origin": [7, 5.1, 18.5]},
			"faces": {
				"north": {"uv": [0, 0, 0, 0.6], "texture": "#0"},
				"east": {"uv": [9, 13, 13, 13.6], "texture": "#0"},
				"south": {"uv": [0, 0, 0, 0.6], "texture": "#0"},
				"west": {"uv": [9, 13, 13, 13.6], "texture": "#0"},
				"up": {"uv": [0, 0, 0, 4], "texture": "#0"},
				"down": {"uv": [0, 0, 0, 4], "texture": "#0"}
			}
		},
		{
			"from": [7.35, 5.5, -3.75],
			"to": [8.65, 6, 4.75],
			"rotation": {"angle": 0, "axis": "y", "origin": [7, 5, 10]},
			"faces": {
				"north": {"uv": [14.7, 15.5, 16, 16], "texture": "#0"},
				"east": {"uv": [7.5, 15.5, 16, 16], "texture": "#0"},
				"south": {"uv": [14.7, 15.5, 16, 16], "texture": "#0"},
				"west": {"uv": [7.5, 15.5, 16, 16], "texture": "#0"},
				"up": {"uv": [14.7, 7.5, 16, 16], "texture": "#0"},
				"down": {"uv": [14.7, 7.5, 16, 16], "texture": "#0"}
			}
		},
		{
			"from": [6.85, 6.25, -3.5],
			"to": [7.1, 7.25, 1.5],
			"rotation": {"angle": 0, "axis": "y", "origin": [7, 5, 10]},
			"faces": {
				"north": {"uv": [15.75, 15, 16, 16], "texture": "#0"},
				"east": {"uv": [11, 15, 16, 16], "texture": "#0"},
				"south": {"uv": [15.75, 15, 16, 16], "texture": "#0"},
				"west": {"uv": [11, 15, 16, 16], "texture": "#0"},
				"up": {"uv": [15.75, 11, 16, 16], "texture": "#0"},
				"down": {"uv": [15.75, 11, 16, 16], "texture": "#0"}
			}
		},
		{
			"from": [8.85, 6.25, -3.5],
			"to": [9.1, 7.25, 1.5],
			"rotation": {"angle": 0, "axis": "y", "origin": [9, 5, 10]},
			"faces": {
				"north": {"uv": [15.75, 15, 16, 16], "texture": "#0"},
				"east": {"uv": [11, 15, 16, 16], "texture": "#0"},
				"south": {"uv": [15.75, 15, 16, 16], "texture": "#0"},
				"west": {"uv": [11, 15, 16, 16], "texture": "#0"},
				"up": {"uv": [15.75, 11, 16, 16], "texture": "#0"},
				"down": {"uv": [15.75, 11, 16, 16], "texture": "#0"}
			}
		},
		{
			"name": "octagon",
			"from": [7.74112, 9.025, -4.2],
			"to": [8.25888, 9.275, -3.7],
			"rotation": {"angle": 45, "axis": "z", "origin": [8, 9.65, -2.2]},
			"faces": {
				"north": {"uv": [15.48223, 15.48223, 16, 15.73223], "texture": "#0"},
				"east": {"uv": [15.5, 15.48223, 16, 15.73223], "texture": "#0"},
				"south": {"uv": [15.48223, 15.48223, 16, 15.73223], "texture": "#0"},
				"west": {"uv": [15.5, 15.48223, 16, 15.73223], "texture": "#0"},
				"up": {"uv": [15.48223, 15.5, 16, 16], "texture": "#0"},
				"down": {"uv": [15.48223, 15.5, 16, 16], "texture": "#0"}
			}
		},
		{
			"name": "octagon",
			"from": [7.74112, 9.025, -4.2],
			"to": [8.25888, 9.275, -3.7],
			"rotation": {"angle": 0, "axis": "z", "origin": [8, 9.65, -2.2]},
			"faces": {
				"north": {"uv": [15.48223, 15.48223, 16, 15.73223], "texture": "#0"},
				"east": {"uv": [15.5, 15.48223, 16, 15.73223], "texture": "#0"},
				"south": {"uv": [15.48223, 15.48223, 16, 15.73223], "texture": "#0"},
				"west": {"uv": [15.5, 15.48223, 16, 15.73223], "texture": "#0"},
				"up": {"uv": [15.48223, 15.5, 16, 16], "texture": "#0"},
				"down": {"uv": [15.48223, 15.5, 16, 16], "texture": "#0"}
			}
		},
		{
			"name": "octagon",
			"from": [7.74112, 10.025, -4.2],
			"to": [8.25888, 10.275, -3.7],
			"rotation": {"angle": 45, "axis": "z", "origin": [8, 9.65, -2.2]},
			"faces": {
				"north": {"uv": [15.48223, 15.48223, 16, 15.73223], "texture": "#0"},
				"east": {"uv": [15.5, 15.48223, 16, 15.73223], "texture": "#0"},
				"south": {"uv": [15.48223, 15.48223, 16, 15.73223], "texture": "#0"},
				"west": {"uv": [15.5, 15.48223, 16, 15.73223], "texture": "#0"},
				"up": {"uv": [15.48223, 15.5, 16, 16], "texture": "#0"},
				"down": {"uv": [15.48223, 15.5, 16, 16], "texture": "#0"}
			}
		},
		{
			"name": "octagon",
			"from": [7.74112, 10.025, -4.2],
			"to": [8.25888, 10.275, -3.7],
			"rotation": {"angle": 0, "axis": "z", "origin": [8, 9.65, -2.2]},
			"faces": {
				"north": {"uv": [15.48223, 15.48223, 16, 15.73223], "texture": "#0"},
				"east": {"uv": [15.5, 15.48223, 16, 15.73223], "texture": "#0"},
				"south": {"uv": [15.48223, 15.48223, 16, 15.73223], "texture": "#0"},
				"west": {"uv": [15.5, 15.48223, 16, 15.73223], "texture": "#0"},
				"up": {"uv": [15.48223, 15.5, 16, 16], "texture": "#0"},
				"down": {"uv": [15.48223, 15.5, 16, 16], "texture": "#0"}
			}
		},
		{
			"name": "octagon",
			"from": [7.375, 9.39112, -4.2],
			"to": [7.625, 9.90888, -3.7],
			"rotation": {"angle": 45, "axis": "z", "origin": [8, 9.65, -2.2]},
			"faces": {
				"north": {"uv": [15.48223, 15.48223, 15.73223, 16], "texture": "#0"},
				"east": {"uv": [15.5, 15.48223, 16, 16], "texture": "#0"},
				"south": {"uv": [15.48223, 15.48223, 15.73223, 16], "texture": "#0"},
				"west": {"uv": [15.5, 15.48223, 16, 16], "texture": "#0"},
				"up": {"uv": [15.48223, 15.5, 15.73223, 16], "texture": "#0"},
				"down": {"uv": [15.48223, 15.5, 15.73223, 16], "texture": "#0"}
			}
		},
		{
			"name": "octagon",
			"from": [7.375, 9.39112, -4.2],
			"to": [7.625, 9.90888, -3.7],
			"rotation": {"angle": 0, "axis": "z", "origin": [8, 9.65, -2.2]},
			"faces": {
				"north": {"uv": [15.48223, 15.48223, 15.73223, 16], "texture": "#0"},
				"east": {"uv": [15.5, 15.48223, 16, 16], "texture": "#0"},
				"south": {"uv": [15.48223, 15.48223, 15.73223, 16], "texture": "#0"},
				"west": {"uv": [15.5, 15.48223, 16, 16], "texture": "#0"},
				"up": {"uv": [15.48223, 15.5, 15.73223, 16], "texture": "#0"},
				"down": {"uv": [15.48223, 15.5, 15.73223, 16], "texture": "#0"}
			}
		},
		{
			"name": "octagon",
			"from": [8.375, 9.39112, -4.2],
			"to": [8.625, 9.90888, -3.7],
			"rotation": {"angle": 45, "axis": "z", "origin": [8, 9.65, -2.2]},
			"faces": {
				"north": {"uv": [15.48223, 15.48223, 15.73223, 16], "texture": "#0"},
				"east": {"uv": [15.5, 15.48223, 16, 16], "texture": "#0"},
				"south": {"uv": [15.48223, 15.48223, 15.73223, 16], "texture": "#0"},
				"west": {"uv": [15.5, 15.48223, 16, 16], "texture": "#0"},
				"up": {"uv": [15.48223, 15.5, 15.73223, 16], "texture": "#0"},
				"down": {"uv": [15.48223, 15.5, 15.73223, 16], "texture": "#0"}
			}
		},
		{
			"name": "octagon",
			"from": [8.375, 9.39112, -4.2],
			"to": [8.625, 9.90888, -3.7],
			"rotation": {"angle": 0, "axis": "z", "origin": [8, 9.65, -2.2]},
			"faces": {
				"north": {"uv": [15.48223, 15.48223, 15.73223, 16], "texture": "#0"},
				"east": {"uv": [15.5, 15.48223, 16, 16], "texture": "#0"},
				"south": {"uv": [15.48223, 15.48223, 15.73223, 16], "texture": "#0"},
				"west": {"uv": [15.5, 15.48223, 16, 16], "texture": "#0"},
				"up": {"uv": [15.48223, 15.5, 15.73223, 16], "texture": "#0"},
				"down": {"uv": [15.48223, 15.5, 15.73223, 16], "texture": "#0"}
			}
		},
		{
			"name": "octagon",
			"from": [7.60147, 8.05, -4.2],
			"to": [8.39853, 9.2, -3.7],
			"rotation": {"angle": 0, "axis": "y", "origin": [8, 7.7, -5.7]},
			"faces": {
				"north": {"uv": [15, 14.5, 15.79706, 16], "texture": "#0"},
				"east": {"uv": [11, 14.5, 11.5, 16], "texture": "#0"},
				"south": {"uv": [15, 14.5, 15.79706, 16], "texture": "#0"},
				"west": {"uv": [11, 14.5, 11.5, 16], "texture": "#0"},
				"up": {"uv": [15, 11, 15.79706, 11.5], "texture": "#0"},
				"down": {"uv": [15, 11, 15.79706, 11.5], "texture": "#0"}
			}
		},
		{
			"name": "octagon",
			"from": [7.75147, 7.1, -4.7],
			"to": [8.24853, 7.35, -3.7],
			"rotation": {"angle": 45, "axis": "z", "origin": [8, 7.7, -5.7]},
			"faces": {
				"north": {"uv": [15, 15, 15.49706, 15.25], "texture": "#0"},
				"east": {"uv": [11, 15, 12, 15.25], "texture": "#0"},
				"south": {"uv": [15, 15, 15.49706, 15.25], "texture": "#0"},
				"west": {"uv": [11, 15, 12, 15.25], "texture": "#0"},
				"up": {"uv": [15, 11, 15.49706, 12], "texture": "#0"},
				"down": {"uv": [15, 11, 15.49706, 12], "texture": "#0"}
			}
		},
		{
			"name": "octagon",
			"from": [7.75147, 7.1, -4.7],
			"to": [8.24853, 8.1, -3.7],
			"rotation": {"angle": 0, "axis": "y", "origin": [8, 7.7, -5.7]},
			"faces": {
				"north": {"uv": [15, 15, 15.49706, 16], "texture": "#0"},
				"east": {"uv": [11, 15, 12, 16], "texture": "#0"},
				"south": {"uv": [15, 15, 15.49706, 16], "texture": "#0"},
				"west": {"uv": [11, 15, 12, 16], "texture": "#0"},
				"up": {"uv": [15, 11, 15.49706, 12], "texture": "#0"},
				"down": {"uv": [15, 11, 15.49706, 12], "texture": "#0"}
			}
		},
		{
			"name": "octagon",
			"from": [7.75147, 8.05, -4.7],
			"to": [8.24853, 8.3, -3.7],
			"rotation": {"angle": 45, "axis": "z", "origin": [8, 7.7, -5.7]},
			"faces": {
				"north": {"uv": [15, 15, 15.49706, 15.25], "texture": "#0"},
				"east": {"uv": [11, 15, 12, 15.25], "texture": "#0"},
				"south": {"uv": [15, 15, 15.49706, 15.25], "texture": "#0"},
				"west": {"uv": [11, 15, 12, 15.25], "texture": "#0"},
				"up": {"uv": [15, 11, 15.49706, 12], "texture": "#0"},
				"down": {"uv": [15, 11, 15.49706, 12], "texture": "#0"}
			}
		},
		{
			"name": "octagon",
			"from": [7.75147, 8.05, -4.7],
			"to": [8.24853, 8.3, -3.7],
			"rotation": {"angle": 0, "axis": "y", "origin": [8, 7.7, -5.7]},
			"faces": {
				"north": {"uv": [15, 15, 15.49706, 15.25], "texture": "#0"},
				"east": {"uv": [11, 15, 12, 15.25], "texture": "#0"},
				"south": {"uv": [15, 15, 15.49706, 15.25], "texture": "#0"},
				"west": {"uv": [11, 15, 12, 15.25], "texture": "#0"},
				"up": {"uv": [15, 11, 15.49706, 12], "texture": "#0"},
				"down": {"uv": [15, 11, 15.49706, 12], "texture": "#0"}
			}
		},
		{
			"name": "octagon",
			"from": [7.4, 7.45147, -4.7],
			"to": [7.65, 7.94853, -3.7],
			"rotation": {"angle": 45, "axis": "z", "origin": [8, 7.7, -5.7]},
			"faces": {
				"north": {"uv": [15, 15, 15.25, 15.49706], "texture": "#0"},
				"east": {"uv": [11, 15, 12, 15.49706], "texture": "#0"},
				"south": {"uv": [15, 15, 15.25, 15.49706], "texture": "#0"},
				"west": {"uv": [11, 15, 12, 15.49706], "texture": "#0"},
				"up": {"uv": [15, 11, 15.25, 12], "texture": "#0"},
				"down": {"uv": [15, 11, 15.25, 12], "texture": "#0"}
			}
		},
		{
			"name": "octagon",
			"from": [7.4, 7.45147, -4.7],
			"to": [8.4, 7.94853, -3.7],
			"rotation": {"angle": 0, "axis": "y", "origin": [8, 7.7, -5.7]},
			"faces": {
				"north": {"uv": [15, 15, 16, 15.49706], "texture": "#0"},
				"east": {"uv": [11, 15, 12, 15.49706], "texture": "#0"},
				"south": {"uv": [15, 15, 16, 15.49706], "texture": "#0"},
				"west": {"uv": [11, 15, 12, 15.49706], "texture": "#0"},
				"up": {"uv": [15, 11, 16, 12], "texture": "#0"},
				"down": {"uv": [15, 11, 16, 12], "texture": "#0"}
			}
		},
		{
			"name": "octagon",
			"from": [8.35, 7.45147, -4.7],
			"to": [8.6, 7.94853, -3.7],
			"rotation": {"angle": 45, "axis": "z", "origin": [8, 7.7, -5.7]},
			"faces": {
				"north": {"uv": [15, 15, 15.25, 15.49706], "texture": "#0"},
				"east": {"uv": [11, 15, 12, 15.49706], "texture": "#0"},
				"south": {"uv": [15, 15, 15.25, 15.49706], "texture": "#0"},
				"west": {"uv": [11, 15, 12, 15.49706], "texture": "#0"},
				"up": {"uv": [15, 11, 15.25, 12], "texture": "#0"},
				"down": {"uv": [15, 11, 15.25, 12], "texture": "#0"}
			}
		},
		{
			"name": "octagon",
			"from": [8.35, 7.45147, -4.7],
			"to": [8.6, 7.94853, -3.7],
			"rotation": {"angle": 0, "axis": "y", "origin": [8, 7.7, -5.7]},
			"faces": {
				"north": {"uv": [15, 15, 15.25, 15.49706], "texture": "#0"},
				"east": {"uv": [11, 15, 12, 15.49706], "texture": "#0"},
				"south": {"uv": [15, 15, 15.25, 15.49706], "texture": "#0"},
				"west": {"uv": [11, 15, 12, 15.49706], "texture": "#0"},
				"up": {"uv": [15, 11, 15.25, 12], "texture": "#0"},
				"down": {"uv": [15, 11, 15.25, 12], "texture": "#0"}
			}
		},
		{
			"name": "octagon",
			"from": [7.75147, 6.1, -4.7],
			"to": [8.24853, 6.35, -3.7],
			"rotation": {"angle": 45, "axis": "z", "origin": [8, 6.7, -5.7]},
			"faces": {
				"north": {"uv": [15, 15, 15.49706, 15.25], "texture": "#0"},
				"east": {"uv": [11, 15, 12, 15.25], "texture": "#0"},
				"south": {"uv": [15, 15, 15.49706, 15.25], "texture": "#0"},
				"west": {"uv": [11, 15, 12, 15.25], "texture": "#0"},
				"up": {"uv": [15, 11, 15.49706, 12], "texture": "#0"},
				"down": {"uv": [15, 11, 15.49706, 12], "texture": "#0"}
			}
		},
		{
			"name": "octagon",
			"from": [7.75147, 6.1, -4.7],
			"to": [8.24853, 6.35, -3.7],
			"rotation": {"angle": 0, "axis": "z", "origin": [8, 6.7, -5.7]},
			"faces": {
				"north": {"uv": [15, 15, 15.49706, 15.25], "texture": "#0"},
				"east": {"uv": [11, 15, 12, 15.25], "texture": "#0"},
				"south": {"uv": [15, 15, 15.49706, 15.25], "texture": "#0"},
				"west": {"uv": [11, 15, 12, 15.25], "texture": "#0"},
				"up": {"uv": [15, 11, 15.49706, 12], "texture": "#0"},
				"down": {"uv": [15, 11, 15.49706, 12], "texture": "#0"}
			}
		},
		{
			"name": "octagon",
			"from": [7.75147, 7.05, -4.7],
			"to": [8.24853, 7.3, -3.7],
			"rotation": {"angle": 45, "axis": "z", "origin": [8, 6.7, -5.7]},
			"faces": {
				"north": {"uv": [15, 15, 15.49706, 15.25], "texture": "#0"},
				"east": {"uv": [11, 15, 12, 15.25], "texture": "#0"},
				"south": {"uv": [15, 15, 15.49706, 15.25], "texture": "#0"},
				"west": {"uv": [11, 15, 12, 15.25], "texture": "#0"},
				"up": {"uv": [15, 11, 15.49706, 12], "texture": "#0"},
				"down": {"uv": [15, 11, 15.49706, 12], "texture": "#0"}
			}
		},
		{
			"name": "octagon",
			"from": [7.75147, 7.05, -4.7],
			"to": [8.24853, 7.3, -3.7],
			"rotation": {"angle": 0, "axis": "z", "origin": [8, 6.7, -5.7]},
			"faces": {
				"north": {"uv": [15, 15, 15.49706, 15.25], "texture": "#0"},
				"east": {"uv": [11, 15, 12, 15.25], "texture": "#0"},
				"south": {"uv": [15, 15, 15.49706, 15.25], "texture": "#0"},
				"west": {"uv": [11, 15, 12, 15.25], "texture": "#0"},
				"up": {"uv": [15, 11, 15.49706, 12], "texture": "#0"},
				"down": {"uv": [15, 11, 15.49706, 12], "texture": "#0"}
			}
		},
		{
			"name": "octagon",
			"from": [7.4, 6.45147, -4.7],
			"to": [7.65, 6.94853, -3.7],
			"rotation": {"angle": 45, "axis": "z", "origin": [8, 6.7, -5.7]},
			"faces": {
				"north": {"uv": [15, 15, 15.25, 15.49706], "texture": "#0"},
				"east": {"uv": [11, 15, 12, 15.49706], "texture": "#0"},
				"south": {"uv": [15, 15, 15.25, 15.49706], "texture": "#0"},
				"west": {"uv": [11, 15, 12, 15.49706], "texture": "#0"},
				"up": {"uv": [15, 11, 15.25, 12], "texture": "#0"},
				"down": {"uv": [15, 11, 15.25, 12], "texture": "#0"}
			}
		},
		{
			"name": "octagon",
			"from": [7.4, 6.45147, -4.7],
			"to": [7.65, 6.94853, -3.7],
			"rotation": {"angle": 0, "axis": "z", "origin": [8, 6.7, -5.7]},
			"faces": {
				"north": {"uv": [15, 15, 15.25, 15.49706], "texture": "#0"},
				"east": {"uv": [11, 15, 12, 15.49706], "texture": "#0"},
				"south": {"uv": [15, 15, 15.25, 15.49706], "texture": "#0"},
				"west": {"uv": [11, 15, 12, 15.49706], "texture": "#0"},
				"up": {"uv": [15, 11, 15.25, 12], "texture": "#0"},
				"down": {"uv": [15, 11, 15.25, 12], "texture": "#0"}
			}
		},
		{
			"name": "octagon",
			"from": [8.35, 6.45147, -4.7],
			"to": [8.6, 6.94853, -3.7],
			"rotation": {"angle": 45, "axis": "z", "origin": [8, 6.7, -5.7]},
			"faces": {
				"north": {"uv": [15, 15, 15.25, 15.49706], "texture": "#0"},
				"east": {"uv": [11, 15, 12, 15.49706], "texture": "#0"},
				"south": {"uv": [15, 15, 15.25, 15.49706], "texture": "#0"},
				"west": {"uv": [11, 15, 12, 15.49706], "texture": "#0"},
				"up": {"uv": [15, 11, 15.25, 12], "texture": "#0"},
				"down": {"uv": [15, 11, 15.25, 12], "texture": "#0"}
			}
		},
		{
			"name": "octagon",
			"from": [8.35, 6.45147, -4.7],
			"to": [8.6, 6.94853, -3.7],
			"rotation": {"angle": 0, "axis": "z", "origin": [8, 6.7, -5.7]},
			"faces": {
				"north": {"uv": [15, 15, 15.25, 15.49706], "texture": "#0"},
				"east": {"uv": [11, 15, 12, 15.49706], "texture": "#0"},
				"south": {"uv": [15, 15, 15.25, 15.49706], "texture": "#0"},
				"west": {"uv": [11, 15, 12, 15.49706], "texture": "#0"},
				"up": {"uv": [15, 11, 15.25, 12], "texture": "#0"},
				"down": {"uv": [15, 11, 15.25, 12], "texture": "#0"}
			}
		},
		{
			"name": "octagon",
			"from": [7.75147, 6.1, -12.95],
			"to": [8.24853, 6.35, -9.45],
			"rotation": {"angle": 45, "axis": "z", "origin": [8, 6.7, -12.45]},
			"faces": {
				"north": {"uv": [15, 15, 15.49706, 15.25], "texture": "#0"},
				"east": {"uv": [11, 15, 14.5, 15.25], "texture": "#0"},
				"south": {"uv": [15, 15, 15.49706, 15.25], "texture": "#0"},
				"west": {"uv": [11, 15, 14.5, 15.25], "texture": "#0"},
				"up": {"uv": [15, 11, 15.49706, 14.5], "texture": "#0"},
				"down": {"uv": [15, 11, 15.49706, 14.5], "texture": "#0"}
			}
		},
		{
			"name": "octagon",
			"from": [7.75147, 6.1, -12.95],
			"to": [8.24853, 6.35, -9.45],
			"rotation": {"angle": 0, "axis": "y", "origin": [8, 6.7, -12.45]},
			"faces": {
				"north": {"uv": [15, 15, 15.49706, 15.25], "texture": "#0"},
				"east": {"uv": [11, 15, 14.5, 15.25], "texture": "#0"},
				"south": {"uv": [15, 15, 15.49706, 15.25], "texture": "#0"},
				"west": {"uv": [11, 15, 14.5, 15.25], "texture": "#0"},
				"up": {"uv": [15, 11, 15.49706, 14.5], "texture": "#0"},
				"down": {"uv": [15, 11, 15.49706, 14.5], "texture": "#0"}
			}
		},
		{
			"name": "octagon",
			"from": [7.75147, 7.05, -12.95],
			"to": [8.24853, 7.3, -9.45],
			"rotation": {"angle": 45, "axis": "z", "origin": [8, 6.7, -12.45]},
			"faces": {
				"north": {"uv": [15, 15, 15.49706, 15.25], "texture": "#0"},
				"east": {"uv": [11, 15, 14.5, 15.25], "texture": "#0"},
				"south": {"uv": [15, 15, 15.49706, 15.25], "texture": "#0"},
				"west": {"uv": [11, 15, 14.5, 15.25], "texture": "#0"},
				"up": {"uv": [15, 11, 15.49706, 14.5], "texture": "#0"},
				"down": {"uv": [15, 11, 15.49706, 14.5], "texture": "#0"}
			}
		},
		{
			"name": "octagon",
			"from": [7.75147, 7.05, -12.95],
			"to": [8.24853, 7.3, -9.45],
			"rotation": {"angle": 0, "axis": "y", "origin": [8, 6.7, -12.45]},
			"faces": {
				"north": {"uv": [15, 15, 15.49706, 15.25], "texture": "#0"},
				"east": {"uv": [11, 15, 14.5, 15.25], "texture": "#0"},
				"south": {"uv": [15, 15, 15.49706, 15.25], "texture": "#0"},
				"west": {"uv": [11, 15, 14.5, 15.25], "texture": "#0"},
				"up": {"uv": [15, 11, 15.49706, 14.5], "texture": "#0"},
				"down": {"uv": [15, 11, 15.49706, 14.5], "texture": "#0"}
			}
		},
		{
			"name": "octagon",
			"from": [7.4, 6.45147, -12.95],
			"to": [7.65, 6.94853, -9.45],
			"rotation": {"angle": 45, "axis": "z", "origin": [8, 6.7, -12.45]},
			"faces": {
				"north": {"uv": [15, 15, 15.25, 15.49706], "texture": "#0"},
				"east": {"uv": [11, 15, 14.5, 15.49706], "texture": "#0"},
				"south": {"uv": [15, 15, 15.25, 15.49706], "texture": "#0"},
				"west": {"uv": [11, 15, 14.5, 15.49706], "texture": "#0"},
				"up": {"uv": [15, 11, 15.25, 14.5], "texture": "#0"},
				"down": {"uv": [15, 11, 15.25, 14.5], "texture": "#0"}
			}
		},
		{
			"name": "octagon",
			"from": [7.4, 6.45147, -12.95],
			"to": [7.65, 6.94853, -9.45],
			"rotation": {"angle": 0, "axis": "y", "origin": [8, 6.7, -12.45]},
			"faces": {
				"north": {"uv": [15, 15, 15.25, 15.49706], "texture": "#0"},
				"east": {"uv": [11, 15, 14.5, 15.49706], "texture": "#0"},
				"south": {"uv": [15, 15, 15.25, 15.49706], "texture": "#0"},
				"west": {"uv": [11, 15, 14.5, 15.49706], "texture": "#0"},
				"up": {"uv": [15, 11, 15.25, 14.5], "texture": "#0"},
				"down": {"uv": [15, 11, 15.25, 14.5], "texture": "#0"}
			}
		},
		{
			"name": "octagon",
			"from": [8.35, 6.45147, -12.95],
			"to": [8.6, 6.94853, -9.45],
			"rotation": {"angle": 45, "axis": "z", "origin": [8, 6.7, -12.45]},
			"faces": {
				"north": {"uv": [15, 15, 15.25, 15.49706], "texture": "#0"},
				"east": {"uv": [11, 15, 14.5, 15.49706], "texture": "#0"},
				"south": {"uv": [15, 15, 15.25, 15.49706], "texture": "#0"},
				"west": {"uv": [11, 15, 14.5, 15.49706], "texture": "#0"},
				"up": {"uv": [15, 11, 15.25, 14.5], "texture": "#0"},
				"down": {"uv": [15, 11, 15.25, 14.5], "texture": "#0"}
			}
		},
		{
			"name": "octagon",
			"from": [8.35, 6.45147, -12.95],
			"to": [8.6, 6.94853, -9.45],
			"rotation": {"angle": 0, "axis": "y", "origin": [8, 6.7, -12.45]},
			"faces": {
				"north": {"uv": [15, 15, 15.25, 15.49706], "texture": "#0"},
				"east": {"uv": [11, 15, 14.5, 15.49706], "texture": "#0"},
				"south": {"uv": [15, 15, 15.25, 15.49706], "texture": "#0"},
				"west": {"uv": [11, 15, 14.5, 15.49706], "texture": "#0"},
				"up": {"uv": [15, 11, 15.25, 14.5], "texture": "#0"},
				"down": {"uv": [15, 11, 15.25, 14.5], "texture": "#0"}
			}
		},
		{
			"name": "octagon",
			"from": [7.8136, 6.2, -9.5],
			"to": [8.1864, 6.45, -4.5],
			"rotation": {"angle": 45, "axis": "z", "origin": [8, 6.65, -6.5]},
			"faces": {
				"north": {"uv": [15, 15, 15.3728, 15.25], "texture": "#0"},
				"east": {"uv": [11, 15, 16, 15.25], "texture": "#0"},
				"south": {"uv": [15, 15, 15.3728, 15.25], "texture": "#0"},
				"west": {"uv": [11, 15, 16, 15.25], "texture": "#0"},
				"up": {"uv": [15, 11, 15.3728, 16], "texture": "#0"},
				"down": {"uv": [15, 11, 15.3728, 16], "texture": "#0"}
			}
		},
		{
			"name": "octagon",
			"from": [7.8136, 6.2, -9.5],
			"to": [8.1864, 6.45, -4.5],
			"rotation": {"angle": 0, "axis": "z", "origin": [8, 6.65, -6.5]},
			"faces": {
				"north": {"uv": [15, 15, 15.3728, 15.25], "texture": "#0"},
				"east": {"uv": [11, 15, 16, 15.25], "texture": "#0"},
				"south": {"uv": [15, 15, 15.3728, 15.25], "texture": "#0"},
				"west": {"uv": [11, 15, 16, 15.25], "texture": "#0"},
				"up": {"uv": [15, 11, 15.3728, 16], "texture": "#0"},
				"down": {"uv": [15, 11, 15.3728, 16], "texture": "#0"}
			}
		},
		{
			"name": "octagon",
			"from": [7.8136, 6.85, -9.5],
			"to": [8.1864, 7.1, -4.5],
			"rotation": {"angle": 45, "axis": "z", "origin": [8, 6.65, -6.5]},
			"faces": {
				"north": {"uv": [15, 15, 15.3728, 15.25], "texture": "#0"},
				"east": {"uv": [11, 15, 16, 15.25], "texture": "#0"},
				"south": {"uv": [15, 15, 15.3728, 15.25], "texture": "#0"},
				"west": {"uv": [11, 15, 16, 15.25], "texture": "#0"},
				"up": {"uv": [15, 11, 15.3728, 16], "texture": "#0"},
				"down": {"uv": [15, 11, 15.3728, 16], "texture": "#0"}
			}
		},
		{
			"name": "octagon",
			"from": [7.8136, 6.85, -9.5],
			"to": [8.1864, 7.1, -4.5],
			"rotation": {"angle": 0, "axis": "z", "origin": [8, 6.65, -6.5]},
			"faces": {
				"north": {"uv": [15, 15, 15.3728, 15.25], "texture": "#0"},
				"east": {"uv": [11, 15, 16, 15.25], "texture": "#0"},
				"south": {"uv": [15, 15, 15.3728, 15.25], "texture": "#0"},
				"west": {"uv": [11, 15, 16, 15.25], "texture": "#0"},
				"up": {"uv": [15, 11, 15.3728, 16], "texture": "#0"},
				"down": {"uv": [15, 11, 15.3728, 16], "texture": "#0"}
			}
		},
		{
			"name": "octagon",
			"from": [7.55, 6.4636, -9.5],
			"to": [7.8, 6.8364, -4.5],
			"rotation": {"angle": 45, "axis": "z", "origin": [8, 6.65, -6.5]},
			"faces": {
				"north": {"uv": [15, 15, 15.25, 15.3728], "texture": "#0"},
				"east": {"uv": [11, 15, 16, 15.3728], "texture": "#0"},
				"south": {"uv": [15, 15, 15.25, 15.3728], "texture": "#0"},
				"west": {"uv": [11, 15, 16, 15.3728], "texture": "#0"},
				"up": {"uv": [15, 11, 15.25, 16], "texture": "#0"},
				"down": {"uv": [15, 11, 15.25, 16], "texture": "#0"}
			}
		},
		{
			"name": "octagon",
			"from": [7.55, 6.4636, -9.5],
			"to": [7.8, 6.8364, -4.5],
			"rotation": {"angle": 0, "axis": "z", "origin": [8, 6.65, -6.5]},
			"faces": {
				"north": {"uv": [15, 15, 15.25, 15.3728], "texture": "#0"},
				"east": {"uv": [11, 15, 16, 15.3728], "texture": "#0"},
				"south": {"uv": [15, 15, 15.25, 15.3728], "texture": "#0"},
				"west": {"uv": [11, 15, 16, 15.3728], "texture": "#0"},
				"up": {"uv": [15, 11, 15.25, 16], "texture": "#0"},
				"down": {"uv": [15, 11, 15.25, 16], "texture": "#0"}
			}
		},
		{
			"name": "octagon",
			"from": [8.2, 6.4636, -9.5],
			"to": [8.45, 6.8364, -4.5],
			"rotation": {"angle": 45, "axis": "z", "origin": [8, 6.65, -6.5]},
			"faces": {
				"north": {"uv": [15, 15, 15.25, 15.3728], "texture": "#0"},
				"east": {"uv": [11, 15, 16, 15.3728], "texture": "#0"},
				"south": {"uv": [15, 15, 15.25, 15.3728], "texture": "#0"},
				"west": {"uv": [11, 15, 16, 15.3728], "texture": "#0"},
				"up": {"uv": [15, 11, 15.25, 16], "texture": "#0"},
				"down": {"uv": [15, 11, 15.25, 16], "texture": "#0"}
			}
		},
		{
			"name": "octagon",
			"from": [8.2, 6.4636, -9.5],
			"to": [8.45, 6.8364, -4.5],
			"rotation": {"angle": 0, "axis": "z", "origin": [8, 6.65, -6.5]},
			"faces": {
				"north": {"uv": [15, 15, 15.25, 15.3728], "texture": "#0"},
				"east": {"uv": [11, 15, 16, 15.3728], "texture": "#0"},
				"south": {"uv": [15, 15, 15.25, 15.3728], "texture": "#0"},
				"west": {"uv": [11, 15, 16, 15.3728], "texture": "#0"},
				"up": {"uv": [15, 11, 15.25, 16], "texture": "#0"},
				"down": {"uv": [15, 11, 15.25, 16], "texture": "#0"}
			}
		},
		{
			"name": "octagon",
			"from": [7.83431, 6.3, -12.65],
			"to": [8.16569, 7.1, -12.65],
			"rotation": {"angle": 45, "axis": "z", "origin": [8, 6.7, -10.65]},
			"faces": {
				"north": {"uv": [7, 13, 7.33138, 13.8], "texture": "#0"},
				"east": {"uv": [7, 13, 7, 13.8], "texture": "#0"},
				"south": {"uv": [7, 13, 7.33138, 13.8], "texture": "#0"},
				"west": {"uv": [7, 13, 7, 13.8], "texture": "#0"},
				"up": {"uv": [7, 13, 7.33138, 13], "texture": "#0"},
				"down": {"uv": [7, 13, 7.33138, 13], "texture": "#0"}
			}
		},
		{
			"name": "octagon",
			"from": [7.83431, 6.3, -12.65],
			"to": [8.16569, 7.1, -12.65],
			"rotation": {"angle": 0, "axis": "z", "origin": [8, 6.7, -10.65]},
			"faces": {
				"north": {"uv": [7, 13, 7.33138, 13.8], "texture": "#0"},
				"east": {"uv": [7, 13, 7, 13.8], "texture": "#0"},
				"south": {"uv": [7, 13, 7.33138, 13.8], "texture": "#0"},
				"west": {"uv": [7, 13, 7, 13.8], "texture": "#0"},
				"up": {"uv": [7, 13, 7.33138, 13], "texture": "#0"},
				"down": {"uv": [7, 13, 7.33138, 13], "texture": "#0"}
			}
		},
		{
			"name": "octagon",
			"from": [7.6, 6.53431, -12.65],
			"to": [8.4, 6.86569, -12.65],
			"rotation": {"angle": 45, "axis": "z", "origin": [8, 6.7, -10.65]},
			"faces": {
				"north": {"uv": [7, 13, 7.8, 13.33138], "texture": "#0"},
				"east": {"uv": [7, 13, 7, 13.33138], "texture": "#0"},
				"south": {"uv": [7, 13, 7.8, 13.33138], "texture": "#0"},
				"west": {"uv": [7, 13, 7, 13.33138], "texture": "#0"},
				"up": {"uv": [7, 13, 7.8, 13], "texture": "#0"},
				"down": {"uv": [7, 13, 7.8, 13], "texture": "#0"}
			}
		},
		{
			"name": "octagon",
			"from": [7.6, 6.53431, -12.65],
			"to": [8.4, 6.86569, -12.65],
			"rotation": {"angle": 0, "axis": "z", "origin": [8, 6.7, -10.65]},
			"faces": {
				"north": {"uv": [7, 13, 7.8, 13.33138], "texture": "#0"},
				"east": {"uv": [7, 13, 7, 13.33138], "texture": "#0"},
				"south": {"uv": [7, 13, 7.8, 13.33138], "texture": "#0"},
				"west": {"uv": [7, 13, 7, 13.33138], "texture": "#0"},
				"up": {"uv": [7, 13, 7.8, 13], "texture": "#0"},
				"down": {"uv": [7, 13, 7.8, 13], "texture": "#0"}
			}
		}
	],
	"display": {
		"thirdperson_righthand": {
			"translation": [0, 3, -0.75]
		},
		"thirdperson_lefthand": {
			"translation": [0, 3, -0.75]
		},
		"firstperson_righthand": {
			"rotation": [0, -10, 0],
			"translation": [1, 16.2, 2],
			"scale": [1, 1, 0.75]
		},
		"firstperson_lefthand": {
			"rotation": [0, -10, 0],
			"translation": [1, 5.5, 1.25]
		},
		"ground": {
			"rotation": [0, 0, -90],
			"translation": [2.25, 0, -0.5],
			"scale": [0.8, 0.8, 0.8]
		},
		"gui": {
			"rotation": [21, 128, 0],
			"translation": [-0.5, 2.5, 0]
		},
		"head": {
			"translation": [0, 0, -15.5],
			"scale": [4, 4, 0.8]
		},
		"fixed": {
			"rotation": [0, -90, 0],
			"translation": [0.25, 2, 0.25]
		}
	},
	"groups": [
		{
			"name": "Stock",
			"origin": [8, 3.55, 20.85],
			"color": 3,
			"children": [0, 1, 2, 3, 4, 5, 6]
		},
		{
			"name": "Handle and Mag",
			"origin": [8, 3.75, 11],
			"color": 3,
			"children": [7, 8, 9, 10, 11, 12]
		},
		{
			"name": "Gun Base",
			"origin": [9, 5, 10],
			"color": 3,
			"children": [13, 14, 15, 16, 17, 18, 19, 20, 21, 22, 23, 24, 25]
		},
		{
			"name": "Barrel",
			"origin": [8, 8, 8],
			"color": 3,
			"children": [
				{
					"name": "Sight",
					"origin": [8, 8, 8],
					"color": 0,
					"children": [26, 27, 28, 29, 30, 31, 32, 33, 34]
				},
				{
					"name": "octagon",
					"origin": [8, 8, 8],
					"color": 3,
					"children": [35, 36, 37, 38, 39, 40, 41, 42]
				},
				{
					"name": "octagon",
					"origin": [8, 8, 8],
					"color": 3,
					"children": [
						43,
						44,
						45,
						46,
						47,
						48,
						49,
						50,
						{
							"name": "octagon",
							"origin": [8, 8, 8],
							"color": 3,
							"children": [51, 52, 53, 54, 55, 56, 57, 58]
						}
					]
				},
				{
					"name": "octagon",
					"origin": [8, 8, 8],
					"color": 3,
					"children": [59, 60, 61, 62, 63, 64, 65, 66]
				},
				{
					"name": "octagon",
					"origin": [8, 8, 8],
					"color": 3,
					"children": [67, 68, 69, 70]
				}
			]
		}
	]
}