{
	"format_version": "1.21.6",
	"credit": "Made with Blockbench",
	"textures": {
		"0": "modern_guns:item/revolvers",
		"particle": "modern_guns:item/revolvers"
	},
	"elements": [
		{
			"from": [7.85, 2.93806, 10.09134],
			"to": [8.15, 4.53806, 10.89134],
			"rotation": {"angle": 0, "axis": "y", "origin": [8, 5.28806, 12.14134]},
			"faces": {
				"north": {"uv": [5, 0, 5.3, 1.6], "texture": "#0"},
				"east": {"uv": [5, 0, 5.8, 1.6], "texture": "#0"},
				"south": {"uv": [5, 0, 5.3, 1.6], "texture": "#0"},
				"west": {"uv": [5, 0, 5.8, 1.6], "texture": "#0"},
				"up": {"uv": [5, 0, 5.3, 0.8], "texture": "#0"},
				"down": {"uv": [5, 0, 5.3, 0.8], "texture": "#0"}
			}
		},
		{
			"from": [7.499, 1, 10.5],
			"to": [8.501, 4, 12],
			"rotation": {"angle": -22.5, "axis": "x", "origin": [8, 3.5, 11]},
			"faces": {
				"north": {"uv": [0, 4, 1.002, 7], "texture": "#0"},
				"east": {"uv": [0, 4, 1.5, 7], "texture": "#0"},
				"south": {"uv": [0, 4, 1.002, 7], "texture": "#0"},
				"west": {"uv": [0, 4, 1.5, 7], "texture": "#0"},
				"up": {"uv": [0, 4, 1.002, 5.5], "texture": "#0"},
				"down": {"uv": [0, 4, 1.002, 5.5], "texture": "#0"}
			}
		},
		{
			"name": "octagon",
			"from": [7.75, 2.75472, 9.025],
			"to": [8.25, 3.64528, 9.325],
			"rotation": {"angle": 45, "axis": "x", "origin": [8, 3.2, 10.1]},
			"faces": {
				"north": {"uv": [0, 0, 0.5, 0.89056], "texture": "#0"},
				"east": {"uv": [0, 0, 0.3, 0.89056], "texture": "#0"},
				"south": {"uv": [0, 0, 0.5, 0.89056], "texture": "#0"},
				"west": {"uv": [0, 0, 0.3, 0.89056], "texture": "#0"},
				"up": {"uv": [0, 0, 0.5, 0.3], "texture": "#0"},
				"down": {"uv": [0, 0, 0.5, 0.3], "texture": "#0"}
			}
		},
		{
			"name": "octagon",
			"from": [7.75, 2.75472, 9.025],
			"to": [8.25, 3.64528, 9.325],
			"rotation": {"angle": 0, "axis": "x", "origin": [8, 3.2, 10.1]},
			"faces": {
				"north": {"uv": [0, 0, 0.5, 0.89056], "texture": "#0"},
				"east": {"uv": [0, 0, 0.3, 0.89056], "texture": "#0"},
				"south": {"uv": [0, 0, 0.5, 0.89056], "texture": "#0"},
				"west": {"uv": [0, 0, 0.3, 0.89056], "texture": "#0"},
				"up": {"uv": [0, 0, 0.5, 0.3], "texture": "#0"},
				"down": {"uv": [0, 0, 0.5, 0.3], "texture": "#0"}
			}
		},
		{
			"name": "octagon",
			"from": [7.75, 2.75472, 10.875],
			"to": [8.25, 3.64528, 11.175],
			"rotation": {"angle": 45, "axis": "x", "origin": [8, 3.2, 10.1]},
			"faces": {
				"north": {"uv": [0, 0, 0.5, 0.89056], "texture": "#0"},
				"east": {"uv": [0, 0, 0.3, 0.89056], "texture": "#0"},
				"south": {"uv": [0, 0, 0.5, 0.89056], "texture": "#0"},
				"west": {"uv": [0, 0, 0.3, 0.89056], "texture": "#0"},
				"up": {"uv": [0, 0, 0.5, 0.3], "texture": "#0"},
				"down": {"uv": [0, 0, 0.5, 0.3], "texture": "#0"}
			}
		},
		{
			"name": "octagon",
			"from": [7.75, 2.125, 9.65472],
			"to": [8.25, 2.425, 10.54528],
			"rotation": {"angle": 45, "axis": "x", "origin": [8, 3.2, 10.1]},
			"faces": {
				"north": {"uv": [0, 0, 0.5, 0.3], "texture": "#0"},
				"east": {"uv": [0, 0, 0.89056, 0.3], "texture": "#0"},
				"south": {"uv": [0, 0, 0.5, 0.3], "texture": "#0"},
				"west": {"uv": [0, 0, 0.89056, 0.3], "texture": "#0"},
				"up": {"uv": [0, 0, 0.5, 0.89056], "texture": "#0"},
				"down": {"uv": [0, 0, 0.5, 0.89056], "texture": "#0"}
			}
		},
		{
			"name": "octagon",
			"from": [7.75, 2.125, 9.65472],
			"to": [8.25, 2.425, 10.54528],
			"rotation": {"angle": 0, "axis": "x", "origin": [8, 3.2, 10.1]},
			"faces": {
				"north": {"uv": [0, 0, 0.5, 0.3], "texture": "#0"},
				"east": {"uv": [0, 0, 0.89056, 0.3], "texture": "#0"},
				"south": {"uv": [0, 0, 0.5, 0.3], "texture": "#0"},
				"west": {"uv": [0, 0, 0.89056, 0.3], "texture": "#0"},
				"up": {"uv": [0, 0, 0.5, 0.89056], "texture": "#0"},
				"down": {"uv": [0, 0, 0.5, 0.89056], "texture": "#0"}
			}
		},
		{
			"from": [7.6, 3.68806, 7.64134],
			"to": [8.4, 4.13806, 10.64134],
			"rotation": {"angle": 0, "axis": "y", "origin": [8, 4.63806, 11.64134]},
			"faces": {
				"north": {"uv": [0, 0, 0.8, 0.45], "texture": "#0"},
				"east": {"uv": [0, 0, 3, 0.45], "texture": "#0"},
				"south": {"uv": [0, 0, 0.8, 0.45], "texture": "#0"},
				"west": {"uv": [0, 0, 3, 0.45], "texture": "#0"},
				"up": {"uv": [0, 0, 0.8, 3], "texture": "#0"},
				"down": {"uv": [0, 0, 0.8, 3], "texture": "#0"}
			}
		},
		{
			"from": [7.6, 6.03806, 7.64134],
			"to": [8.4, 6.28806, 9.64134],
			"rotation": {"angle": 0, "axis": "y", "origin": [8, 6.78806, 11.64134]},
			"faces": {
				"north": {"uv": [0, 0, 0.8, 0.25], "texture": "#0"},
				"east": {"uv": [0, 0, 2, 0.25], "texture": "#0"},
				"south": {"uv": [0, 0, 0.8, 0.25], "texture": "#0"},
				"west": {"uv": [0, 0, 2, 0.25], "texture": "#0"},
				"up": {"uv": [0, 0, 0.8, 2], "texture": "#0"},
				"down": {"uv": [0, 0, 0.8, 2], "texture": "#0"}
			}
		},
		{
			"from": [7.75, 5.44, 10.36],
			"to": [8.25, 6.29, 10.96],
			"rotation": {"angle": 45, "axis": "x", "origin": [8, 5.68806, 10.64134]},
			"faces": {
				"north": {"uv": [0, 0, 0.5, 0.85], "texture": "#0"},
				"east": {"uv": [0, 0, 0.6, 0.85], "texture": "#0"},
				"south": {"uv": [0, 0, 0.5, 0.85], "texture": "#0"},
				"west": {"uv": [0, 0, 0.6, 0.85], "texture": "#0"},
				"up": {"uv": [0, 0, 0.5, 0.6], "texture": "#0"},
				"down": {"uv": [0, 0, 0.5, 0.6], "texture": "#0"}
			}
		},
		{
			"from": [7.5, 4.68806, 9.74134],
			"to": [8.5, 5.68806, 10.74134],
			"rotation": {"angle": 45, "axis": "x", "origin": [8, 5.18806, 10.49134]},
			"faces": {
				"north": {"uv": [0, 0, 1, 1], "texture": "#0"},
				"east": {"uv": [0, 0, 1, 1], "texture": "#0"},
				"south": {"uv": [0, 0, 1, 1], "texture": "#0"},
				"west": {"uv": [0, 0, 1, 1], "texture": "#0"},
				"up": {"uv": [0, 0, 1, 1], "texture": "#0"},
				"down": {"uv": [0, 0, 1, 1], "texture": "#0"}
			}
		},
		{
			"from": [7.85, 6.28806, 9.44134],
			"to": [8.15, 6.43806, 10.29134],
			"rotation": {"angle": 0, "axis": "y", "origin": [8, 6.78806, 10.39134]},
			"faces": {
				"north": {"uv": [0, 0, 0.3, 0.15], "texture": "#0"},
				"east": {"uv": [0, 0, 0.85, 0.15], "texture": "#0"},
				"south": {"uv": [0, 0, 0.3, 0.15], "texture": "#0"},
				"west": {"uv": [0, 0, 0.85, 0.15], "texture": "#0"},
				"up": {"uv": [0, 0, 0.3, 0.85], "texture": "#0"},
				"down": {"uv": [0, 0, 0.3, 0.85], "texture": "#0"}
			}
		},
		{
			"from": [7.5, 5.28806, 9.64134],
			"to": [8.5, 6.28806, 10.39134],
			"rotation": {"angle": 0, "axis": "y", "origin": [8, 6.78806, 10.39134]},
			"faces": {
				"north": {"uv": [0, 0, 1, 1], "texture": "#0"},
				"east": {"uv": [0, 0, 0.75, 1], "texture": "#0"},
				"south": {"uv": [0, 0, 1, 1], "texture": "#0"},
				"west": {"uv": [0, 0, 0.75, 1], "texture": "#0"},
				"up": {"uv": [0, 0, 1, 0.75], "texture": "#0"},
				"down": {"uv": [0, 0, 1, 0.75], "texture": "#0"}
			}
		},
		{
			"from": [7.5, 4.03806, 9.64134],
			"to": [8.5, 5.38806, 11.39134],
			"rotation": {"angle": 0, "axis": "x", "origin": [8, 7.03806, 10.39134]},
			"faces": {
				"north": {"uv": [0, 0, 1, 1.35], "texture": "#0"},
				"east": {"uv": [0, 0, 1.75, 1.35], "texture": "#0"},
				"south": {"uv": [0, 0, 1, 1.35], "texture": "#0"},
				"west": {"uv": [0, 0, 1.75, 1.35], "texture": "#0"},
				"up": {"uv": [0, 0, 1, 1.75], "texture": "#0"},
				"down": {"uv": [0, 0, 1, 1.75], "texture": "#0"}
			}
		},
		{
			"from": [7.499, 4, 10.5],
			"to": [8.501, 5, 12],
			"rotation": {"angle": -22.5, "axis": "x", "origin": [8, 3.5, 11]},
			"faces": {
				"north": {"uv": [0, 0, 1.002, 1], "texture": "#0"},
				"east": {"uv": [0, 0, 1.5, 1], "texture": "#0"},
				"south": {"uv": [0, 0, 1.002, 1], "texture": "#0"},
				"west": {"uv": [0, 0, 1.5, 1], "texture": "#0"},
				"up": {"uv": [0, 0, 1.002, 1.5], "texture": "#0"},
				"down": {"uv": [0, 0, 1.002, 1.5], "texture": "#0"}
			}
		},
		{
			"name": "octagon",
			"from": [7.58579, 4.1, 7.65],
			"to": [8.41421, 6.1, 9.65],
			"rotation": {"angle": 45, "axis": "z", "origin": [8, 5.1, 7.65]},
			"faces": {
				"north": {"uv": [3, 3, 3.82842, 5], "texture": "#0"},
				"east": {"uv": [3, 3, 5, 5], "texture": "#0"},
				"south": {"uv": [3, 3, 3.82842, 5], "texture": "#0"},
				"west": {"uv": [3, 3, 5, 5], "texture": "#0"},
				"up": {"uv": [3, 3, 3.82842, 5], "texture": "#0"},
				"down": {"uv": [3, 3, 3.82842, 5], "texture": "#0"}
			}
		},
		{
			"name": "octagon",
			"from": [7.58579, 4.1, 7.65],
			"to": [8.41421, 6.1, 9.65],
			"rotation": {"angle": 0, "axis": "y", "origin": [8, 5.1, 7.65]},
			"faces": {
				"north": {"uv": [3, 3, 3.82842, 5], "texture": "#0"},
				"east": {"uv": [3, 3, 5, 5], "texture": "#0"},
				"south": {"uv": [3, 3, 3.82842, 5], "texture": "#0"},
				"west": {"uv": [3, 3, 5, 5], "texture": "#0"},
				"up": {"uv": [3, 3, 3.82842, 5], "texture": "#0"},
				"down": {"uv": [3, 3, 3.82842, 5], "texture": "#0"}
			}
		},
		{
			"name": "octagon",
			"from": [7, 4.68579, 7.65],
			"to": [9, 5.51421, 9.65],
			"rotation": {"angle": 45, "axis": "z", "origin": [8, 5.1, 7.65]},
			"faces": {
				"north": {"uv": [3, 3, 5, 3.82842], "texture": "#0"},
				"east": {"uv": [3, 3, 5, 3.82842], "texture": "#0"},
				"south": {"uv": [3, 3, 5, 3.82842], "texture": "#0"},
				"west": {"uv": [3, 3, 5, 3.82842], "texture": "#0"},
				"up": {"uv": [3, 3, 5, 5], "texture": "#0"},
				"down": {"uv": [3, 3, 5, 5], "texture": "#0"}
			}
		},
		{
			"name": "octagon",
			"from": [7, 4.68579, 7.65],
			"to": [9, 5.51421, 9.65],
			"rotation": {"angle": 0, "axis": "y", "origin": [8, 5.1, 7.65]},
			"faces": {
				"north": {"uv": [3, 3, 5, 3.82842], "texture": "#0"},
				"east": {"uv": [3, 3, 5, 3.82842], "texture": "#0"},
				"south": {"uv": [3, 3, 5, 3.82842], "texture": "#0"},
				"west": {"uv": [3, 3, 5, 3.82842], "texture": "#0"},
				"up": {"uv": [3, 3, 5, 5], "texture": "#0"},
				"down": {"uv": [3, 3, 5, 5], "texture": "#0"}
			}
		},
		{
			"name": "octagon",
			"from": [7.79289, 5.05, 3.65],
			"to": [8.20711, 5.3, 7.65],
			"rotation": {"angle": 45, "axis": "z", "origin": [8, 5.55, 5.65]},
			"faces": {
				"north": {"uv": [0, 0, 0.41422, 0.25], "texture": "#0"},
				"east": {"uv": [0, 0, 4, 0.25], "texture": "#0"},
				"south": {"uv": [0, 0, 0.41422, 0.25], "texture": "#0"},
				"west": {"uv": [0, 0, 4, 0.25], "texture": "#0"},
				"up": {"uv": [0, 0, 0.41422, 4], "texture": "#0"},
				"down": {"uv": [0, 0, 0.41422, 4], "texture": "#0"}
			}
		},
		{
			"name": "octagon",
			"from": [7.79289, 5.05, 3.65],
			"to": [8.20711, 5.3, 7.65],
			"rotation": {"angle": 0, "axis": "y", "origin": [8, 5.55, 5.65]},
			"faces": {
				"north": {"uv": [0, 0, 0.41422, 0.25], "texture": "#0"},
				"east": {"uv": [0, 0, 4, 0.25], "texture": "#0"},
				"south": {"uv": [0, 0, 0.41422, 0.25], "texture": "#0"},
				"west": {"uv": [0, 0, 4, 0.25], "texture": "#0"},
				"up": {"uv": [0, 0, 0.41422, 4], "texture": "#0"},
				"down": {"uv": [0, 0, 0.41422, 4], "texture": "#0"}
			}
		},
		{
			"name": "octagon",
			"from": [7.79289, 5.8, 3.65],
			"to": [8.20711, 6.05, 7.65],
			"rotation": {"angle": 45, "axis": "z", "origin": [8, 5.55, 5.65]},
			"faces": {
				"north": {"uv": [0, 0, 0.41422, 0.25], "texture": "#0"},
				"east": {"uv": [0, 0, 4, 0.25], "texture": "#0"},
				"south": {"uv": [0, 0, 0.41422, 0.25], "texture": "#0"},
				"west": {"uv": [0, 0, 4, 0.25], "texture": "#0"},
				"up": {"uv": [0, 0, 0.41422, 4], "texture": "#0"},
				"down": {"uv": [0, 0, 0.41422, 4], "texture": "#0"}
			}
		},
		{
			"name": "octagon",
			"from": [7.79289, 5.8, 3.65],
			"to": [8.20711, 6.05, 7.65],
			"rotation": {"angle": 0, "axis": "y", "origin": [8, 5.55, 5.65]},
			"faces": {
				"north": {"uv": [0, 0, 0.41422, 0.25], "texture": "#0"},
				"east": {"uv": [0, 0, 4, 0.25], "texture": "#0"},
				"south": {"uv": [0, 0, 0.41422, 0.25], "texture": "#0"},
				"west": {"uv": [0, 0, 4, 0.25], "texture": "#0"},
				"up": {"uv": [0, 0, 0.41422, 4], "texture": "#0"},
				"down": {"uv": [0, 0, 0.41422, 4], "texture": "#0"}
			}
		},
		{
			"name": "octagon",
			"from": [7.5, 5.34289, 3.65],
			"to": [7.75, 5.75711, 7.65],
			"rotation": {"angle": 45, "axis": "z", "origin": [8, 5.55, 5.65]},
			"faces": {
				"north": {"uv": [0, 0, 0.25, 0.41422], "texture": "#0"},
				"east": {"uv": [0, 0, 4, 0.41422], "texture": "#0"},
				"south": {"uv": [0, 0, 0.25, 0.41422], "texture": "#0"},
				"west": {"uv": [0, 0, 4, 0.41422], "texture": "#0"},
				"up": {"uv": [0, 0, 0.25, 4], "texture": "#0"},
				"down": {"uv": [0, 0, 0.25, 4], "texture": "#0"}
			}
		},
		{
			"name": "octagon",
			"from": [7.5, 5.34289, 3.65],
			"to": [7.75, 5.75711, 7.65],
			"rotation": {"angle": 0, "axis": "y", "origin": [8, 5.55, 5.65]},
			"faces": {
				"north": {"uv": [0, 0, 0.25, 0.41422], "texture": "#0"},
				"east": {"uv": [0, 0, 4, 0.41422], "texture": "#0"},
				"south": {"uv": [0, 0, 0.25, 0.41422], "texture": "#0"},
				"west": {"uv": [0, 0, 4, 0.41422], "texture": "#0"},
				"up": {"uv": [0, 0, 0.25, 4], "texture": "#0"},
				"down": {"uv": [0, 0, 0.25, 4], "texture": "#0"}
			}
		},
		{
			"name": "octagon",
			"from": [8.25, 5.34289, 3.65],
			"to": [8.5, 5.75711, 7.65],
			"rotation": {"angle": 45, "axis": "z", "origin": [8, 5.55, 5.65]},
			"faces": {
				"north": {"uv": [0, 0, 0.25, 0.41422], "texture": "#0"},
				"east": {"uv": [0, 0, 4, 0.41422], "texture": "#0"},
				"south": {"uv": [0, 0, 0.25, 0.41422], "texture": "#0"},
				"west": {"uv": [0, 0, 4, 0.41422], "texture": "#0"},
				"up": {"uv": [0, 0, 0.25, 4], "texture": "#0"},
				"down": {"uv": [0, 0, 0.25, 4], "texture": "#0"}
			}
		},
		{
			"name": "octagon",
			"from": [8.25, 5.34289, 3.65],
			"to": [8.5, 5.75711, 7.65],
			"rotation": {"angle": 0, "axis": "y", "origin": [8, 5.55, 5.65]},
			"faces": {
				"north": {"uv": [0, 0, 0.25, 0.41422], "texture": "#0"},
				"east": {"uv": [0, 0, 4, 0.41422], "texture": "#0"},
				"south": {"uv": [0, 0, 0.25, 0.41422], "texture": "#0"},
				"west": {"uv": [0, 0, 4, 0.41422], "texture": "#0"},
				"up": {"uv": [0, 0, 0.25, 4], "texture": "#0"},
				"down": {"uv": [0, 0, 0.25, 4], "texture": "#0"}
			}
		},
		{
			"name": "octagon",
			"from": [7.79289, 5.95, 6.65],
			"to": [8.20711, 6.2, 7.65],
			"rotation": {"angle": 45, "axis": "z", "origin": [8, 5.7, 5.65]},
			"faces": {
				"north": {"uv": [0, 0, 0.41422, 0.25], "texture": "#0"},
				"east": {"uv": [0, 0, 1, 0.25], "texture": "#0"},
				"south": {"uv": [0, 0, 0.41422, 0.25], "texture": "#0"},
				"west": {"uv": [0, 0, 1, 0.25], "texture": "#0"},
				"up": {"uv": [0, 0, 0.41422, 1], "texture": "#0"},
				"down": {"uv": [0, 0, 0.41422, 1], "texture": "#0"}
			}
		},
		{
			"name": "octagon",
			"from": [7.79289, 5.95, 6.65],
			"to": [8.20711, 6.2, 7.65],
			"rotation": {"angle": 0, "axis": "y", "origin": [8, 5.7, 5.65]},
			"faces": {
				"north": {"uv": [0, 0, 0.41422, 0.25], "texture": "#0"},
				"east": {"uv": [0, 0, 1, 0.25], "texture": "#0"},
				"south": {"uv": [0, 0, 0.41422, 0.25], "texture": "#0"},
				"west": {"uv": [0, 0, 1, 0.25], "texture": "#0"},
				"up": {"uv": [0, 0, 0.41422, 1], "texture": "#0"},
				"down": {"uv": [0, 0, 0.41422, 1], "texture": "#0"}
			}
		},
		{
			"name": "octagon",
			"from": [8.25, 5.49289, 6.65],
			"to": [8.5, 5.90711, 7.65],
			"rotation": {"angle": 45, "axis": "z", "origin": [8, 5.7, 5.65]},
			"faces": {
				"north": {"uv": [0, 0, 0.25, 0.41422], "texture": "#0"},
				"east": {"uv": [0, 0, 1, 0.41422], "texture": "#0"},
				"south": {"uv": [0, 0, 0.25, 0.41422], "texture": "#0"},
				"west": {"uv": [0, 0, 1, 0.41422], "texture": "#0"},
				"up": {"uv": [0, 0, 0.25, 1], "texture": "#0"},
				"down": {"uv": [0, 0, 0.25, 1], "texture": "#0"}
			}
		},
		{
			"name": "octagon",
			"from": [7.79289, 3.7, 6.65],
			"to": [8.20711, 3.95, 7.65],
			"rotation": {"angle": 45, "axis": "z", "origin": [8, 4.2, 5.65]},
			"faces": {
				"north": {"uv": [0, 0, 0.41422, 0.25], "texture": "#0"},
				"east": {"uv": [0, 0, 1, 0.25], "texture": "#0"},
				"south": {"uv": [0, 0, 0.41422, 0.25], "texture": "#0"},
				"west": {"uv": [0, 0, 1, 0.25], "texture": "#0"},
				"up": {"uv": [0, 0, 0.41422, 1], "texture": "#0"},
				"down": {"uv": [0, 0, 0.41422, 1], "texture": "#0"}
			}
		},
		{
			"name": "octagon",
			"from": [7.79289, 3.7, 6.65],
			"to": [8.20711, 4, 7.65],
			"rotation": {"angle": 0, "axis": "z", "origin": [8, 4.2, 5.65]},
			"faces": {
				"north": {"uv": [0, 0, 0.41422, 0.3], "texture": "#0"},
				"east": {"uv": [0, 0, 1, 0.3], "texture": "#0"},
				"south": {"uv": [0, 0, 0.41422, 0.3], "texture": "#0"},
				"west": {"uv": [0, 0, 1, 0.3], "texture": "#0"},
				"up": {"uv": [0, 0, 0.41422, 1], "texture": "#0"},
				"down": {"uv": [0, 0, 0.41422, 1], "texture": "#0"}
			}
		},
		{
			"name": "octagon",
			"from": [7.5, 3.99289, 6.65],
			"to": [7.75, 4.40711, 7.65],
			"rotation": {"angle": 45, "axis": "z", "origin": [8, 4.2, 5.65]},
			"faces": {
				"north": {"uv": [0, 0, 0.25, 0.41422], "texture": "#0"},
				"east": {"uv": [0, 0, 1, 0.41422], "texture": "#0"},
				"south": {"uv": [0, 0, 0.25, 0.41422], "texture": "#0"},
				"west": {"uv": [0, 0, 1, 0.41422], "texture": "#0"},
				"up": {"uv": [0, 0, 0.25, 1], "texture": "#0"},
				"down": {"uv": [0, 0, 0.25, 1], "texture": "#0"}
			}
		},
		{
			"name": "octagon",
			"from": [7.5, 3.99289, 6.65],
			"to": [8, 5.90711, 7.65],
			"rotation": {"angle": 0, "axis": "z", "origin": [8, 4.2, 5.65]},
			"faces": {
				"north": {"uv": [0, 0, 0.5, 1.91422], "texture": "#0"},
				"east": {"uv": [0, 0, 1, 1.91422], "texture": "#0"},
				"south": {"uv": [0, 0, 0.5, 1.91422], "texture": "#0"},
				"west": {"uv": [0, 0, 1, 1.91422], "texture": "#0"},
				"up": {"uv": [0, 0, 0.5, 1], "texture": "#0"},
				"down": {"uv": [0, 0, 0.5, 1], "texture": "#0"}
			}
		},
		{
			"name": "octagon",
			"from": [8, 3.99289, 6.65],
			"to": [8.5, 5.90711, 7.65],
			"rotation": {"angle": 0, "axis": "z", "origin": [8, 4.2, 5.65]},
			"faces": {
				"north": {"uv": [0, 0, 0.5, 1.91422], "texture": "#0"},
				"east": {"uv": [0, 0, 1, 1.91422], "texture": "#0"},
				"south": {"uv": [0, 0, 0.5, 1.91422], "texture": "#0"},
				"west": {"uv": [0, 0, 1, 1.91422], "texture": "#0"},
				"up": {"uv": [0, 0, 0.5, 1], "texture": "#0"},
				"down": {"uv": [0, 0, 0.5, 1], "texture": "#0"}
			}
		},
		{
			"name": "octagon",
			"from": [7.82396, 5.175, 3.9],
			"to": [8.17604, 6.025, 3.9],
			"rotation": {"angle": 45, "axis": "z", "origin": [8, 5.6, 5]},
			"faces": {
				"north": {"uv": [7, 0, 7.35208, 0.85], "texture": "#0"},
				"east": {"uv": [7, 0, 7, 0.85], "texture": "#0"},
				"south": {"uv": [7, 0, 7.35208, 0.85], "texture": "#0"},
				"west": {"uv": [7, 0, 7, 0.85], "texture": "#0"},
				"up": {"uv": [7, 0, 7.35208, 0], "texture": "#0"},
				"down": {"uv": [7, 0, 7.35208, 0], "texture": "#0"}
			}
		},
		{
			"name": "octagon",
			"from": [7.82396, 5.175, 3.9],
			"to": [8.17604, 6.025, 3.9],
			"rotation": {"angle": 0, "axis": "z", "origin": [8, 5.6, 5]},
			"faces": {
				"north": {"uv": [7, 0, 7.35208, 0.85], "texture": "#0"},
				"east": {"uv": [7, 0, 7, 0.85], "texture": "#0"},
				"south": {"uv": [7, 0, 7.35208, 0.85], "texture": "#0"},
				"west": {"uv": [7, 0, 7, 0.85], "texture": "#0"},
				"up": {"uv": [7, 0, 7.35208, 0], "texture": "#0"},
				"down": {"uv": [7, 0, 7.35208, 0], "texture": "#0"}
			}
		},
		{
			"name": "octagon",
			"from": [7.575, 5.42396, 3.9],
			"to": [8.425, 5.77604, 3.9],
			"rotation": {"angle": 45, "axis": "z", "origin": [8, 5.6, 5]},
			"faces": {
				"north": {"uv": [7, 0, 7.85, 0.35208], "texture": "#0"},
				"east": {"uv": [7, 0, 7, 0.35208], "texture": "#0"},
				"south": {"uv": [7, 0, 7.85, 0.35208], "texture": "#0"},
				"west": {"uv": [7, 0, 7, 0.35208], "texture": "#0"},
				"up": {"uv": [7, 0, 7.85, 0], "texture": "#0"},
				"down": {"uv": [7, 0, 7.85, 0], "texture": "#0"}
			}
		},
		{
			"name": "octagon",
			"from": [7.575, 5.42396, 3.9],
			"to": [8.425, 5.77604, 3.9],
			"rotation": {"angle": 0, "axis": "z", "origin": [8, 5.6, 5]},
			"faces": {
				"north": {"uv": [7, 0, 7.85, 0.35208], "texture": "#0"},
				"east": {"uv": [7, 0, 7, 0.35208], "texture": "#0"},
				"south": {"uv": [7, 0, 7.85, 0.35208], "texture": "#0"},
				"west": {"uv": [7, 0, 7, 0.35208], "texture": "#0"},
				"up": {"uv": [7, 0, 7.85, 0], "texture": "#0"},
				"down": {"uv": [7, 0, 7.85, 0], "texture": "#0"}
			}
		},
		{
			"from": [7.85, 6.03806, 3.79134],
			"to": [8.15, 6.28806, 4.29134],
			"rotation": {"angle": 0, "axis": "y", "origin": [8, 6.53806, 4.64134]},
			"faces": {
				"north": {"uv": [0, 0, 0.3, 0.25], "texture": "#0"},
				"east": {"uv": [0, 0, 0.5, 0.25], "texture": "#0"},
				"south": {"uv": [0, 0, 0.3, 0.25], "texture": "#0"},
				"west": {"uv": [0, 0, 0.5, 0.25], "texture": "#0"},
				"up": {"uv": [0, 0, 0.3, 0.5], "texture": "#0"},
				"down": {"uv": [0, 0, 0.3, 0.5], "texture": "#0"}
			}
		},
		{
			"from": [7.85, 6.28806, 3.79134],
			"to": [8.15, 6.38806, 3.94134],
			"rotation": {"angle": 0, "axis": "y", "origin": [8, 6.53806, 4.64134]},
			"faces": {
				"north": {"uv": [0, 0, 0.3, 0.1], "texture": "#0"},
				"east": {"uv": [0, 0, 0.15, 0.1], "texture": "#0"},
				"south": {"uv": [0, 0, 0.3, 0.1], "texture": "#0"},
				"west": {"uv": [0, 0, 0.15, 0.1], "texture": "#0"},
				"up": {"uv": [0, 0, 0.3, 0.15], "texture": "#0"},
				"down": {"uv": [0, 0, 0.3, 0.15], "texture": "#0"}
			}
		},
		{
			"from": [7.85, 5.897, 4.23],
			"to": [8.15, 6.147, 4.98],
			"rotation": {"angle": 22.5, "axis": "x", "origin": [8, 6.06306, 4.61634]},
			"faces": {
				"north": {"uv": [0, 0, 0.3, 0.25], "texture": "#0"},
				"east": {"uv": [0, 0, 0.75, 0.25], "texture": "#0"},
				"south": {"uv": [0, 0, 0.3, 0.25], "texture": "#0"},
				"west": {"uv": [0, 0, 0.75, 0.25], "texture": "#0"},
				"up": {"uv": [0, 0, 0.3, 0.75], "texture": "#0"},
				"down": {"uv": [0, 0, 0.3, 0.75], "texture": "#0"}
			}
		},
		{
			"from": [7.85, 5.993, 3.86],
			"to": [8.15, 6.143, 4.21],
			"rotation": {"angle": 22.5, "axis": "x", "origin": [8, 6.06306, 4.51634]},
			"faces": {
				"north": {"uv": [0, 0, 0.3, 0.15], "texture": "#0"},
				"east": {"uv": [0, 0, 0.35, 0.15], "texture": "#0"},
				"south": {"uv": [0, 0, 0.3, 0.15], "texture": "#0"},
				"west": {"uv": [0, 0, 0.35, 0.15], "texture": "#0"},
				"up": {"uv": [0, 0, 0.3, 0.35], "texture": "#0"},
				"down": {"uv": [0, 0, 0.3, 0.35], "texture": "#0"}
			}
		},
		{
			"from": [7.75, 4.71194, 4.60866],
			"to": [8.25, 5.21194, 7.10866],
			"rotation": {"angle": 0, "axis": "y", "origin": [8, 4.46194, 4.25866]},
			"faces": {
				"north": {"uv": [0.5, 0.5, 0, 0], "texture": "#0"},
				"east": {"uv": [2.5, 0.5, 0, 0], "texture": "#0"},
				"south": {"uv": [0.5, 0.5, 0, 0], "texture": "#0"},
				"west": {"uv": [2.5, 0.5, 0, 0], "texture": "#0"},
				"up": {"uv": [0, 0, 0.5, 2.5], "texture": "#0"},
				"down": {"uv": [0, 0, 0.5, 2.5], "texture": "#0"}
			}
		},
		{
			"from": [7.75, 4.965, 4.17],
			"to": [8.25, 5.315, 4.77],
			"rotation": {"angle": 45, "axis": "x", "origin": [8, 5.03694, 4.38366]},
			"faces": {
				"north": {"uv": [0.5, 0.35, 0, 0], "texture": "#0"},
				"east": {"uv": [0.6, 0.35, 0, 0], "texture": "#0"},
				"south": {"uv": [0.5, 0.35, 0, 0], "texture": "#0"},
				"west": {"uv": [0.6, 0.35, 0, 0], "texture": "#0"},
				"up": {"uv": [0, 0, 0.5, 0.6], "texture": "#0"},
				"down": {"uv": [0, 0, 0.5, 0.6], "texture": "#0"}
			}
		}
	],
	"display": {
		"thirdperson_righthand": {
			"translation": [0, 4.25, -2]
		},
		"thirdperson_lefthand": {
			"translation": [0, 4.25, -2]
		},
		"firstperson_righthand": {
			"rotation": [0, -15, 0],
			"translation": [12.5, 4.25, 0.75]
		},
		"firstperson_lefthand": {
			"rotation": [0, -15, 0],
			"translation": [12.5, 4.25, 0.75]
		},
		"ground": {
			"rotation": [0, 0, -90],
			"translation": [3.75, -2, -0.25]
		},
		"gui": {
			"rotation": [21, 128, 0],
			"translation": [-0.5, 4.75, 0],
			"scale": [1.55, 1.55, 1.55]
		},
		"head": {
			"translation": [0, 12, 8.25],
			"scale": [2.9, 0.68, 1]
		},
		"fixed": {
			"rotation": [0, -90, 0],
			"translation": [0.75, 5.5, 0.75],
			"scale": [1.45, 1.45, 1.45]
		}
	},
	"groups": [
		{
			"name": "Handle",
			"origin": [8, 4.63806, 11.64134],
			"color": 2,
			"children": [
				0,
				1,
				{
					"name": "octagon",
					"origin": [8, 8, 8],
					"color": 5,
					"children": [2, 3, 4, 5, 6]
				}
			]
		},
		{
			"name": "Receiver",
			"origin": [8, 3.5, 11],
			"color": 5,
			"children": [7, 8, 9, 10, 11, 12, 13, 14]
		},
		{
			"name": "Chamber",
			"origin": [8, 8, 8],
			"color": 5,
			"children": [15, 16, 17, 18]
		},
		{
			"name": "Barrel",
			"origin": [8, 5.28806, 12.14134],
			"color": 5,
			"children": [
				{
					"name": "octagon",
					"origin": [8, 8, 8],
					"color": 5,
					"children": [19, 20, 21, 22, 23, 24, 25, 26]
				},
				{
					"name": "octagon",
					"origin": [8, 8, 8],
					"color": 5,
					"children": [27, 28, 29, 30, 31, 32, 33, 34]
				},
				{
					"name": "octagon",
					"origin": [8, 8, 8],
					"color": 3,
					"children": [35, 36, 37, 38]
				},
				39,
				40,
				41,
				42,
				43,
				44
			]
		}
	]
}