{
	"format_version": "1.21.6",
	"credit": "Made with Blockbench",
	"textures": {
		"flashbang": "items/flashbang",
		"particle": "items/flashbang"
	},
	"elements": [
		{
			"from": [7.5, 4, 6.5],
			"to": [8.5, 12, 9.5],
			"faces": {
				"north": {"uv": [0.5, 1, 4, 16], "texture": "#flashbang"},
				"east": {"uv": [0.5, 1, 4, 16], "texture": "#flashbang"},
				"south": {"uv": [0.5, 1, 4, 16], "texture": "#flashbang"},
				"west": {"uv": [0.5, 1, 4, 16], "texture": "#flashbang"},
				"up": {"uv": [0.5, 1, 4, 16], "texture": "#flashbang"},
				"down": {"uv": [0.5, 1, 4, 16], "texture": "#flashbang"}
			}
		},
		{
			"from": [7.25, 12, 6.125],
			"to": [8.75, 13.5, 9.875],
			"faces": {
				"north": {"uv": [0, 0, 1.5, 1.5], "texture": "#flashbang"},
				"east": {"uv": [0, 0, 1.5, 1.5], "texture": "#flashbang"},
				"south": {"uv": [0, 0, 1.5, 1.5], "texture": "#flashbang"},
				"west": {"uv": [0, 0, 1.5, 1.5], "texture": "#flashbang"},
				"up": {"uv": [0, 0, 1.5, 1.5], "texture": "#flashbang"},
				"down": {"uv": [0, 0, 1.5, 1.5], "texture": "#flashbang"}
			}
		},
		{
			"from": [6.125, 12, 7.25],
			"to": [9.875, 13.5, 8.75],
			"faces": {
				"north": {"uv": [0, 0, 1.5, 1.5], "texture": "#flashbang"},
				"east": {"uv": [0, 0, 1.5, 1.5], "texture": "#flashbang"},
				"south": {"uv": [0, 0, 1.5, 1.5], "texture": "#flashbang"},
				"west": {"uv": [0, 0, 1.5, 1.5], "texture": "#flashbang"},
				"up": {"uv": [0, 0, 1.5, 1.5], "texture": "#flashbang"},
				"down": {"uv": [0, 0, 1.5, 1.5], "texture": "#flashbang"}
			}
		},
		{
			"from": [6.125, 12, 7.25],
			"to": [7.625, 13.5, 11],
			"rotation": {"angle": 45, "axis": "y", "origin": [6.125, 12, 7.25]},
			"faces": {
				"north": {"uv": [0, 0, 1.5, 1.5], "texture": "#flashbang"},
				"east": {"uv": [0, 0, 1.5, 1.5], "texture": "#flashbang"},
				"south": {"uv": [0, 0, 1.5, 1.5], "texture": "#flashbang"},
				"west": {"uv": [0, 0, 1.5, 1.5], "texture": "#flashbang"},
				"up": {"uv": [0, 0, 1.5, 1.5], "texture": "#flashbang"},
				"down": {"uv": [0, 0, 1.5, 1.5], "texture": "#flashbang"}
			}
		},
		{
			"from": [8.75, 12, 6.125],
			"to": [10.25, 13.5, 9.875],
			"rotation": {"angle": -45, "axis": "y", "origin": [8.75, 12, 6.125]},
			"faces": {
				"north": {"uv": [0, 0, 1.5, 1.5], "texture": "#flashbang"},
				"east": {"uv": [0, 0, 1.5, 1.5], "texture": "#flashbang"},
				"south": {"uv": [0, 0, 1.5, 1.5], "texture": "#flashbang"},
				"west": {"uv": [0, 0, 1.5, 1.5], "texture": "#flashbang"},
				"up": {"uv": [0, 0, 1.5, 1.5], "texture": "#flashbang"},
				"down": {"uv": [0, 0, 1.5, 1.5], "texture": "#flashbang"}
			}
		},
		{
			"from": [6.5, 4, 7.5],
			"to": [9.5, 12, 8.5],
			"faces": {
				"north": {"uv": [0.5, 1, 4, 16], "texture": "#flashbang"},
				"east": {"uv": [0.5, 1, 4, 16], "texture": "#flashbang"},
				"south": {"uv": [0.5, 1, 4, 16], "texture": "#flashbang"},
				"west": {"uv": [0.5, 1, 4, 16], "texture": "#flashbang"},
				"up": {"uv": [0.5, 1, 4, 16], "texture": "#flashbang"},
				"down": {"uv": [0.5, 1, 4, 16], "texture": "#flashbang"}
			}
		},
		{
			"from": [7.5, 4, 6.5],
			"to": [10.33, 12, 7.9],
			"rotation": {"angle": -45, "axis": "y", "origin": [7.5, 4, 6.5]},
			"faces": {
				"north": {"uv": [0.5, 1, 4, 16], "texture": "#flashbang"},
				"east": {"uv": [0.5, 1, 4, 16], "texture": "#flashbang"},
				"south": {"uv": [0.5, 1, 4, 16], "texture": "#flashbang"},
				"west": {"uv": [0.5, 1, 4, 16], "texture": "#flashbang"},
				"up": {"uv": [0.5, 1, 4, 16], "texture": "#flashbang"},
				"down": {"uv": [0.5, 1, 4, 16], "texture": "#flashbang"}
			}
		},
		{
			"from": [6.5, 4, 8.5],
			"to": [9.33, 12, 9.9],
			"rotation": {"angle": 45, "axis": "y", "origin": [6.5, 4, 8.5]},
			"faces": {
				"north": {"uv": [0.5, 1, 4, 16], "texture": "#flashbang"},
				"east": {"uv": [0.5, 1, 4, 16], "texture": "#flashbang"},
				"south": {"uv": [0.5, 1, 4, 16], "texture": "#flashbang"},
				"west": {"uv": [0.5, 1, 4, 16], "texture": "#flashbang"},
				"up": {"uv": [0.5, 1, 4, 16], "texture": "#flashbang"},
				"down": {"uv": [0.5, 1, 4, 16], "texture": "#flashbang"}
			}
		},
		{
			"from": [7.25, 4, 6.125],
			"to": [8.75, 5.5, 9.875],
			"faces": {
				"north": {"uv": [0, 0, 1.5, 1.5], "texture": "#flashbang"},
				"east": {"uv": [0, 0, 1.5, 1.5], "texture": "#flashbang"},
				"south": {"uv": [0, 0, 1.5, 1.5], "texture": "#flashbang"},
				"west": {"uv": [0, 0, 1.5, 1.5], "texture": "#flashbang"},
				"up": {"uv": [0, 0, 1.5, 1.5], "texture": "#flashbang"},
				"down": {"uv": [0, 0, 1.5, 1.5], "texture": "#flashbang"}
			}
		},
		{
			"from": [6.125, 4, 7.25],
			"to": [9.875, 5.5, 8.75],
			"faces": {
				"north": {"uv": [0, 0, 1.5, 1.5], "texture": "#flashbang"},
				"east": {"uv": [0, 0, 1.5, 1.5], "texture": "#flashbang"},
				"south": {"uv": [0, 0, 1.5, 1.5], "texture": "#flashbang"},
				"west": {"uv": [0, 0, 1.5, 1.5], "texture": "#flashbang"},
				"up": {"uv": [0, 0, 1.5, 1.5], "texture": "#flashbang"},
				"down": {"uv": [0, 0, 1.5, 1.5], "texture": "#flashbang"}
			}
		},
		{
			"from": [6.125, 4, 7.25],
			"to": [7.625, 5.5, 11],
			"rotation": {"angle": 45, "axis": "y", "origin": [6.125, 4, 7.25]},
			"faces": {
				"north": {"uv": [0, 0, 1.5, 1.5], "texture": "#flashbang"},
				"east": {"uv": [0, 0, 1.5, 1.5], "texture": "#flashbang"},
				"south": {"uv": [0, 0, 1.5, 1.5], "texture": "#flashbang"},
				"west": {"uv": [0, 0, 1.5, 1.5], "texture": "#flashbang"},
				"up": {"uv": [0, 0, 1.5, 1.5], "texture": "#flashbang"},
				"down": {"uv": [0, 0, 1.5, 1.5], "texture": "#flashbang"}
			}
		},
		{
			"from": [8.75, 4, 6.125],
			"to": [10.25, 5.5, 9.875],
			"rotation": {"angle": -45, "axis": "y", "origin": [8.75, 4, 6.125]},
			"faces": {
				"north": {"uv": [0, 0, 1.5, 1.5], "texture": "#flashbang"},
				"east": {"uv": [0, 0, 1.5, 1.5], "texture": "#flashbang"},
				"south": {"uv": [0, 0, 1.5, 1.5], "texture": "#flashbang"},
				"west": {"uv": [0, 0, 1.5, 1.5], "texture": "#flashbang"},
				"up": {"uv": [0, 0, 1.5, 1.5], "texture": "#flashbang"},
				"down": {"uv": [0, 0, 1.5, 1.5], "texture": "#flashbang"}
			}
		},
		{
			"from": [7, 13.5, 7],
			"to": [9, 15.5, 9],
			"faces": {
				"north": {"uv": [7, 0.5, 9, 2.5], "texture": "#flashbang"},
				"east": {"uv": [7, 0.5, 9, 2.5], "texture": "#flashbang"},
				"south": {"uv": [7, 0.5, 9, 2.5], "texture": "#flashbang"},
				"west": {"uv": [7, 0.5, 9, 2.5], "texture": "#flashbang"},
				"up": {"uv": [7, 7, 9, 9], "texture": "#flashbang"},
				"down": {"uv": [9, 9, 7, 7], "texture": "#flashbang"}
			}
		},
		{
			"from": [8.5, 15, 7],
			"to": [9.5, 15.5, 9],
			"faces": {
				"north": {"uv": [6.5, 0.5, 7.5, 1], "texture": "#flashbang"},
				"east": {"uv": [7, 0.5, 9, 1], "texture": "#flashbang"},
				"south": {"uv": [8.5, 0.5, 9.5, 1], "texture": "#flashbang"},
				"west": {"uv": [7, 0.5, 9, 1], "texture": "#flashbang"},
				"up": {"uv": [8.5, 7, 9.5, 9], "texture": "#flashbang"},
				"down": {"uv": [7.5, 9, 6.5, 7], "texture": "#flashbang"}
			}
		},
		{
			"from": [9.5, 15, 7],
			"to": [12, 15.5, 9],
			"rotation": {"angle": -45, "axis": "z", "origin": [9.5, 15.5, 7]},
			"faces": {
				"north": {"uv": [10.5, 2.5, 16, 3], "texture": "#flashbang"},
				"east": {"uv": [5.5, 0, 7.5, 0.5], "texture": "#flashbang"},
				"south": {"uv": [9.5, 0, 15, 0.5], "texture": "#flashbang"},
				"west": {"uv": [9.5, 0, 11.5, 0.5], "texture": "#flashbang"},
				"up": {"uv": [9.5, 9.5, 15, 11.5], "texture": "#flashbang"},
				"down": {"uv": [11.5, 11.5, 6, 9.5], "texture": "#flashbang"}
			}
		},
		{
			"from": [10.8125, 7.25, 7.5],
			"to": [11.3125, 13.75, 8.5],
			"faces": {
				"north": {"uv": [4.6875, 2.25, 5.1875, 8.75], "texture": "#flashbang"},
				"east": {"uv": [7.5, 2.25, 8.5, 8.75], "texture": "#flashbang"},
				"south": {"uv": [10.8125, 2.25, 11.3125, 8.75], "texture": "#flashbang"},
				"west": {"uv": [7.5, 2.25, 8.5, 8.75], "texture": "#flashbang"},
				"up": {"uv": [10.8125, 7.5, 11.3125, 8.5], "texture": "#flashbang"},
				"down": {"uv": [5.1875, 8.5, 4.6875, 7.5], "texture": "#flashbang"}
			}
		},
		{
			"from": [9.8125, 7.25, 7.5],
			"to": [11.3125, 7.75, 8.5],
			"faces": {
				"north": {"uv": [4.6875, 8.25, 6.1875, 8.75], "texture": "#flashbang"},
				"east": {"uv": [7.5, 8.25, 8.5, 8.75], "texture": "#flashbang"},
				"south": {"uv": [9.8125, 8.25, 11.3125, 8.75], "texture": "#flashbang"},
				"west": {"uv": [7.5, 8.25, 8.5, 8.75], "texture": "#flashbang"},
				"up": {"uv": [9.8125, 7.5, 11.3125, 8.5], "texture": "#flashbang"},
				"down": {"uv": [6.1875, 8.5, 4.6875, 7.5], "texture": "#flashbang"}
			}
		},
		{
			"from": [6.5, 15, 7],
			"to": [7, 15.5, 9],
			"faces": {
				"north": {"uv": [9, 0.5, 9.5, 1], "texture": "#flashbang"},
				"east": {"uv": [7, 0.5, 9, 1], "texture": "#flashbang"},
				"south": {"uv": [6.5, 0.5, 7, 1], "texture": "#flashbang"},
				"west": {"uv": [7, 0.5, 9, 1], "texture": "#flashbang"},
				"up": {"uv": [6.5, 7, 7, 9], "texture": "#flashbang"},
				"down": {"uv": [9.5, 9, 9, 7], "texture": "#flashbang"}
			}
		}
	],
	"gui_light": "front",
	"display": {
		"thirdperson_righthand": {
			"translation": [0, -1, 0],
			"scale": [0.5, 0.5, 0.5]
		},
		"thirdperson_lefthand": {
			"translation": [0, -1, 0],
			"scale": [0.5, 0.5, 0.5]
		},
		"ground": {
			"scale": [0.5, 0.5, 0.5]
		},
		"gui": {
			"rotation": [0, 0, -33.75],
			"translation": [-1, -1, 0],
			"scale": [1.1, 1.1, 1.1]
		}
	}
}