{
	"credit": "Made with Blockbench",
	"textures": {
		"0": "defusal/fraggrenade",
		"particle": "defusal/fraggrenade"
	},
	"elements": [
		{
			"name": "fraggrenade_0",
			"from": [8.75, 11.25, 0],
			"to": [9.25, 15.5, 0.25],
			"faces": {
				"north": {"uv": [9.25, 0.5, 8.75, 4.75], "texture": "#0"},
				"east": {"uv": [9, 0.5, 9.25, 4.75], "texture": "#0"},
				"south": {"uv": [8.75, 0.5, 9.25, 4.75], "texture": "#0"},
				"west": {"uv": [8.75, 0.5, 9, 4.75], "texture": "#0"},
				"up": {"uv": [8.75, 0.5, 9.25, 0.75], "texture": "#0"},
				"down": {"uv": [8.75, 4.5, 9.25, 4.75], "texture": "#0"}
			}
		},
		{
			"name": "fraggrenade_1",
			"from": [7.5, 11.25, 0],
			"to": [8.75, 15.25, 0.25],
			"faces": {
				"north": {"uv": [8.75, 0.75, 7.5, 4.75], "texture": "#0"},
				"east": {"uv": [8.5, 0.75, 8.75, 4.75], "texture": "#0"},
				"south": {"uv": [7.5, 0.75, 8.75, 4.75], "texture": "#0"},
				"west": {"uv": [7.5, 0.75, 7.75, 4.75], "texture": "#0"},
				"up": {"uv": [7.5, 0.75, 8.75, 1], "texture": "#0"},
				"down": {"uv": [7.5, 4.5, 8.75, 4.75], "texture": "#0"}
			}
		},
		{
			"name": "fraggrenade_2",
			"from": [9.25, 11.25, 0],
			"to": [10, 15.25, 0.25],
			"faces": {
				"north": {"uv": [10, 0.75, 9.25, 4.75], "texture": "#0"},
				"east": {"uv": [9.75, 0.75, 10, 4.75], "texture": "#0"},
				"south": {"uv": [9.25, 0.75, 10, 4.75], "texture": "#0"},
				"west": {"uv": [9.25, 0.75, 9.5, 4.75], "texture": "#0"},
				"up": {"uv": [9.25, 0.75, 10, 1], "texture": "#0"},
				"down": {"uv": [9.25, 4.5, 10, 4.75], "texture": "#0"}
			}
		},
		{
			"name": "fraggrenade_3",
			"from": [7, 14.75, 0],
			"to": [7.5, 15, 0.25],
			"faces": {
				"north": {"uv": [7.5, 1, 7, 1.25], "texture": "#0"},
				"east": {"uv": [7.25, 1, 7.5, 1.25], "texture": "#0"},
				"south": {"uv": [7, 1, 7.5, 1.25], "texture": "#0"},
				"west": {"uv": [7, 1, 7.25, 1.25], "texture": "#0"},
				"up": {"uv": [7, 1, 7.5, 1.25], "texture": "#0"},
				"down": {"uv": [7, 1, 7.5, 1.25], "texture": "#0"}
			}
		},
		{
			"name": "fraggrenade_4",
			"from": [10, 11, 0],
			"to": [10.5, 15, 0.25],
			"faces": {
				"north": {"uv": [10.5, 1, 10, 5], "texture": "#0"},
				"east": {"uv": [10.25, 1, 10.5, 5], "texture": "#0"},
				"south": {"uv": [10, 1, 10.5, 5], "texture": "#0"},
				"west": {"uv": [10, 1, 10.25, 5], "texture": "#0"},
				"up": {"uv": [10, 1, 10.5, 1.25], "texture": "#0"},
				"down": {"uv": [10, 4.75, 10.5, 5], "texture": "#0"}
			}
		},
		{
			"name": "fraggrenade_5",
			"from": [7.25, 11.5, 0],
			"to": [7.5, 14.75, 0.25],
			"faces": {
				"north": {"uv": [7.5, 1.25, 7.25, 4.5], "texture": "#0"},
				"east": {"uv": [7.25, 1.25, 7.5, 4.5], "texture": "#0"},
				"south": {"uv": [7.25, 1.25, 7.5, 4.5], "texture": "#0"},
				"west": {"uv": [7.25, 1.25, 7.5, 4.5], "texture": "#0"},
				"up": {"uv": [7.25, 1.25, 7.5, 1.5], "texture": "#0"},
				"down": {"uv": [7.25, 4.25, 7.5, 4.5], "texture": "#0"}
			}
		},
		{
			"name": "fraggrenade_6",
			"from": [10.5, 13.25, 0],
			"to": [11.25, 14.75, 0.25],
			"faces": {
				"north": {"uv": [11.25, 1.25, 10.5, 2.75], "texture": "#0"},
				"east": {"uv": [11, 1.25, 11.25, 2.75], "texture": "#0"},
				"south": {"uv": [10.5, 1.25, 11.25, 2.75], "texture": "#0"},
				"west": {"uv": [10.5, 1.25, 10.75, 2.75], "texture": "#0"},
				"up": {"uv": [10.5, 1.25, 11.25, 1.5], "texture": "#0"},
				"down": {"uv": [10.5, 2.5, 11.25, 2.75], "texture": "#0"}
			}
		},
		{
			"name": "fraggrenade_7",
			"from": [7, 11.5, 0],
			"to": [7.25, 14.5, 0.25],
			"faces": {
				"north": {"uv": [7.25, 1.5, 7, 4.5], "texture": "#0"},
				"east": {"uv": [7, 1.5, 7.25, 4.5], "texture": "#0"},
				"south": {"uv": [7, 1.5, 7.25, 4.5], "texture": "#0"},
				"west": {"uv": [7, 1.5, 7.25, 4.5], "texture": "#0"},
				"up": {"uv": [7, 1.5, 7.25, 1.75], "texture": "#0"},
				"down": {"uv": [7, 4.25, 7.25, 4.5], "texture": "#0"}
			}
		},
		{
			"name": "fraggrenade_8",
			"from": [11.25, 13.5, 0],
			"to": [11.5, 14.5, 0.25],
			"faces": {
				"north": {"uv": [11.5, 1.5, 11.25, 2.5], "texture": "#0"},
				"east": {"uv": [11.25, 1.5, 11.5, 2.5], "texture": "#0"},
				"south": {"uv": [11.25, 1.5, 11.5, 2.5], "texture": "#0"},
				"west": {"uv": [11.25, 1.5, 11.5, 2.5], "texture": "#0"},
				"up": {"uv": [11.25, 1.5, 11.5, 1.75], "texture": "#0"},
				"down": {"uv": [11.25, 2.25, 11.5, 2.5], "texture": "#0"}
			}
		},
		{
			"name": "fraggrenade_9",
			"from": [11.5, 13.5, 0],
			"to": [12, 14.25, 0.25],
			"faces": {
				"north": {"uv": [12, 1.75, 11.5, 2.5], "texture": "#0"},
				"east": {"uv": [11.75, 1.75, 12, 2.5], "texture": "#0"},
				"south": {"uv": [11.5, 1.75, 12, 2.5], "texture": "#0"},
				"west": {"uv": [11.5, 1.75, 11.75, 2.5], "texture": "#0"},
				"up": {"uv": [11.5, 1.75, 12, 2], "texture": "#0"},
				"down": {"uv": [11.5, 2.25, 12, 2.5], "texture": "#0"}
			}
		},
		{
			"name": "fraggrenade_10",
			"from": [6.75, 11.25, 0],
			"to": [7, 14, 0.25],
			"faces": {
				"north": {"uv": [7, 2, 6.75, 4.75], "texture": "#0"},
				"east": {"uv": [6.75, 2, 7, 4.75], "texture": "#0"},
				"south": {"uv": [6.75, 2, 7, 4.75], "texture": "#0"},
				"west": {"uv": [6.75, 2, 7, 4.75], "texture": "#0"},
				"up": {"uv": [6.75, 2, 7, 2.25], "texture": "#0"},
				"down": {"uv": [6.75, 4.5, 7, 4.75], "texture": "#0"}
			}
		},
		{
			"name": "fraggrenade_11",
			"from": [12, 13.75, 0],
			"to": [12.5, 14, 0.25],
			"faces": {
				"north": {"uv": [12.5, 2, 12, 2.25], "texture": "#0"},
				"east": {"uv": [12.25, 2, 12.5, 2.25], "texture": "#0"},
				"south": {"uv": [12, 2, 12.5, 2.25], "texture": "#0"},
				"west": {"uv": [12, 2, 12.25, 2.25], "texture": "#0"},
				"up": {"uv": [12, 2, 12.5, 2.25], "texture": "#0"},
				"down": {"uv": [12, 2, 12.5, 2.25], "texture": "#0"}
			}
		},
		{
			"name": "fraggrenade_12",
			"from": [6.5, 11, 0],
			"to": [6.75, 13.75, 0.25],
			"faces": {
				"north": {"uv": [6.75, 2.25, 6.5, 5], "texture": "#0"},
				"east": {"uv": [6.5, 2.25, 6.75, 5], "texture": "#0"},
				"south": {"uv": [6.5, 2.25, 6.75, 5], "texture": "#0"},
				"west": {"uv": [6.5, 2.25, 6.75, 5], "texture": "#0"},
				"up": {"uv": [6.5, 2.25, 6.75, 2.5], "texture": "#0"},
				"down": {"uv": [6.5, 4.75, 6.75, 5], "texture": "#0"}
			}
		},
		{
			"name": "fraggrenade_13",
			"from": [12, 13.25, 0],
			"to": [12.25, 13.75, 0.25],
			"faces": {
				"north": {"uv": [12.25, 2.25, 12, 2.75], "texture": "#0"},
				"east": {"uv": [12, 2.25, 12.25, 2.75], "texture": "#0"},
				"south": {"uv": [12, 2.25, 12.25, 2.75], "texture": "#0"},
				"west": {"uv": [12, 2.25, 12.25, 2.75], "texture": "#0"},
				"up": {"uv": [12, 2.25, 12.25, 2.5], "texture": "#0"},
				"down": {"uv": [12, 2.5, 12.25, 2.75], "texture": "#0"}
			}
		},
		{
			"name": "fraggrenade_14",
			"from": [11.75, 13.25, 0],
			"to": [12, 13.5, 0.25],
			"faces": {
				"north": {"uv": [12, 2.5, 11.75, 2.75], "texture": "#0"},
				"east": {"uv": [11.75, 2.5, 12, 2.75], "texture": "#0"},
				"south": {"uv": [11.75, 2.5, 12, 2.75], "texture": "#0"},
				"west": {"uv": [11.75, 2.5, 12, 2.75], "texture": "#0"},
				"up": {"uv": [11.75, 2.5, 12, 2.75], "texture": "#0"},
				"down": {"uv": [11.75, 2.5, 12, 2.75], "texture": "#0"}
			}
		},
		{
			"name": "fraggrenade_15",
			"from": [12.25, 13.25, 0],
			"to": [12.5, 13.5, 0.25],
			"faces": {
				"north": {"uv": [12.5, 2.5, 12.25, 2.75], "texture": "#0"},
				"east": {"uv": [12.25, 2.5, 12.5, 2.75], "texture": "#0"},
				"south": {"uv": [12.25, 2.5, 12.5, 2.75], "texture": "#0"},
				"west": {"uv": [12.25, 2.5, 12.5, 2.75], "texture": "#0"},
				"up": {"uv": [12.25, 2.5, 12.5, 2.75], "texture": "#0"},
				"down": {"uv": [12.25, 2.5, 12.5, 2.75], "texture": "#0"}
			}
		},
		{
			"name": "fraggrenade_16",
			"from": [6.25, 10.75, 0],
			"to": [6.5, 13.25, 0.25],
			"faces": {
				"north": {"uv": [6.5, 2.75, 6.25, 5.25], "texture": "#0"},
				"east": {"uv": [6.25, 2.75, 6.5, 5.25], "texture": "#0"},
				"south": {"uv": [6.25, 2.75, 6.5, 5.25], "texture": "#0"},
				"west": {"uv": [6.25, 2.75, 6.5, 5.25], "texture": "#0"},
				"up": {"uv": [6.25, 2.75, 6.5, 3], "texture": "#0"},
				"down": {"uv": [6.25, 5, 6.5, 5.25], "texture": "#0"}
			}
		},
		{
			"name": "fraggrenade_17",
			"from": [10.5, 12, 0],
			"to": [11, 13.25, 0.25],
			"faces": {
				"north": {"uv": [11, 2.75, 10.5, 4], "texture": "#0"},
				"east": {"uv": [10.75, 2.75, 11, 4], "texture": "#0"},
				"south": {"uv": [10.5, 2.75, 11, 4], "texture": "#0"},
				"west": {"uv": [10.5, 2.75, 10.75, 4], "texture": "#0"},
				"up": {"uv": [10.5, 2.75, 11, 3], "texture": "#0"},
				"down": {"uv": [10.5, 3.75, 11, 4], "texture": "#0"}
			}
		},
		{
			"name": "fraggrenade_18",
			"from": [6, 10.25, 0],
			"to": [6.25, 12.75, 0.25],
			"faces": {
				"north": {"uv": [6.25, 3.25, 6, 5.75], "texture": "#0"},
				"east": {"uv": [6, 3.25, 6.25, 5.75], "texture": "#0"},
				"south": {"uv": [6, 3.25, 6.25, 5.75], "texture": "#0"},
				"west": {"uv": [6, 3.25, 6.25, 5.75], "texture": "#0"},
				"up": {"uv": [6, 3.25, 6.25, 3.5], "texture": "#0"},
				"down": {"uv": [6, 5.5, 6.25, 5.75], "texture": "#0"}
			}
		},
		{
			"name": "fraggrenade_19",
			"from": [5.75, 10, 0],
			"to": [6, 12.5, 0.25],
			"faces": {
				"north": {"uv": [6, 3.5, 5.75, 6], "texture": "#0"},
				"east": {"uv": [5.75, 3.5, 6, 6], "texture": "#0"},
				"south": {"uv": [5.75, 3.5, 6, 6], "texture": "#0"},
				"west": {"uv": [5.75, 3.5, 6, 6], "texture": "#0"},
				"up": {"uv": [5.75, 3.5, 6, 3.75], "texture": "#0"},
				"down": {"uv": [5.75, 5.75, 6, 6], "texture": "#0"}
			}
		},
		{
			"name": "fraggrenade_20",
			"from": [5.5, 1, 0],
			"to": [5.75, 12, 0.25],
			"faces": {
				"north": {"uv": [5.75, 4, 5.5, 15], "texture": "#0"},
				"east": {"uv": [5.5, 4, 5.75, 15], "texture": "#0"},
				"south": {"uv": [5.5, 4, 5.75, 15], "texture": "#0"},
				"west": {"uv": [5.5, 4, 5.75, 15], "texture": "#0"},
				"up": {"uv": [5.5, 4, 5.75, 4.25], "texture": "#0"},
				"down": {"uv": [5.5, 14.75, 5.75, 15], "texture": "#0"}
			}
		},
		{
			"name": "fraggrenade_21",
			"from": [10.5, 11, 0],
			"to": [10.75, 12, 0.25],
			"faces": {
				"north": {"uv": [10.75, 4, 10.5, 5], "texture": "#0"},
				"east": {"uv": [10.5, 4, 10.75, 5], "texture": "#0"},
				"south": {"uv": [10.5, 4, 10.75, 5], "texture": "#0"},
				"west": {"uv": [10.5, 4, 10.75, 5], "texture": "#0"},
				"up": {"uv": [10.5, 4, 10.75, 4.25], "texture": "#0"},
				"down": {"uv": [10.5, 4.75, 10.75, 5], "texture": "#0"}
			}
		},
		{
			"name": "fraggrenade_22",
			"from": [5.25, 1.25, 0],
			"to": [5.5, 11.75, 0.25],
			"faces": {
				"north": {"uv": [5.5, 4.25, 5.25, 14.75], "texture": "#0"},
				"east": {"uv": [5.25, 4.25, 5.5, 14.75], "texture": "#0"},
				"south": {"uv": [5.25, 4.25, 5.5, 14.75], "texture": "#0"},
				"west": {"uv": [5.25, 4.25, 5.5, 14.75], "texture": "#0"},
				"up": {"uv": [5.25, 4.25, 5.5, 4.5], "texture": "#0"},
				"down": {"uv": [5.25, 14.5, 5.5, 14.75], "texture": "#0"}
			}
		},
		{
			"name": "fraggrenade_23",
			"from": [5, 1.5, 0],
			"to": [5.25, 11.25, 0.25],
			"faces": {
				"north": {"uv": [5.25, 4.75, 5, 14.5], "texture": "#0"},
				"east": {"uv": [5, 4.75, 5.25, 14.5], "texture": "#0"},
				"south": {"uv": [5, 4.75, 5.25, 14.5], "texture": "#0"},
				"west": {"uv": [5, 4.75, 5.25, 14.5], "texture": "#0"},
				"up": {"uv": [5, 4.75, 5.25, 5], "texture": "#0"},
				"down": {"uv": [5, 14.25, 5.25, 14.5], "texture": "#0"}
			}
		},
		{
			"name": "fraggrenade_24",
			"from": [8.25, 0.25, 0],
			"to": [9, 11.25, 0.25],
			"faces": {
				"north": {"uv": [9, 4.75, 8.25, 15.75], "texture": "#0"},
				"east": {"uv": [8.75, 4.75, 9, 15.75], "texture": "#0"},
				"south": {"uv": [8.25, 4.75, 9, 15.75], "texture": "#0"},
				"west": {"uv": [8.25, 4.75, 8.5, 15.75], "texture": "#0"},
				"up": {"uv": [8.25, 4.75, 9, 5], "texture": "#0"},
				"down": {"uv": [8.25, 15.5, 9, 15.75], "texture": "#0"}
			}
		},
		{
			"name": "fraggrenade_25",
			"from": [9.5, 11, 0],
			"to": [10, 11.25, 0.25],
			"faces": {
				"north": {"uv": [10, 4.75, 9.5, 5], "texture": "#0"},
				"east": {"uv": [9.75, 4.75, 10, 5], "texture": "#0"},
				"south": {"uv": [9.5, 4.75, 10, 5], "texture": "#0"},
				"west": {"uv": [9.5, 4.75, 9.75, 5], "texture": "#0"},
				"up": {"uv": [9.5, 4.75, 10, 5], "texture": "#0"},
				"down": {"uv": [9.5, 4.75, 10, 5], "texture": "#0"}
			}
		},
		{
			"name": "fraggrenade_26",
			"from": [4.75, 1.5, 0],
			"to": [5, 10.75, 0.25],
			"faces": {
				"north": {"uv": [5, 5.25, 4.75, 14.5], "texture": "#0"},
				"east": {"uv": [4.75, 5.25, 5, 14.5], "texture": "#0"},
				"south": {"uv": [4.75, 5.25, 5, 14.5], "texture": "#0"},
				"west": {"uv": [4.75, 5.25, 5, 14.5], "texture": "#0"},
				"up": {"uv": [4.75, 5.25, 5, 5.5], "texture": "#0"},
				"down": {"uv": [4.75, 14.25, 5, 14.5], "texture": "#0"}
			}
		},
		{
			"name": "fraggrenade_27",
			"from": [8, 0.25, 0],
			"to": [8.25, 10.75, 0.25],
			"faces": {
				"north": {"uv": [8.25, 5.25, 8, 15.75], "texture": "#0"},
				"east": {"uv": [8, 5.25, 8.25, 15.75], "texture": "#0"},
				"south": {"uv": [8, 5.25, 8.25, 15.75], "texture": "#0"},
				"west": {"uv": [8, 5.25, 8.25, 15.75], "texture": "#0"},
				"up": {"uv": [8, 5.25, 8.25, 5.5], "texture": "#0"},
				"down": {"uv": [8, 15.5, 8.25, 15.75], "texture": "#0"}
			}
		},
		{
			"name": "fraggrenade_28",
			"from": [9, 0.5, 0],
			"to": [10, 10.75, 0.25],
			"faces": {
				"north": {"uv": [10, 5.25, 9, 15.5], "texture": "#0"},
				"east": {"uv": [9.75, 5.25, 10, 15.5], "texture": "#0"},
				"south": {"uv": [9, 5.25, 10, 15.5], "texture": "#0"},
				"west": {"uv": [9, 5.25, 9.25, 15.5], "texture": "#0"},
				"up": {"uv": [9, 5.25, 10, 5.5], "texture": "#0"},
				"down": {"uv": [9, 15.25, 10, 15.5], "texture": "#0"}
			}
		},
		{
			"name": "fraggrenade_29",
			"from": [10, 9.5, 0],
			"to": [10.5, 10.5, 0.25],
			"faces": {
				"north": {"uv": [10.5, 5.5, 10, 6.5], "texture": "#0"},
				"east": {"uv": [10.25, 5.5, 10.5, 6.5], "texture": "#0"},
				"south": {"uv": [10, 5.5, 10.5, 6.5], "texture": "#0"},
				"west": {"uv": [10, 5.5, 10.25, 6.5], "texture": "#0"},
				"up": {"uv": [10, 5.5, 10.5, 5.75], "texture": "#0"},
				"down": {"uv": [10, 6.25, 10.5, 6.5], "texture": "#0"}
			}
		},
		{
			"name": "fraggrenade_30",
			"from": [4.5, 1.75, 0],
			"to": [4.75, 10.25, 0.25],
			"faces": {
				"north": {"uv": [4.75, 5.75, 4.5, 14.25], "texture": "#0"},
				"east": {"uv": [4.5, 5.75, 4.75, 14.25], "texture": "#0"},
				"south": {"uv": [4.5, 5.75, 4.75, 14.25], "texture": "#0"},
				"west": {"uv": [4.5, 5.75, 4.75, 14.25], "texture": "#0"},
				"up": {"uv": [4.5, 5.75, 4.75, 6], "texture": "#0"},
				"down": {"uv": [4.5, 14, 4.75, 14.25], "texture": "#0"}
			}
		},
		{
			"name": "fraggrenade_31",
			"from": [4.25, 2, 0],
			"to": [4.5, 9.75, 0.25],
			"faces": {
				"north": {"uv": [4.5, 6.25, 4.25, 14], "texture": "#0"},
				"east": {"uv": [4.25, 6.25, 4.5, 14], "texture": "#0"},
				"south": {"uv": [4.25, 6.25, 4.5, 14], "texture": "#0"},
				"west": {"uv": [4.25, 6.25, 4.5, 14], "texture": "#0"},
				"up": {"uv": [4.25, 6.25, 4.5, 6.5], "texture": "#0"},
				"down": {"uv": [4.25, 13.75, 4.5, 14], "texture": "#0"}
			}
		},
		{
			"name": "fraggrenade_32",
			"from": [5.75, 1, 0],
			"to": [8, 9.75, 0.25],
			"faces": {
				"north": {"uv": [8, 6.25, 5.75, 15], "texture": "#0"},
				"east": {"uv": [7.75, 6.25, 8, 15], "texture": "#0"},
				"south": {"uv": [5.75, 6.25, 8, 15], "texture": "#0"},
				"west": {"uv": [5.75, 6.25, 6, 15], "texture": "#0"},
				"up": {"uv": [5.75, 6.25, 8, 6.5], "texture": "#0"},
				"down": {"uv": [5.75, 14.75, 8, 15], "texture": "#0"}
			}
		},
		{
			"name": "fraggrenade_33",
			"from": [4, 2.25, 0],
			"to": [4.25, 9.5, 0.25],
			"faces": {
				"north": {"uv": [4.25, 6.5, 4, 13.75], "texture": "#0"},
				"east": {"uv": [4, 6.5, 4.25, 13.75], "texture": "#0"},
				"south": {"uv": [4, 6.5, 4.25, 13.75], "texture": "#0"},
				"west": {"uv": [4, 6.5, 4.25, 13.75], "texture": "#0"},
				"up": {"uv": [4, 6.5, 4.25, 6.75], "texture": "#0"},
				"down": {"uv": [4, 13.5, 4.25, 13.75], "texture": "#0"}
			}
		},
		{
			"name": "fraggrenade_34",
			"from": [10, 0.5, 0],
			"to": [10.25, 9.5, 0.25],
			"faces": {
				"north": {"uv": [10.25, 6.5, 10, 15.5], "texture": "#0"},
				"east": {"uv": [10, 6.5, 10.25, 15.5], "texture": "#0"},
				"south": {"uv": [10, 6.5, 10.25, 15.5], "texture": "#0"},
				"west": {"uv": [10, 6.5, 10.25, 15.5], "texture": "#0"},
				"up": {"uv": [10, 6.5, 10.25, 6.75], "texture": "#0"},
				"down": {"uv": [10, 15.25, 10.25, 15.5], "texture": "#0"}
			}
		},
		{
			"name": "fraggrenade_35",
			"from": [10.25, 0.5, 0],
			"to": [10.5, 9.25, 0.25],
			"faces": {
				"north": {"uv": [10.5, 6.75, 10.25, 15.5], "texture": "#0"},
				"east": {"uv": [10.25, 6.75, 10.5, 15.5], "texture": "#0"},
				"south": {"uv": [10.25, 6.75, 10.5, 15.5], "texture": "#0"},
				"west": {"uv": [10.25, 6.75, 10.5, 15.5], "texture": "#0"},
				"up": {"uv": [10.25, 6.75, 10.5, 7], "texture": "#0"},
				"down": {"uv": [10.25, 15.25, 10.5, 15.5], "texture": "#0"}
			}
		},
		{
			"name": "fraggrenade_36",
			"from": [3.75, 2.75, 0],
			"to": [4, 9, 0.25],
			"faces": {
				"north": {"uv": [4, 7, 3.75, 13.25], "texture": "#0"},
				"east": {"uv": [3.75, 7, 4, 13.25], "texture": "#0"},
				"south": {"uv": [3.75, 7, 4, 13.25], "texture": "#0"},
				"west": {"uv": [3.75, 7, 4, 13.25], "texture": "#0"},
				"up": {"uv": [3.75, 7, 4, 7.25], "texture": "#0"},
				"down": {"uv": [3.75, 13, 4, 13.25], "texture": "#0"}
			}
		},
		{
			"name": "fraggrenade_37",
			"from": [10.5, 0.75, 0],
			"to": [11, 9, 0.25],
			"faces": {
				"north": {"uv": [11, 7, 10.5, 15.25], "texture": "#0"},
				"east": {"uv": [10.75, 7, 11, 15.25], "texture": "#0"},
				"south": {"uv": [10.5, 7, 11, 15.25], "texture": "#0"},
				"west": {"uv": [10.5, 7, 10.75, 15.25], "texture": "#0"},
				"up": {"uv": [10.5, 7, 11, 7.25], "texture": "#0"},
				"down": {"uv": [10.5, 15, 11, 15.25], "texture": "#0"}
			}
		},
		{
			"name": "fraggrenade_38",
			"from": [3.5, 2.75, 0],
			"to": [3.75, 8.75, 0.25],
			"faces": {
				"north": {"uv": [3.75, 7.25, 3.5, 13.25], "texture": "#0"},
				"east": {"uv": [3.5, 7.25, 3.75, 13.25], "texture": "#0"},
				"south": {"uv": [3.5, 7.25, 3.75, 13.25], "texture": "#0"},
				"west": {"uv": [3.5, 7.25, 3.75, 13.25], "texture": "#0"},
				"up": {"uv": [3.5, 7.25, 3.75, 7.5], "texture": "#0"},
				"down": {"uv": [3.5, 13, 3.75, 13.25], "texture": "#0"}
			}
		},
		{
			"name": "fraggrenade_39",
			"from": [11, 1.25, 0],
			"to": [11.75, 8.75, 0.25],
			"faces": {
				"north": {"uv": [11.75, 7.25, 11, 14.75], "texture": "#0"},
				"east": {"uv": [11.5, 7.25, 11.75, 14.75], "texture": "#0"},
				"south": {"uv": [11, 7.25, 11.75, 14.75], "texture": "#0"},
				"west": {"uv": [11, 7.25, 11.25, 14.75], "texture": "#0"},
				"up": {"uv": [11, 7.25, 11.75, 7.5], "texture": "#0"},
				"down": {"uv": [11, 14.5, 11.75, 14.75], "texture": "#0"}
			}
		},
		{
			"name": "fraggrenade_40",
			"from": [11.75, 1.5, 0],
			"to": [12.25, 8.5, 0.25],
			"faces": {
				"north": {"uv": [12.25, 7.5, 11.75, 14.5], "texture": "#0"},
				"east": {"uv": [12, 7.5, 12.25, 14.5], "texture": "#0"},
				"south": {"uv": [11.75, 7.5, 12.25, 14.5], "texture": "#0"},
				"west": {"uv": [11.75, 7.5, 12, 14.5], "texture": "#0"},
				"up": {"uv": [11.75, 7.5, 12.25, 7.75], "texture": "#0"},
				"down": {"uv": [11.75, 14.25, 12.25, 14.5], "texture": "#0"}
			}
		},
		{
			"name": "fraggrenade_41",
			"from": [12.25, 2, 0],
			"to": [12.75, 8.25, 0.25],
			"faces": {
				"north": {"uv": [12.75, 7.75, 12.25, 14], "texture": "#0"},
				"east": {"uv": [12.5, 7.75, 12.75, 14], "texture": "#0"},
				"south": {"uv": [12.25, 7.75, 12.75, 14], "texture": "#0"},
				"west": {"uv": [12.25, 7.75, 12.5, 14], "texture": "#0"},
				"up": {"uv": [12.25, 7.75, 12.75, 8], "texture": "#0"},
				"down": {"uv": [12.25, 13.75, 12.75, 14], "texture": "#0"}
			}
		},
		{
			"name": "fraggrenade_42",
			"from": [12.75, 2.5, 0],
			"to": [13, 8, 0.25],
			"faces": {
				"north": {"uv": [13, 8, 12.75, 13.5], "texture": "#0"},
				"east": {"uv": [12.75, 8, 13, 13.5], "texture": "#0"},
				"south": {"uv": [12.75, 8, 13, 13.5], "texture": "#0"},
				"west": {"uv": [12.75, 8, 13, 13.5], "texture": "#0"},
				"up": {"uv": [12.75, 8, 13, 8.25], "texture": "#0"},
				"down": {"uv": [12.75, 13.25, 13, 13.5], "texture": "#0"}
			}
		},
		{
			"name": "fraggrenade_43",
			"from": [3.25, 2.75, 0],
			"to": [3.5, 7.75, 0.25],
			"faces": {
				"north": {"uv": [3.5, 8.25, 3.25, 13.25], "texture": "#0"},
				"east": {"uv": [3.25, 8.25, 3.5, 13.25], "texture": "#0"},
				"south": {"uv": [3.25, 8.25, 3.5, 13.25], "texture": "#0"},
				"west": {"uv": [3.25, 8.25, 3.5, 13.25], "texture": "#0"},
				"up": {"uv": [3.25, 8.25, 3.5, 8.5], "texture": "#0"},
				"down": {"uv": [3.25, 13, 3.5, 13.25], "texture": "#0"}
			}
		},
		{
			"name": "fraggrenade_44",
			"from": [13, 3.25, 0],
			"to": [13.5, 7.5, 0.25],
			"faces": {
				"north": {"uv": [13.5, 8.5, 13, 12.75], "texture": "#0"},
				"east": {"uv": [13.25, 8.5, 13.5, 12.75], "texture": "#0"},
				"south": {"uv": [13, 8.5, 13.5, 12.75], "texture": "#0"},
				"west": {"uv": [13, 8.5, 13.25, 12.75], "texture": "#0"},
				"up": {"uv": [13, 8.5, 13.5, 8.75], "texture": "#0"},
				"down": {"uv": [13, 12.5, 13.5, 12.75], "texture": "#0"}
			}
		},
		{
			"name": "fraggrenade_45",
			"from": [13.5, 4, 0],
			"to": [13.75, 7, 0.25],
			"faces": {
				"north": {"uv": [13.75, 9, 13.5, 12], "texture": "#0"},
				"east": {"uv": [13.5, 9, 13.75, 12], "texture": "#0"},
				"south": {"uv": [13.5, 9, 13.75, 12], "texture": "#0"},
				"west": {"uv": [13.5, 9, 13.75, 12], "texture": "#0"},
				"up": {"uv": [13.5, 9, 13.75, 9.25], "texture": "#0"},
				"down": {"uv": [13.5, 11.75, 13.75, 12], "texture": "#0"}
			}
		},
		{
			"name": "fraggrenade_46",
			"from": [3, 1.25, 0],
			"to": [3.25, 6.5, 0.25],
			"faces": {
				"north": {"uv": [3.25, 9.5, 3, 14.75], "texture": "#0"},
				"east": {"uv": [3, 9.5, 3.25, 14.75], "texture": "#0"},
				"south": {"uv": [3, 9.5, 3.25, 14.75], "texture": "#0"},
				"west": {"uv": [3, 9.5, 3.25, 14.75], "texture": "#0"},
				"up": {"uv": [3, 9.5, 3.25, 9.75], "texture": "#0"},
				"down": {"uv": [3, 14.5, 3.25, 14.75], "texture": "#0"}
			}
		},
		{
			"name": "fraggrenade_47",
			"from": [13.75, 5, 0],
			"to": [14, 6, 0.25],
			"faces": {
				"north": {"uv": [14, 10, 13.75, 11], "texture": "#0"},
				"east": {"uv": [13.75, 10, 14, 11], "texture": "#0"},
				"south": {"uv": [13.75, 10, 14, 11], "texture": "#0"},
				"west": {"uv": [13.75, 10, 14, 11], "texture": "#0"},
				"up": {"uv": [13.75, 10, 14, 10.25], "texture": "#0"},
				"down": {"uv": [13.75, 10.75, 14, 11], "texture": "#0"}
			}
		},
		{
			"name": "fraggrenade_48",
			"from": [2.75, 1.25, 0],
			"to": [3, 5, 0.25],
			"faces": {
				"north": {"uv": [3, 11, 2.75, 14.75], "texture": "#0"},
				"east": {"uv": [2.75, 11, 3, 14.75], "texture": "#0"},
				"south": {"uv": [2.75, 11, 3, 14.75], "texture": "#0"},
				"west": {"uv": [2.75, 11, 3, 14.75], "texture": "#0"},
				"up": {"uv": [2.75, 11, 3, 11.25], "texture": "#0"},
				"down": {"uv": [2.75, 14.5, 3, 14.75], "texture": "#0"}
			}
		},
		{
			"name": "fraggrenade_49",
			"from": [2.5, 1.25, 0],
			"to": [2.75, 4.5, 0.25],
			"faces": {
				"north": {"uv": [2.75, 11.5, 2.5, 14.75], "texture": "#0"},
				"east": {"uv": [2.5, 11.5, 2.75, 14.75], "texture": "#0"},
				"south": {"uv": [2.5, 11.5, 2.75, 14.75], "texture": "#0"},
				"west": {"uv": [2.5, 11.5, 2.75, 14.75], "texture": "#0"},
				"up": {"uv": [2.5, 11.5, 2.75, 11.75], "texture": "#0"},
				"down": {"uv": [2.5, 14.5, 2.75, 14.75], "texture": "#0"}
			}
		},
		{
			"name": "fraggrenade_50",
			"from": [2.25, 1.5, 0],
			"to": [2.5, 3.25, 0.25],
			"faces": {
				"north": {"uv": [2.5, 12.75, 2.25, 14.5], "texture": "#0"},
				"east": {"uv": [2.25, 12.75, 2.5, 14.5], "texture": "#0"},
				"south": {"uv": [2.25, 12.75, 2.5, 14.5], "texture": "#0"},
				"west": {"uv": [2.25, 12.75, 2.5, 14.5], "texture": "#0"},
				"up": {"uv": [2.25, 12.75, 2.5, 13], "texture": "#0"},
				"down": {"uv": [2.25, 14.25, 2.5, 14.5], "texture": "#0"}
			}
		},
		{
			"name": "fraggrenade_51",
			"from": [13, 2.75, 0],
			"to": [13.25, 3.25, 0.25],
			"faces": {
				"north": {"uv": [13.25, 12.75, 13, 13.25], "texture": "#0"},
				"east": {"uv": [13, 12.75, 13.25, 13.25], "texture": "#0"},
				"south": {"uv": [13, 12.75, 13.25, 13.25], "texture": "#0"},
				"west": {"uv": [13, 12.75, 13.25, 13.25], "texture": "#0"},
				"up": {"uv": [13, 12.75, 13.25, 13], "texture": "#0"},
				"down": {"uv": [13, 13, 13.25, 13.25], "texture": "#0"}
			}
		},
		{
			"name": "fraggrenade_52",
			"from": [2, 1.75, 0],
			"to": [2.25, 2, 0.25],
			"faces": {
				"north": {"uv": [2.25, 14, 2, 14.25], "texture": "#0"},
				"east": {"uv": [2, 14, 2.25, 14.25], "texture": "#0"},
				"south": {"uv": [2, 14, 2.25, 14.25], "texture": "#0"},
				"west": {"uv": [2, 14, 2.25, 14.25], "texture": "#0"},
				"up": {"uv": [2, 14, 2.25, 14.25], "texture": "#0"},
				"down": {"uv": [2, 14, 2.25, 14.25], "texture": "#0"}
			}
		},
		{
			"name": "fraggrenade_53",
			"from": [12.25, 1.75, 0],
			"to": [12.5, 2, 0.25],
			"faces": {
				"north": {"uv": [12.5, 14, 12.25, 14.25], "texture": "#0"},
				"east": {"uv": [12.25, 14, 12.5, 14.25], "texture": "#0"},
				"south": {"uv": [12.25, 14, 12.5, 14.25], "texture": "#0"},
				"west": {"uv": [12.25, 14, 12.5, 14.25], "texture": "#0"},
				"up": {"uv": [12.25, 14, 12.5, 14.25], "texture": "#0"},
				"down": {"uv": [12.25, 14, 12.5, 14.25], "texture": "#0"}
			}
		},
		{
			"name": "fraggrenade_54",
			"from": [11.75, 1.25, 0],
			"to": [12, 1.5, 0.25],
			"faces": {
				"north": {"uv": [12, 14.5, 11.75, 14.75], "texture": "#0"},
				"east": {"uv": [11.75, 14.5, 12, 14.75], "texture": "#0"},
				"south": {"uv": [11.75, 14.5, 12, 14.75], "texture": "#0"},
				"west": {"uv": [11.75, 14.5, 12, 14.75], "texture": "#0"},
				"up": {"uv": [11.75, 14.5, 12, 14.75], "texture": "#0"},
				"down": {"uv": [11.75, 14.5, 12, 14.75], "texture": "#0"}
			}
		},
		{
			"name": "fraggrenade_55",
			"from": [11, 1, 0],
			"to": [11.5, 1.25, 0.25],
			"faces": {
				"north": {"uv": [11.5, 14.75, 11, 15], "texture": "#0"},
				"east": {"uv": [11.25, 14.75, 11.5, 15], "texture": "#0"},
				"south": {"uv": [11, 14.75, 11.5, 15], "texture": "#0"},
				"west": {"uv": [11, 14.75, 11.25, 15], "texture": "#0"},
				"up": {"uv": [11, 14.75, 11.5, 15], "texture": "#0"},
				"down": {"uv": [11, 14.75, 11.5, 15], "texture": "#0"}
			}
		},
		{
			"name": "fraggrenade_56",
			"from": [6, 0.75, 0],
			"to": [8, 1, 0.25],
			"faces": {
				"north": {"uv": [8, 15, 6, 15.25], "texture": "#0"},
				"east": {"uv": [7.75, 15, 8, 15.25], "texture": "#0"},
				"south": {"uv": [6, 15, 8, 15.25], "texture": "#0"},
				"west": {"uv": [6, 15, 6.25, 15.25], "texture": "#0"},
				"up": {"uv": [6, 15, 8, 15.25], "texture": "#0"},
				"down": {"uv": [6, 15, 8, 15.25], "texture": "#0"}
			}
		},
		{
			"name": "fraggrenade_57",
			"from": [7, 0.5, 0],
			"to": [8, 0.75, 0.25],
			"faces": {
				"north": {"uv": [8, 15.25, 7, 15.5], "texture": "#0"},
				"east": {"uv": [7.75, 15.25, 8, 15.5], "texture": "#0"},
				"south": {"uv": [7, 15.25, 8, 15.5], "texture": "#0"},
				"west": {"uv": [7, 15.25, 7.25, 15.5], "texture": "#0"},
				"up": {"uv": [7, 15.25, 8, 15.5], "texture": "#0"},
				"down": {"uv": [7, 15.25, 8, 15.5], "texture": "#0"}
			}
		},
		{
			"name": "fraggrenade_58",
			"from": [9, 0.25, 0],
			"to": [9.5, 0.5, 0.25],
			"faces": {
				"north": {"uv": [9.5, 15.5, 9, 15.75], "texture": "#0"},
				"east": {"uv": [9.25, 15.5, 9.5, 15.75], "texture": "#0"},
				"south": {"uv": [9, 15.5, 9.5, 15.75], "texture": "#0"},
				"west": {"uv": [9, 15.5, 9.25, 15.75], "texture": "#0"},
				"up": {"uv": [9, 15.5, 9.5, 15.75], "texture": "#0"},
				"down": {"uv": [9, 15.5, 9.5, 15.75], "texture": "#0"}
			}
		}
	],
	"gui_light": "front",
	"display": {
		"thirdperson_righthand": {
			"translation": [0, 2.75, 4.25],
			"scale": [0.5, 0.5, 0.5]
		},
		"thirdperson_lefthand": {
			"translation": [0, 2.5, 4.5],
			"scale": [0.5, 0.5, 0.5]
		},
		"firstperson_righthand": {
			"translation": [6.5, 0, 3]
		},
		"firstperson_lefthand": {
			"translation": [8, 0, 1.75]
		},
		"ground": {
			"translation": [0, 0, 3.75],
			"scale": [0.5, 0.5, 0.5]
		},
		"fixed": {
			"translation": [0, 0, 7.75]
		}
	},
	"groups": [
		{
			"name": "fraggrenade",
			"origin": [8, 8, 8],
			"color": 0,
			"children": [
				0,
				1,
				2,
				3,
				4,
				5,
				6,
				7,
				8,
				9,
				10,
				11,
				12,
				13,
				14,
				15,
				16,
				17,
				18,
				19,
				20,
				21,
				22,
				23,
				24,
				25,
				26,
				27,
				28,
				29,
				30,
				31,
				32,
				33,
				34,
				35,
				36,
				37,
				38,
				39,
				40,
				41,
				42,
				43,
				44,
				45,
				46,
				47,
				48,
				49,
				50,
				51,
				52,
				53,
				54,
				55,
				56,
				57,
				58
			]
		}
	]
}