{
  "model": {
    "type": "minecraft:select",
    "cases": [
      {
        "model": {
          "type": "minecraft:condition",
          "on_false": {
            "type": "minecraft:model",
            "model": "minecraft:item/bundle_netherite"
          },
          "on_true": {
            "type": "minecraft:composite",
            "models": [
              {
                "type": "minecraft:model",
                "model": "minecraft:item/bundle_open_back_netherite"
              },
              {
                "type": "minecraft:bundle/selected_item"
              },
              {
                "type": "minecraft:model",
                "model": "minecraft:item/bundle_open_front_netherite"
              }
            ]
          },
          "property": "minecraft:bundle/has_selected_item"
        },
        "when": "gui"
      }
    ],
    "fallback": {
      "type": "minecraft:model",
      "model": "minecraft:item/bundle_netherite"
    },
    "property": "minecraft:display_context"
  }
}