{
  "model": {
    "type": "minecraft:select",
    "cases": [
      {
        "model": {
          "type": "minecraft:model",
          "model": "minecraft:item/spear_golden"
        },
        "when": [
          "gui",
          "ground"
        ]
      }
    ],
    "fallback": {
      "type": "minecraft:select",
      "property": "minecraft:display_context",
      "cases": [
        {
          "when": [
            "thirdperson_righthand",
            "thirdperson_lefthand",
            "firstperson_righthand",
            "firstperson_lefthand",
            "fixed"
          ],
          "model": {
            "type": "minecraft:model",
            "model": "minecraft:item/spear_golden_model"
          }
        }
      ]
    },
    "property": "minecraft:display_context"
  }
}