{
  "model": {
    "type": "minecraft:select",
    "property": "minecraft:display_context",
    "cases": [
      {
        "when": [
          "firstperson_righthand",
          "firstperson_lefthand",
          "thirdperson_righthand",
          "thirdperson_lefthand",
          "gui",
          "ground"
        ],
        "model": {
          "type": "minecraft:model",
          "model": "item/written_book"
        }
      }
    ],
    "fallback": {
      "type": "minecraft:select",
      "property": "minecraft:display_context",
      "cases": [
        {
          "when": [
            "head",
            "fixed"
          ],
          "model": {
            "type": "minecraft:model",
            "model": "item/books/book_quill"
          }
        }
      ]
    }
  }
}