{
    "luger_p08_fire": {
        "sounds": [
            {
                "name": "modern_guns:shoot/luger_p08_fire1",
                "stream": false
            },
            {
                "name": "modern_guns:shoot/luger_p08_fire2",
                "stream": false
            },
            {
                "name": "modern_guns:shoot/luger_p08_fire3",
                "stream": false
            },
            {
                "name": "modern_guns:shoot/luger_p08_fire4",
                "stream": false
            }
        ]
    },
    "luger_p08_fire_distant": {
        "sounds": [
            {
                "name": "modern_guns:shoot/luger_p08_fire_distant",
                "stream": false
            }
        ]
    },
    "luger_p08_reload": {
        "sounds": [
            {
                "name": "modern_guns:reload/luger_p08_reload",
                "stream": true
            }
        ]
    },
    "ak47_fire": {
        "sounds": [
            {
                "name": "modern_guns:shoot/ak47_fire",
                "stream": false
            }
        ]
    },
    "ak47_fire_distant": {
        "sounds": [
            {
                "name": "modern_guns:shoot/ak47_fire_distant",
                "stream": false
            }
        ]
    },
    "ak47_reload": {
        "sounds": [
            {
                "name": "modern_guns:reload/ak47_reload",
                "stream": true
            }
        ]
    },
    "thompson_submachine_gun_fire": {
        "sounds": [
            {
                "name": "modern_guns:shoot/thompson_submachine_gun_fire",
                "stream": false
            }
        ]
    },
    "thompson_submachine_gun_fire_distant": {
        "sounds": [
            {
                "name": "modern_guns:shoot/thompson_submachine_gun_fire_distant",
                "stream": false
            }
        ]
    },
    "thompson_submachine_gun_reload": {
        "sounds": [
            {
                "name": "modern_guns:reload/thompson_submachine_gun_reload",
                "stream": true
            }
        ]
    },
    "beretta_486_fire": {
        "sounds": [
            {
                "name": "modern_guns:shoot/beretta_486_fire",
                "stream": false
            }
        ]
    },
    "beretta_486_fire_distant": {
        "sounds": [
            {
                "name": "modern_guns:shoot/beretta_486_fire_distant",
                "stream": false
            }
        ]
    },
    "beretta_486_reload": {
        "sounds": [
            {
                "name": "modern_guns:reload/beretta_486_reload",
                "stream": true
            }
        ]
    },
    "winchester_model_70_fire": {
        "sounds": [
            {
                "name": "modern_guns:shoot/winchester_model_70_fire",
                "stream": false
            }
        ]
    },
    "winchester_model_70_fire_distant": {
        "sounds": [
            {
                "name": "modern_guns:shoot/winchester_model_70_fire_distant",
                "stream": false
            }
        ]
    },
    "winchester_model_70_reload": {
        "sounds": [
            {
                "name": "modern_guns:reload/winchester_model_70_reload",
                "stream": true
            }
        ]
    },
    "glock_17_fire": {
        "sounds": [
            {
                "name": "modern_guns:shoot/glock_17_fire",
                "stream": false
            }
        ]
    },
    "glock_17_fire_distant": {
        "sounds": [
            {
                "name": "modern_guns:shoot/glock_17_fire_distant",
                "stream": false
            }
        ]
    },
    "glock_17_reload": {
        "sounds": [
            {
                "name": "modern_guns:reload/glock_17_reload",
                "stream": true
            }
        ]
    },
    "m4a1_fire": {
        "sounds": [
            {
                "name": "modern_guns:shoot/m4a1_fire",
                "stream": false
            }
        ]
    },
    "m4a1_fire_distant": {
        "sounds": [
            {
                "name": "modern_guns:shoot/m4a1_fire_distant",
                "stream": false
            }
        ]
    },
    "m4a1_reload": {
        "sounds": [
            {
                "name": "modern_guns:reload/m4a1_reload",
                "stream": true
            }
        ]
    },
    "heckler_and_koch_mp5_fire": {
        "sounds": [
            {
                "name": "modern_guns:shoot/heckler_and_koch_mp5_fire",
                "stream": false
            }
        ]
    },
    "heckler_and_koch_mp5_fire_distant": {
        "sounds": [
            {
                "name": "modern_guns:shoot/heckler_and_koch_mp5_fire_distant",
                "stream": false
            }
        ]
    },
    "heckler_and_koch_mp5_reload": {
        "sounds": [
            {
                "name": "modern_guns:reload/heckler_and_koch_mp5_reload",
                "stream": true
            }
        ]
    },
    "remington_870_fire": {
        "sounds": [
            {
                "name": "modern_guns:shoot/remington_870_fire",
                "stream": false
            }
        ]
    },
    "remington_870_fire_distant": {
        "sounds": [
            {
                "name": "modern_guns:shoot/remington_870_fire_distant",
                "stream": false
            }
        ]
    },
    "remington_870_reload": {
        "sounds": [
            {
                "name": "modern_guns:reload/remington_870_reload",
                "stream": true
            }
        ]
    },
    "springfield_m1a_fire": {
        "sounds": [
            {
                "name": "modern_guns:shoot/springfield_m1a_fire",
                "stream": false
            }
        ]
    },
    "springfield_m1a_fire_distant": {
        "sounds": [
            {
                "name": "modern_guns:shoot/springfield_m1a_fire_distant",
                "stream": false
            }
        ]
    },
    "springfield_m1a_reload": {
        "sounds": [
            {
                "name": "modern_guns:reload/springfield_m1a_reload",
                "stream": true
            }
        ]
    },
    "desert_eagle_fire": {
        "sounds": [
            {
                "name": "modern_guns:shoot/desert_eagle_fire",
                "stream": false
            }
        ]
    },
    "desert_eagle_fire_distant": {
        "sounds": [
            {
                "name": "modern_guns:shoot/desert_eagle_fire_distant",
                "stream": false
            }
        ]
    },
    "desert_eagle_reload": {
        "sounds": [
            {
                "name": "modern_guns:reload/desert_eagle_reload",
                "stream": true
            }
        ]
    },
    "fn_scar_fire": {
        "sounds": [
            {
                "name": "modern_guns:shoot/fn_scar_fire",
                "stream": false
            }
        ]
    },
    "fn_scar_fire_distant": {
        "sounds": [
            {
                "name": "modern_guns:shoot/fn_scar_fire_distant",
                "stream": false
            }
        ]
    },
    "fn_scar_reload": {
        "sounds": [
            {
                "name": "modern_guns:reload/fn_scar_reload",
                "stream": true
            }
        ]
    },
    "p90_fire": {
        "sounds": [
            {
                "name": "modern_guns:shoot/p90_fire",
                "stream": false
            }
        ]
    },
    "p90_fire_distant": {
        "sounds": [
            {
                "name": "modern_guns:shoot/p90_fire_distant",
                "stream": false
            }
        ]
    },
    "p90_reload": {
        "sounds": [
            {
                "name": "modern_guns:reload/p90_reload",
                "stream": true
            }
        ]
    },
    "spas_12_fire": {
        "sounds": [
            {
                "name": "modern_guns:shoot/spas_12_fire",
                "stream": false
            }
        ]
    },
    "spas_12_fire_distant": {
        "sounds": [
            {
                "name": "modern_guns:shoot/spas_12_fire_distant",
                "stream": false
            }
        ]
    },
    "spas_12_reload": {
        "sounds": [
            {
                "name": "modern_guns:reload/spas_12_reload",
                "stream": true
            }
        ]
    },
    "barrett_m82_fire": {
        "sounds": [
            {
                "name": "modern_guns:shoot/barrett_m82_fire",
                "stream": false
            }
        ]
    },
    "barrett_m82_fire_distant": {
        "sounds": [
            {
                "name": "modern_guns:shoot/barrett_m82_fire_distant",
                "stream": false
            }
        ]
    },
    "barrett_m82_reload": {
        "sounds": [
            {
                "name": "modern_guns:reload/barrett_m82_reload",
                "stream": true
            }
        ]
    },
    "smith_and_wesson_model_29_fire": {
        "sounds": [
            {
                "name": "modern_guns:shoot/smith_and_wesson_model_29_fire",
                "stream": false
            }
        ]
    },
    "smith_and_wesson_model_29_fire_distant": {
        "sounds": [
            {
                "name": "modern_guns:shoot/smith_and_wesson_model_29_fire_distant",
                "stream": false
            }
        ]
    },
    "colt_python_fire": {
        "sounds": [
            {
                "name": "modern_guns:shoot/colt_python_fire",
                "stream": false
            }
        ]
    },
    "colt_python_fire_distant": {
        "sounds": [
            {
                "name": "modern_guns:shoot/colt_python_fire_distant",
                "stream": false
            }
        ]
    },
    "revolver_reload": {
        "sounds": [
            {
                "name": "modern_guns:reload/revolver_reload",
                "stream": true
            }
        ]
    },
    "rocket_fire": {
        "sounds": [
            {
                "name": "modern_guns:shoot/rocket_fire",
                "stream": true
            }
        ]
    },
    "rocket_fire_distant": {
        "sounds": [
            {
                "name": "modern_guns:shoot/rocket_fire_distant",
                "stream": true
            }
        ]
    },
    "heavy_reload": {
        "sounds": [
            {
                "name": "modern_guns:reload/heavy_reload",
                "stream": true
            }
        ]
    },
    "grenade_launcher_fire": {
        "sounds": [
            {
                "name": "modern_guns:shoot/grenade_launcher_fire1",
                "stream": false
            },
            {
                "name": "modern_guns:shoot/grenade_launcher_fire2",
                "stream": false
            }
        ]
    },
    "grenade_launcher_fire_distant": {
        "sounds": [
            {
                "name": "modern_guns:shoot/grenade_launcher_fire_distant",
                "stream": false
            }
        ]
    },
    "grenade_launcher_reload": {
        "sounds": [
            {
                "name": "modern_guns:reload/grenade_launcher_reload1",
                "stream": false
            },
            {
                "name": "modern_guns:reload/grenade_launcher_reload2",
                "stream": false
            },
            {
                "name": "modern_guns:reload/grenade_launcher_reload3",
                "stream": false
            },
            {
                "name": "modern_guns:reload/grenade_launcher_reload4",
                "stream": false
            }
        ]
    },
    "shot1_distant_fire": {
        "sounds": [
            {
                "name": "modern_guns:distant_shoot/shot1_distant_fire1",
                "stream": false
            },
            {
                "name": "modern_guns:distant_shoot/shot1_distant_fire2",
                "stream": false
            },
            {
                "name": "modern_guns:distant_shoot/shot1_distant_fire3",
                "stream": false
            }
        ]
    },
    "shot2_distant_fire": {
        "sounds": [
            {
                "name": "modern_guns:distant_shoot/shot2_distant_fire1",
                "stream": false
            },
            {
                "name": "modern_guns:distant_shoot/shot2_distant_fire2",
                "stream": false
            },
            {
                "name": "modern_guns:distant_shoot/shot2_distant_fire3",
                "stream": false
            },
            {
                "name": "modern_guns:distant_shoot/shot2_distant_fire4",
                "stream": false
            }
        ]
    },
    "rocket_distant_fire": {
        "sounds": [
            {
                "name": "modern_guns:distant_shoot/rocket_distant_fire1",
                "stream": false
            },
            {
                "name": "modern_guns:distant_shoot/rocket_distant_fire2",
                "stream": false
            },
            {
                "name": "modern_guns:distant_shoot/rocket_distant_fire3",
                "stream": false
            }
        ]
    }
}