{
    "sources" : [
        {
            "type":"directory",
            "source":"3d",
            "prefix":"3d/"
        },
        {
            "type":"directory",
            "source":"blocks",
            "prefix":"blocks/"
        },
        {
            "type":"directory",
            "source":"defusal",
            "prefix":"defusal/"
        },
        {
            "type":"directory",
            "source":"custom",
            "prefix":"custom/"
        },
        {
            "type":"directory",
            "source":"gravitygun",
            "prefix":"gravitygun/"
        },
        {
            "type":"directory",
            "source":"guns",
            "prefix":"guns/"
        },
        {
            "type":"directory",
            "source":"items",
            "prefix":"items/"
        }
    ]
}